app_name,domain,day,reviews,neg_reviews,pos_reviews,issue_crash_bugs_stability,issue_payment_refund,issue_delivery_delay,issue_order_quality_fulfillment,issue_cancellation_return,issue_customer_support,issue_account_login_otp,issue_pricing_charges_fraud,issue_ui_ux_update,mean_rating,mean_sentiment,neg_share,weekday,feed_gap,source_coverage,source_gap,neg_reviews_filled
Swiggy,Food & Grocery,2026-04-01,395,138,238,1,19,29,6,24,35,0,12,0,3.4582,0.1803,0.3494,Wed,False,1.0,False,138.0
Swiggy,Food & Grocery,2026-04-02,442,155,265,1,21,25,10,20,38,0,17,0,3.4412,0.1767,0.3507,Thu,False,1.0,False,155.0
Swiggy,Food & Grocery,2026-04-03,491,164,305,1,24,31,12,30,51,2,9,1,3.4868,0.1906,0.334,Fri,False,1.0,False,164.0
Swiggy,Food & Grocery,2026-04-04,472,155,297,2,15,27,8,16,43,3,17,0,3.536,0.1757,0.3284,Sat,False,1.0,False,155.0
Swiggy,Food & Grocery,2026-04-05,572,199,339,5,19,47,7,26,62,0,23,1,3.4091,0.1578,0.3479,Sun,False,1.0,False,199.0
Swiggy,Food & Grocery,2026-04-06,396,141,232,0,14,23,5,15,51,0,14,0,3.3914,0.1459,0.3561,Mon,False,1.0,False,141.0
Swiggy,Food & Grocery,2026-04-07,407,120,276,1,17,21,4,29,41,0,11,0,3.683,0.2162,0.2948,Tue,False,1.0,False,120.0
Swiggy,Food & Grocery,2026-04-08,420,159,239,0,19,26,11,25,49,1,21,1,3.3167,0.1789,0.3786,Wed,False,1.0,False,159.0
Swiggy,Food & Grocery,2026-04-09,428,131,282,6,16,26,11,24,34,2,19,2,3.6238,0.2218,0.3061,Thu,False,1.0,False,131.0
Swiggy,Food & Grocery,2026-04-10,478,147,314,3,21,18,4,21,37,0,12,0,3.6402,0.1981,0.3075,Fri,False,1.0,False,147.0
Swiggy,Food & Grocery,2026-04-11,541,178,341,1,20,35,6,32,48,2,22,3,3.536,0.186,0.329,Sat,False,1.0,False,178.0
Swiggy,Food & Grocery,2026-04-12,628,205,395,6,24,34,7,33,56,1,23,0,3.5637,0.1861,0.3264,Sun,False,1.0,False,205.0
Swiggy,Food & Grocery,2026-04-13,431,114,292,2,8,23,7,19,32,0,11,1,3.7239,0.2033,0.2645,Mon,False,1.0,False,114.0
Swiggy,Food & Grocery,2026-04-14,477,132,323,2,18,16,7,25,46,0,21,1,3.7149,0.209,0.2767,Tue,False,1.0,False,132.0
Swiggy,Food & Grocery,2026-04-15,443,168,261,5,18,32,12,28,51,0,14,0,3.3837,0.1372,0.3792,Wed,False,1.0,False,168.0
Swiggy,Food & Grocery,2026-04-16,425,175,234,5,14,31,7,26,51,1,15,1,3.2259,0.1273,0.4118,Thu,False,1.0,False,175.0
Swiggy,Food & Grocery,2026-04-17,426,146,267,2,15,26,4,19,45,0,10,0,3.5188,0.1787,0.3427,Fri,False,1.0,False,146.0
Swiggy,Food & Grocery,2026-04-18,507,193,298,1,25,37,9,33,61,0,18,1,3.3728,0.1367,0.3807,Sat,False,1.0,False,193.0
Swiggy,Food & Grocery,2026-04-19,627,217,385,1,24,36,12,33,69,5,19,1,3.4545,0.1523,0.3461,Sun,False,1.0,False,217.0
Swiggy,Food & Grocery,2026-04-20,405,159,227,3,19,28,8,17,40,3,9,0,3.279,0.1575,0.3926,Mon,False,1.0,False,159.0
Swiggy,Food & Grocery,2026-04-21,228,118,103,3,15,28,8,18,37,3,9,1,2.8246,0.0504,0.5175,Tue,True,1.0,False,118.0
Swiggy,Food & Grocery,2026-04-22,187,136,47,1,20,29,7,24,45,2,12,1,2.016,-0.1628,0.7273,Wed,True,1.0,False,136.0
Swiggy,Food & Grocery,2026-04-23,173,130,43,4,27,31,8,26,41,0,16,1,2.0231,-0.1938,0.7514,Thu,True,1.0,False,130.0
Swiggy,Food & Grocery,2026-04-24,182,152,29,5,20,21,12,35,45,1,13,0,1.6429,-0.2264,0.8352,Fri,True,1.0,False,152.0
Swiggy,Food & Grocery,2026-04-25,158,137,19,1,31,31,13,38,46,0,18,1,1.4937,-0.3165,0.8671,Sat,True,1.0,False,137.0
Swiggy,Food & Grocery,2026-04-26,174,156,17,0,22,35,8,29,53,1,16,1,1.4253,-0.322,0.8966,Sun,True,1.0,False,156.0
Swiggy,Food & Grocery,2026-04-27,132,121,9,1,13,29,4,29,40,0,10,0,1.3333,-0.3706,0.9167,Mon,True,1.0,False,121.0
Swiggy,Food & Grocery,2026-04-28,121,109,9,3,17,23,7,22,38,0,11,0,1.3388,-0.3731,0.9008,Tue,True,1.0,False,109.0
Swiggy,Food & Grocery,2026-04-29,165,151,11,4,24,31,11,27,53,0,14,1,1.3333,-0.335,0.9152,Wed,True,1.0,False,151.0
Swiggy,Food & Grocery,2026-04-30,161,151,7,3,17,39,4,23,47,2,14,0,1.236,-0.3648,0.9379,Thu,True,1.0,False,151.0
Swiggy,Food & Grocery,2026-05-01,173,155,16,2,20,35,10,32,68,0,13,0,1.4104,-0.3351,0.896,Fri,True,1.0,False,155.0
Swiggy,Food & Grocery,2026-05-02,150,129,19,2,20,25,2,25,61,1,12,0,1.5267,-0.3044,0.86,Sat,True,1.0,False,129.0
Swiggy,Food & Grocery,2026-05-03,204,146,57,2,22,32,1,38,49,1,14,0,2.1127,-0.1334,0.7157,Sun,True,1.0,False,146.0
Swiggy,Food & Grocery,2026-05-04,162,128,27,4,15,25,8,30,42,1,18,0,1.7593,-0.2431,0.7901,Mon,True,1.0,False,128.0
Swiggy,Food & Grocery,2026-05-05,160,114,44,1,12,30,1,19,38,2,8,0,2.125,-0.17,0.7125,Tue,True,1.0,False,114.0
Swiggy,Food & Grocery,2026-05-06,370,176,184,2,19,38,9,35,65,0,12,1,3.0,0.0375,0.4757,Wed,False,1.0,False,176.0
Swiggy,Food & Grocery,2026-05-07,434,169,248,5,23,30,5,31,58,2,8,1,3.3041,0.1215,0.3894,Thu,False,1.0,False,169.0
Swiggy,Food & Grocery,2026-05-08,477,164,298,2,14,29,8,25,44,0,11,3,3.4675,0.1758,0.3438,Fri,False,1.0,False,164.0
Swiggy,Food & Grocery,2026-05-09,539,179,342,3,19,32,10,22,47,0,13,1,3.5417,0.1852,0.3321,Sat,False,1.0,False,179.0
Swiggy,Food & Grocery,2026-05-10,895,294,556,6,40,71,17,54,91,2,32,3,3.4972,0.1741,0.3285,Sun,False,1.0,False,294.0
Swiggy,Food & Grocery,2026-05-11,453,157,282,1,24,34,7,25,53,1,16,1,3.4503,0.161,0.3466,Mon,False,1.0,False,157.0
Swiggy,Food & Grocery,2026-05-12,491,148,326,1,14,33,3,30,41,2,14,0,3.668,0.2007,0.3014,Tue,False,1.0,False,148.0
Swiggy,Food & Grocery,2026-05-13,471,161,296,1,15,38,7,27,40,0,17,0,3.4968,0.1793,0.3418,Wed,False,1.0,False,161.0
Swiggy,Food & Grocery,2026-05-14,489,179,294,5,25,37,8,39,57,3,18,0,3.411,0.1268,0.3661,Thu,False,1.0,False,179.0
Swiggy,Food & Grocery,2026-05-15,512,187,312,2,27,36,9,36,57,2,28,0,3.4355,0.1491,0.3652,Fri,False,1.0,False,187.0
Swiggy,Food & Grocery,2026-05-16,557,193,346,2,16,37,13,26,55,0,18,2,3.4614,0.1642,0.3465,Sat,False,1.0,False,193.0
Swiggy,Food & Grocery,2026-05-17,672,210,440,3,20,39,10,23,60,1,27,2,3.5789,0.186,0.3125,Sun,False,1.0,False,210.0
Swiggy,Food & Grocery,2026-05-18,498,181,300,1,21,39,6,25,54,0,15,0,3.4217,0.1643,0.3635,Mon,False,1.0,False,181.0
Swiggy,Food & Grocery,2026-05-19,447,143,287,1,13,16,10,19,39,1,21,0,3.5839,0.1749,0.3199,Tue,False,1.0,False,143.0
Swiggy,Food & Grocery,2026-05-20,477,149,309,4,16,31,9,28,43,3,15,0,3.5849,0.1678,0.3124,Wed,False,1.0,False,149.0
Swiggy,Food & Grocery,2026-05-21,510,185,305,5,20,36,7,28,55,2,18,1,3.4196,0.1347,0.3627,Thu,False,1.0,False,185.0
Swiggy,Food & Grocery,2026-05-22,462,172,271,2,20,27,10,26,41,2,15,1,3.355,0.1487,0.3723,Fri,False,1.0,False,172.0
Swiggy,Food & Grocery,2026-05-23,407,147,240,3,15,33,10,20,53,0,10,3,3.3759,0.1466,0.3612,Sat,False,1.0,False,147.0
Swiggy,Food & Grocery,2026-05-24,610,200,391,2,21,39,12,28,55,2,24,1,3.5574,0.1837,0.3279,Sun,False,1.0,False,200.0
Swiggy,Food & Grocery,2026-05-25,412,140,253,4,16,27,5,21,46,0,16,1,3.4782,0.1653,0.3398,Mon,False,1.0,False,140.0
Swiggy,Food & Grocery,2026-05-26,495,154,321,2,20,21,6,20,26,2,19,1,3.6182,0.1981,0.3111,Tue,False,1.0,False,154.0
Swiggy,Food & Grocery,2026-05-27,502,171,307,1,20,35,11,24,46,0,17,1,3.494,0.1645,0.3406,Wed,False,1.0,False,171.0
Swiggy,Food & Grocery,2026-05-28,539,182,325,6,21,33,13,27,52,1,19,1,3.4972,0.173,0.3377,Thu,False,1.0,False,182.0
Swiggy,Food & Grocery,2026-05-29,527,179,330,4,20,37,6,23,50,1,11,0,3.5161,0.1877,0.3397,Fri,False,1.0,False,179.0
Swiggy,Food & Grocery,2026-05-30,495,166,302,3,15,34,6,30,40,2,19,2,3.4747,0.1649,0.3354,Sat,False,1.0,False,166.0
Swiggy,Food & Grocery,2026-05-31,816,290,489,2,25,50,18,39,82,1,35,1,3.3922,0.1739,0.3554,Sun,False,1.0,False,290.0
Swiggy,Food & Grocery,2026-06-01,476,158,299,1,17,23,10,20,40,1,15,0,3.5483,0.1536,0.3319,Mon,False,1.0,False,158.0
Swiggy,Food & Grocery,2026-06-02,439,154,262,0,16,26,8,29,40,0,16,2,3.4442,0.154,0.3508,Tue,False,1.0,False,154.0
Swiggy,Food & Grocery,2026-06-03,441,124,305,3,11,15,5,20,30,1,10,0,3.7642,0.215,0.2812,Wed,False,1.0,False,124.0
Swiggy,Food & Grocery,2026-06-04,422,143,264,2,22,21,4,22,42,0,26,1,3.5095,0.1448,0.3389,Thu,False,1.0,False,143.0
Swiggy,Food & Grocery,2026-06-05,485,155,308,3,11,27,4,22,45,0,14,0,3.5629,0.1997,0.3196,Fri,False,1.0,False,155.0
Swiggy,Food & Grocery,2026-06-06,506,134,346,1,20,19,7,18,27,1,14,2,3.7767,0.2272,0.2648,Sat,False,1.0,False,134.0
Swiggy,Food & Grocery,2026-06-07,633,169,442,1,20,26,10,30,49,3,17,0,3.8009,0.2257,0.267,Sun,False,1.0,False,169.0
Swiggy,Food & Grocery,2026-06-08,440,134,285,5,14,24,6,20,35,1,10,1,3.6386,0.2008,0.3045,Mon,False,1.0,False,134.0
Swiggy,Food & Grocery,2026-06-09,448,137,291,1,18,21,8,25,32,0,16,0,3.6295,0.2332,0.3058,Tue,False,1.0,False,137.0
Swiggy,Food & Grocery,2026-06-10,439,139,283,1,22,27,11,26,43,1,15,0,3.5604,0.193,0.3166,Wed,False,1.0,False,139.0
Swiggy,Food & Grocery,2026-06-11,434,122,288,1,14,27,1,25,40,0,16,0,3.6982,0.2095,0.2811,Thu,False,1.0,False,122.0
Swiggy,Food & Grocery,2026-06-12,498,160,315,2,20,27,12,19,34,0,16,2,3.51,0.2022,0.3213,Fri,False,1.0,False,160.0
Swiggy,Food & Grocery,2026-06-13,500,164,309,1,8,29,6,25,41,0,20,0,3.518,0.1845,0.328,Sat,False,1.0,False,164.0
Swiggy,Food & Grocery,2026-06-14,599,178,398,3,14,21,5,27,44,0,18,3,3.6778,0.2335,0.2972,Sun,False,1.0,False,178.0
Swiggy,Food & Grocery,2026-06-15,420,135,274,3,13,35,8,26,41,1,13,0,3.6071,0.1814,0.3214,Mon,False,1.0,False,135.0
Swiggy,Food & Grocery,2026-06-16,392,115,262,1,8,19,10,15,34,0,12,2,3.699,0.2228,0.2934,Tue,False,1.0,False,115.0
Swiggy,Food & Grocery,2026-06-17,374,110,240,2,11,22,6,22,36,0,10,1,3.6471,0.2034,0.2941,Wed,False,1.0,False,110.0
Swiggy,Food & Grocery,2026-06-18,427,130,275,3,13,27,5,18,42,0,6,0,3.6183,0.2121,0.3044,Thu,False,1.0,False,130.0
Swiggy,Food & Grocery,2026-06-19,414,131,272,5,21,30,6,28,35,1,17,1,3.5918,0.1518,0.3164,Fri,False,1.0,False,131.0
Swiggy,Food & Grocery,2026-06-20,456,145,284,1,18,23,7,21,41,0,14,0,3.5417,0.214,0.318,Sat,False,1.0,False,145.0
Swiggy,Food & Grocery,2026-06-21,630,193,420,2,21,28,13,26,58,2,21,0,3.6571,0.187,0.3063,Sun,False,1.0,False,193.0
Swiggy,Food & Grocery,2026-06-22,359,116,228,4,11,16,8,19,27,1,8,0,3.5237,0.2077,0.3231,Mon,False,1.0,False,116.0
Swiggy,Food & Grocery,2026-06-23,386,113,258,0,11,23,3,14,36,0,9,0,3.6943,0.207,0.2927,Tue,False,1.0,False,113.0
Swiggy,Food & Grocery,2026-06-24,374,145,212,5,14,29,4,20,48,0,10,4,3.2674,0.1481,0.3877,Wed,False,1.0,False,145.0
Swiggy,Food & Grocery,2026-06-25,414,144,246,3,16,23,12,26,40,0,13,1,3.4227,0.17,0.3478,Thu,False,1.0,False,144.0
Swiggy,Food & Grocery,2026-06-26,429,154,257,1,20,30,10,18,50,0,23,1,3.4545,0.1247,0.359,Fri,False,1.0,False,154.0
Swiggy,Food & Grocery,2026-06-27,431,144,266,1,24,24,5,23,45,3,25,0,3.4896,0.1721,0.3341,Sat,False,1.0,False,144.0
Swiggy,Food & Grocery,2026-06-28,508,176,312,2,21,30,9,23,60,0,19,0,3.4783,0.158,0.3465,Sun,False,1.0,False,176.0
Swiggy,Food & Grocery,2026-06-29,396,136,248,3,24,20,11,14,52,1,19,0,3.4798,0.1814,0.3434,Mon,False,1.0,False,136.0
Swiggy,Food & Grocery,2026-06-30,414,142,253,3,16,15,9,22,42,1,13,0,3.471,0.1751,0.343,Tue,False,1.0,False,142.0
Swiggy,Food & Grocery,2026-07-01,402,142,244,3,21,28,12,17,52,0,12,0,3.4502,0.1396,0.3532,Wed,False,1.0,False,142.0
Swiggy,Food & Grocery,2026-07-02,344,107,222,3,14,20,10,16,33,0,5,0,3.5872,0.1815,0.311,Thu,False,1.0,False,107.0
Swiggy,Food & Grocery,2026-07-03,430,151,261,2,12,33,7,18,43,1,8,2,3.4512,0.1757,0.3512,Fri,False,1.0,False,151.0
Swiggy,Food & Grocery,2026-07-04,505,146,330,1,17,26,10,22,55,0,22,0,3.6396,0.1935,0.2891,Sat,False,1.0,False,146.0
Swiggy,Food & Grocery,2026-07-05,600,191,386,4,18,34,13,30,51,0,19,2,3.5883,0.1984,0.3183,Sun,False,1.0,False,191.0
Swiggy,Food & Grocery,2026-07-06,379,115,252,0,15,14,8,19,19,0,9,0,3.6675,0.184,0.3034,Mon,False,1.0,False,115.0
Swiggy,Food & Grocery,2026-07-07,387,120,250,3,15,16,7,16,44,1,17,1,3.5917,0.1841,0.3101,Tue,False,1.0,False,120.0
Swiggy,Food & Grocery,2026-07-08,459,150,286,2,21,26,12,32,36,1,23,1,3.5316,0.1689,0.3268,Wed,False,1.0,False,150.0
Swiggy,Food & Grocery,2026-07-09,463,149,288,1,24,20,6,24,40,0,13,0,3.527,0.1998,0.3218,Thu,False,1.0,False,149.0
Swiggy,Food & Grocery,2026-07-10,481,160,303,7,20,35,9,23,36,2,12,1,3.5405,0.1986,0.3326,Fri,False,1.0,False,160.0
Swiggy,Food & Grocery,2026-07-11,534,166,345,6,25,27,12,29,62,1,12,0,3.573,0.2021,0.3109,Sat,False,1.0,False,166.0
Swiggy,Food & Grocery,2026-07-12,612,189,398,1,22,38,9,27,41,2,21,2,3.6225,0.2116,0.3088,Sun,False,1.0,False,189.0
Swiggy,Food & Grocery,2026-07-13,411,119,277,2,22,21,13,17,24,2,18,0,3.6788,0.2156,0.2895,Mon,False,1.0,False,119.0
Swiggy,Food & Grocery,2026-07-14,390,112,271,1,10,21,8,16,29,0,15,0,3.7513,0.2093,0.2872,Tue,False,1.0,False,112.0
Swiggy,Food & Grocery,2026-07-15,420,141,261,4,15,29,13,23,41,0,10,0,3.5167,0.1901,0.3357,Wed,False,1.0,False,141.0
Swiggy,Food & Grocery,2026-07-16,474,142,310,4,19,26,6,26,44,1,10,0,3.6435,0.1681,0.2996,Thu,False,1.0,False,142.0
Swiggy,Food & Grocery,2026-07-17,428,130,281,2,19,23,12,10,29,0,11,1,3.6192,0.2083,0.3037,Fri,False,1.0,False,130.0
Swiggy,Food & Grocery,2026-07-18,478,134,322,4,17,29,7,20,38,1,18,1,3.7301,0.2115,0.2803,Sat,False,1.0,False,134.0
Swiggy,Food & Grocery,2026-07-19,534,155,363,3,21,25,14,25,45,0,21,1,3.6798,0.1982,0.2903,Sun,False,1.0,False,155.0
Swiggy,Food & Grocery,2026-07-20,392,118,258,4,12,17,5,15,33,1,14,0,3.6454,0.2122,0.301,Mon,False,1.0,False,118.0
Swiggy,Food & Grocery,2026-07-21,380,114,248,5,17,30,10,15,32,0,11,0,3.6158,0.2164,0.3,Tue,False,1.0,False,114.0
Swiggy,Food & Grocery,2026-07-22,425,140,267,7,17,28,5,24,49,1,15,1,3.5224,0.1769,0.3294,Wed,False,1.0,False,140.0
Swiggy,Food & Grocery,2026-07-23,497,210,268,3,19,17,8,19,35,1,15,0,3.161,0.0703,0.4225,Thu,False,1.0,False,210.0
Swiggy,Food & Grocery,2026-07-24,808,469,316,4,22,23,13,18,76,0,14,1,2.5718,-0.0212,0.5804,Fri,False,1.0,False,469.0
Swiggy,Food & Grocery,2026-07-25,553,244,296,5,17,27,6,23,42,3,8,0,3.1519,0.1049,0.4412,Sat,False,1.0,False,244.0
Swiggy,Food & Grocery,2026-07-26,541,163,357,2,23,26,11,21,32,0,16,1,3.6396,0.2081,0.3013,Sun,False,1.0,False,163.0
Swiggy,Food & Grocery,2026-07-27,395,125,253,4,15,28,8,20,34,0,13,1,3.5924,0.1911,0.3165,Mon,False,1.0,False,125.0
Swiggy,Food & Grocery,2026-07-28,386,114,251,4,13,21,7,14,31,1,13,0,3.6503,0.2054,0.2953,Tue,False,1.0,False,114.0
Swiggy,Food & Grocery,2026-07-29,378,112,251,2,9,15,7,18,30,2,12,1,3.6561,0.2028,0.2963,Wed,False,1.0,False,112.0
Swiggy,Food & Grocery,2026-07-30,324,90,214,0,5,14,2,11,22,0,7,0,3.6944,0.2052,0.2778,Thu,False,1.0,False,90.0
Swiggy,Food & Grocery,2026-07-31,460,130,307,4,15,21,8,26,31,0,19,0,3.6913,0.2046,0.2826,Fri,False,1.0,False,130.0
Swiggy,Food & Grocery,2026-08-01,431,156,255,5,19,28,6,19,39,1,21,0,3.3921,0.1437,0.3619,Sat,False,1.0,False,156.0
Swiggy,Food & Grocery,2026-08-02,549,192,340,4,19,33,11,30,46,1,23,0,3.4754,0.1644,0.3497,Sun,False,1.0,False,192.0
Swiggy,Food & Grocery,2026-08-03,357,131,207,7,15,19,6,18,29,0,15,1,3.3473,0.1861,0.3669,Mon,False,1.0,False,131.0
Swiggy,Food & Grocery,2026-08-04,445,198,229,2,8,20,6,25,26,1,22,0,3.0809,0.1105,0.4449,Tue,False,1.0,False,198.0
Swiggy,Food & Grocery,2026-08-05,389,155,215,2,17,19,5,19,46,0,16,3,3.2931,0.1197,0.3985,Wed,False,1.0,False,155.0
Swiggy,Food & Grocery,2026-08-06,363,122,231,4,16,18,5,18,26,0,9,0,3.5647,0.1833,0.3361,Thu,False,1.0,False,122.0
Swiggy,Food & Grocery,2026-08-07,318,113,188,7,14,13,7,13,30,0,10,1,3.3868,0.1966,0.3553,Fri,False,1.0,False,113.0
Swiggy,Food & Grocery,2026-08-08,404,142,237,2,14,25,3,22,31,1,22,0,3.4035,0.1731,0.3515,Sat,False,1.0,False,142.0
Swiggy,Food & Grocery,2026-08-09,470,197,247,7,19,28,9,18,49,0,20,3,3.1149,0.1215,0.4191,Sun,False,1.0,False,197.0
Swiggy,Food & Grocery,2026-08-10,370,143,214,1,16,24,4,20,38,0,17,3,3.3351,0.113,0.3865,Mon,False,1.0,False,143.0
Swiggy,Food & Grocery,2026-08-11,349,124,204,2,17,24,9,12,36,1,10,0,3.3897,0.1777,0.3553,Tue,False,1.0,False,124.0
Swiggy,Food & Grocery,2026-08-12,423,156,254,5,23,29,4,27,42,1,14,0,3.4019,0.1565,0.3688,Wed,False,1.0,False,156.0
Swiggy,Food & Grocery,2026-08-13,385,135,232,2,17,15,8,20,30,3,17,1,3.4649,0.1688,0.3506,Thu,False,1.0,False,135.0
Swiggy,Food & Grocery,2026-08-14,402,136,250,3,21,15,9,24,37,1,13,0,3.495,0.1864,0.3383,Fri,False,1.0,False,136.0
Swiggy,Food & Grocery,2026-08-15,618,163,429,4,21,23,6,24,50,3,10,2,3.7767,0.2312,0.2638,Sat,False,1.0,False,163.0
Swiggy,Food & Grocery,2026-08-16,536,191,320,2,25,36,17,31,63,2,18,0,3.3843,0.1611,0.3563,Sun,False,1.0,False,191.0
Swiggy,Food & Grocery,2026-08-17,337,106,219,2,17,20,4,10,37,1,12,1,3.5935,0.2184,0.3145,Mon,False,1.0,False,106.0
Swiggy,Food & Grocery,2026-08-18,329,137,181,2,21,22,16,24,42,1,16,0,3.2158,0.1169,0.4164,Tue,False,1.0,False,137.0
Swiggy,Food & Grocery,2026-08-19,363,118,226,3,12,15,6,10,25,3,11,2,3.5399,0.182,0.3251,Wed,False,1.0,False,118.0
Swiggy,Food & Grocery,2026-08-20,342,109,219,4,8,18,5,18,30,0,17,1,3.5936,0.1598,0.3187,Thu,False,1.0,False,109.0
Swiggy,Food & Grocery,2026-08-21,364,125,210,3,8,19,10,17,33,0,9,1,3.4148,0.1945,0.3434,Fri,False,1.0,False,125.0
Swiggy,Food & Grocery,2026-08-22,427,133,277,3,18,15,11,16,35,3,14,1,3.6159,0.206,0.3115,Sat,False,1.0,False,133.0
Swiggy,Food & Grocery,2026-08-23,549,165,361,5,21,28,19,22,35,0,16,1,3.6412,0.2129,0.3005,Sun,False,1.0,False,165.0
Swiggy,Food & Grocery,2026-08-24,331,105,218,2,11,18,8,18,32,0,12,2,3.6375,0.2119,0.3172,Mon,False,1.0,False,105.0
Swiggy,Food & Grocery,2026-08-25,309,98,197,1,11,17,1,11,20,0,12,0,3.5987,0.1861,0.3172,Tue,False,1.0,False,98.0
Swiggy,Food & Grocery,2026-08-26,370,125,229,5,20,21,14,18,35,0,5,0,3.5027,0.1616,0.3378,Wed,False,1.0,False,125.0
Swiggy,Food & Grocery,2026-08-27,391,143,229,7,8,12,4,16,38,0,14,2,3.3529,0.1887,0.3657,Thu,False,1.0,False,143.0
Swiggy,Food & Grocery,2026-08-28,531,191,313,3,19,33,10,26,51,2,13,2,3.4218,0.1717,0.3597,Fri,False,1.0,False,191.0
Swiggy,Food & Grocery,2026-08-29,431,150,262,3,22,31,8,30,48,2,16,0,3.4733,0.1724,0.348,Sat,False,1.0,False,150.0
Swiggy,Food & Grocery,2026-08-30,542,177,342,4,17,30,15,20,47,3,17,0,3.5646,0.1643,0.3266,Sun,False,1.0,False,177.0
Swiggy,Food & Grocery,2026-08-31,357,122,218,2,22,17,8,21,39,1,12,0,3.4874,0.1641,0.3417,Mon,False,1.0,False,122.0
Swiggy,Food & Grocery,2026-09-01,394,136,238,4,19,24,11,17,34,1,17,0,3.4492,0.1483,0.3452,Tue,False,1.0,False,136.0
Swiggy,Food & Grocery,2026-09-02,430,146,263,3,10,25,5,19,42,2,16,1,3.4814,0.2234,0.3395,Wed,False,1.0,False,146.0
Swiggy,Food & Grocery,2026-09-03,397,136,243,2,21,33,7,24,44,0,13,0,3.4761,0.1798,0.3426,Thu,False,1.0,False,136.0
Swiggy,Food & Grocery,2026-09-04,465,149,298,2,14,25,11,16,45,1,17,0,3.6,0.2005,0.3204,Fri,False,1.0,False,149.0
Swiggy,Food & Grocery,2026-09-05,497,169,318,2,17,21,7,24,54,2,24,2,3.5211,0.1489,0.34,Sat,False,1.0,False,169.0
Swiggy,Food & Grocery,2026-09-06,490,156,312,2,13,23,7,19,40,1,14,1,3.5469,0.1795,0.3184,Sun,False,1.0,False,156.0
Swiggy,Food & Grocery,2026-09-07,360,114,229,4,12,22,6,15,38,2,13,2,3.5917,0.1745,0.3167,Mon,False,1.0,False,114.0
Swiggy,Food & Grocery,2026-09-08,409,128,262,3,21,20,4,23,36,0,10,0,3.5575,0.1743,0.313,Tue,False,1.0,False,128.0
Swiggy,Food & Grocery,2026-09-09,404,127,260,3,9,18,11,19,32,0,17,1,3.5965,0.1909,0.3144,Wed,False,1.0,False,127.0
Swiggy,Food & Grocery,2026-09-10,362,114,233,1,11,18,4,16,31,0,12,1,3.6215,0.2005,0.3149,Thu,False,1.0,False,114.0
Swiggy,Food & Grocery,2026-09-11,464,132,311,5,14,20,8,20,31,1,14,0,3.7069,0.2179,0.2845,Fri,False,1.0,False,132.0
Swiggy,Food & Grocery,2026-09-12,452,144,289,2,20,29,11,20,39,0,17,0,3.5575,0.1756,0.3186,Sat,False,1.0,False,144.0
Swiggy,Food & Grocery,2026-09-13,568,178,371,4,24,34,11,29,48,0,10,0,3.6109,0.183,0.3134,Sun,False,1.0,False,178.0
Swiggy,Food & Grocery,2026-09-14,475,147,316,2,11,26,9,17,30,0,10,1,3.6232,0.221,0.3095,Mon,False,1.0,False,147.0
Swiggy,Food & Grocery,2026-09-15,404,132,257,1,19,20,4,25,51,1,8,2,3.5718,0.1549,0.3267,Tue,False,1.0,False,132.0
Swiggy,Food & Grocery,2026-09-16,386,133,240,1,14,27,8,21,33,4,10,3,3.5155,0.1503,0.3446,Wed,False,1.0,False,133.0
Swiggy,Food & Grocery,2026-09-17,366,124,226,1,18,18,10,25,41,1,12,0,3.5027,0.172,0.3388,Thu,False,1.0,False,124.0
Swiggy,Food & Grocery,2026-09-18,388,129,241,4,22,24,11,19,33,1,14,0,3.5206,0.1673,0.3325,Fri,False,1.0,False,129.0
Swiggy,Food & Grocery,2026-09-19,414,124,273,2,12,12,6,15,29,1,12,1,3.6787,0.2264,0.2995,Sat,False,1.0,False,124.0
Swiggy,Food & Grocery,2026-09-20,509,164,319,2,18,22,7,23,43,3,23,1,3.5422,0.1648,0.3222,Sun,False,1.0,False,164.0
Zomato,Food & Grocery,2026-04-01,1241,152,1031,3,12,29,5,16,33,0,13,3,4.3014,0.346,0.1225,Wed,False,1.0,False,152.0
Zomato,Food & Grocery,2026-04-02,1317,162,1092,3,11,21,4,8,25,0,28,1,4.2923,0.3544,0.123,Thu,False,1.0,False,162.0
Zomato,Food & Grocery,2026-04-03,1382,182,1147,0,10,29,2,12,30,0,29,0,4.2981,0.3544,0.1317,Fri,False,1.0,False,182.0
Zomato,Food & Grocery,2026-04-04,1314,193,1053,3,11,39,10,16,32,1,27,0,4.1887,0.3373,0.1469,Sat,False,1.0,False,193.0
Zomato,Food & Grocery,2026-04-05,1571,204,1295,2,14,40,6,13,36,0,23,2,4.2712,0.3567,0.1299,Sun,False,1.0,False,204.0
Zomato,Food & Grocery,2026-04-06,1210,192,965,1,11,18,8,11,29,1,17,0,4.1736,0.3489,0.1587,Mon,False,1.0,False,192.0
Zomato,Food & Grocery,2026-04-07,1332,232,1042,0,12,30,5,8,36,0,21,2,4.1194,0.3291,0.1742,Tue,False,1.0,False,232.0
Zomato,Food & Grocery,2026-04-08,1271,191,1042,0,11,28,4,11,32,0,19,4,4.2258,0.3381,0.1503,Wed,False,1.0,False,191.0
Zomato,Food & Grocery,2026-04-09,1206,164,1009,0,10,31,4,12,26,0,12,0,4.2894,0.364,0.136,Thu,False,1.0,False,164.0
Zomato,Food & Grocery,2026-04-10,1196,174,970,2,13,24,3,7,36,2,21,1,4.2232,0.347,0.1455,Fri,False,1.0,False,174.0
Zomato,Food & Grocery,2026-04-11,1319,194,1064,6,16,35,7,18,37,0,16,1,4.2017,0.3398,0.1471,Sat,False,1.0,False,194.0
Zomato,Food & Grocery,2026-04-12,1666,247,1359,1,20,39,10,19,47,1,29,4,4.2281,0.3427,0.1483,Sun,False,1.0,False,247.0
Zomato,Food & Grocery,2026-04-13,1091,165,887,2,11,32,5,12,34,2,22,2,4.2062,0.3372,0.1512,Mon,False,1.0,False,165.0
Zomato,Food & Grocery,2026-04-14,1392,200,1134,2,8,22,9,11,34,0,21,1,4.2277,0.3616,0.1437,Tue,False,1.0,False,200.0
Zomato,Food & Grocery,2026-04-15,1278,182,1045,2,11,24,5,18,41,0,15,0,4.2418,0.3417,0.1424,Wed,False,1.0,False,182.0
Zomato,Food & Grocery,2026-04-16,1144,154,945,1,12,28,7,10,31,0,17,0,4.2745,0.343,0.1346,Thu,False,1.0,False,154.0
Zomato,Food & Grocery,2026-04-17,1260,187,1038,1,19,34,8,17,40,2,30,1,4.2341,0.3417,0.1484,Fri,False,1.0,False,187.0
Zomato,Food & Grocery,2026-04-18,1331,167,1106,3,7,33,7,7,41,0,14,0,4.2765,0.3567,0.1255,Sat,False,1.0,False,167.0
Zomato,Food & Grocery,2026-04-19,1575,233,1290,4,17,39,6,16,50,0,21,2,4.2267,0.3466,0.1479,Sun,False,1.0,False,233.0
Zomato,Food & Grocery,2026-04-20,1116,156,905,3,13,27,4,12,35,1,20,0,4.2312,0.3356,0.1398,Mon,False,1.0,False,156.0
Zomato,Food & Grocery,2026-04-21,847,132,685,1,14,27,6,15,41,0,12,1,4.1995,0.3399,0.1558,Tue,False,1.0,False,132.0
Zomato,Food & Grocery,2026-04-22,744,131,591,2,16,21,8,10,35,0,17,0,4.1411,0.3317,0.1761,Wed,False,1.0,False,131.0
Zomato,Food & Grocery,2026-04-23,765,102,643,1,15,26,4,16,40,0,8,1,4.2758,0.3491,0.1333,Thu,False,1.0,False,102.0
Zomato,Food & Grocery,2026-04-24,760,111,625,4,12,26,8,14,33,0,8,2,4.2289,0.3372,0.1461,Fri,False,1.0,False,111.0
Zomato,Food & Grocery,2026-04-25,793,134,638,2,23,32,12,17,35,0,15,0,4.1185,0.3123,0.169,Sat,False,1.0,False,134.0
Zomato,Food & Grocery,2026-04-26,963,153,785,5,23,41,10,21,41,0,23,1,4.1796,0.3231,0.1589,Sun,False,1.0,False,153.0
Zomato,Food & Grocery,2026-04-27,838,135,680,2,14,23,7,11,29,0,17,3,4.1742,0.3259,0.1611,Mon,False,1.0,False,135.0
Zomato,Food & Grocery,2026-04-28,823,114,673,2,14,23,8,9,26,0,15,0,4.2211,0.3534,0.1385,Tue,False,1.0,False,114.0
Zomato,Food & Grocery,2026-04-29,964,126,803,2,13,30,7,18,32,1,12,2,4.2624,0.3443,0.1307,Wed,False,1.0,False,126.0
Zomato,Food & Grocery,2026-04-30,979,148,794,7,21,39,9,17,41,0,21,3,4.1879,0.3182,0.1512,Thu,False,1.0,False,148.0
Zomato,Food & Grocery,2026-05-01,1070,118,919,2,15,28,5,18,37,1,22,1,4.3449,0.3719,0.1103,Fri,False,1.0,False,118.0
Zomato,Food & Grocery,2026-05-02,1011,121,862,1,18,38,10,18,39,1,22,1,4.3274,0.3519,0.1197,Sat,False,1.0,False,121.0
Zomato,Food & Grocery,2026-05-03,1296,159,1097,1,25,46,14,18,61,0,21,2,4.2901,0.3614,0.1227,Sun,False,1.0,False,159.0
Zomato,Food & Grocery,2026-05-04,897,116,748,2,15,31,5,14,33,0,14,1,4.2687,0.3515,0.1293,Mon,False,1.0,False,116.0
Zomato,Food & Grocery,2026-05-05,1044,125,886,3,10,28,9,13,40,0,14,3,4.3113,0.344,0.1197,Tue,False,1.0,False,125.0
Zomato,Food & Grocery,2026-05-06,1186,147,989,1,12,37,8,12,31,0,20,1,4.2917,0.3634,0.1239,Wed,False,1.0,False,147.0
Zomato,Food & Grocery,2026-05-07,1362,185,1128,3,15,38,10,21,46,0,25,3,4.2687,0.3358,0.1358,Thu,False,1.0,False,185.0
Zomato,Food & Grocery,2026-05-08,1406,207,1149,4,13,37,9,12,47,0,26,2,4.2262,0.3489,0.1472,Fri,False,1.0,False,207.0
Zomato,Food & Grocery,2026-05-09,1464,220,1177,0,14,47,6,14,60,1,30,2,4.1974,0.3326,0.1503,Sat,False,1.0,False,220.0
Zomato,Food & Grocery,2026-05-10,1882,292,1509,4,30,68,22,35,70,2,32,3,4.1828,0.3275,0.1552,Sun,False,1.0,False,292.0
Zomato,Food & Grocery,2026-05-11,1407,188,1160,5,14,25,8,10,39,1,23,1,4.2658,0.3502,0.1336,Mon,False,1.0,False,188.0
Zomato,Food & Grocery,2026-05-12,684,152,511,3,19,23,10,13,47,0,17,1,3.9518,0.2847,0.2222,Tue,False,1.0,False,152.0
Zomato,Food & Grocery,2026-05-13,493,151,328,4,21,31,8,11,44,0,21,1,3.6998,0.193,0.3063,Wed,False,1.0,False,151.0
Zomato,Food & Grocery,2026-05-14,453,138,301,0,21,24,11,14,38,0,21,3,3.6556,0.2254,0.3046,Thu,False,1.0,False,138.0
Zomato,Food & Grocery,2026-05-15,448,127,309,3,19,29,7,21,45,0,11,0,3.7277,0.2208,0.2835,Fri,False,1.0,False,127.0
Zomato,Food & Grocery,2026-05-16,542,142,388,2,22,34,10,20,54,0,12,0,3.8524,0.26,0.262,Sat,False,1.0,False,142.0
Zomato,Food & Grocery,2026-05-17,639,170,460,1,28,36,15,20,64,0,23,0,3.8451,0.2409,0.266,Sun,False,1.0,False,170.0
Zomato,Food & Grocery,2026-05-18,502,113,377,0,17,16,7,11,34,0,17,0,3.9701,0.2769,0.2251,Mon,False,1.0,False,113.0
Zomato,Food & Grocery,2026-05-19,585,108,464,2,11,19,8,10,28,0,14,0,4.1282,0.3005,0.1846,Tue,False,1.0,False,108.0
Zomato,Food & Grocery,2026-05-20,1379,199,1133,6,22,32,13,14,47,1,25,3,4.2437,0.3326,0.1443,Wed,False,1.0,False,199.0
Zomato,Food & Grocery,2026-05-21,1265,190,1029,1,19,23,6,15,47,0,17,0,4.2285,0.3388,0.1502,Thu,False,1.0,False,190.0
Zomato,Food & Grocery,2026-05-22,1318,196,1061,4,26,42,11,14,62,0,22,1,4.2155,0.3245,0.1487,Fri,False,1.0,False,196.0
Zomato,Food & Grocery,2026-05-23,1106,158,899,1,15,23,9,11,47,1,12,3,4.2315,0.3312,0.1429,Sat,False,1.0,False,158.0
Zomato,Food & Grocery,2026-05-24,1547,234,1237,1,19,34,13,26,60,0,34,1,4.1713,0.3362,0.1513,Sun,False,1.0,False,234.0
Zomato,Food & Grocery,2026-05-25,1179,160,961,2,14,39,10,13,44,0,24,3,4.2604,0.328,0.1357,Mon,False,1.0,False,160.0
Zomato,Food & Grocery,2026-05-26,1236,203,975,3,20,41,7,19,41,1,18,1,4.1529,0.3238,0.1642,Tue,False,1.0,False,203.0
Zomato,Food & Grocery,2026-05-27,1198,189,964,1,23,37,14,17,54,0,17,2,4.1795,0.3211,0.1578,Wed,False,1.0,False,189.0
Zomato,Food & Grocery,2026-05-28,1451,222,1174,1,27,33,14,26,50,1,18,2,4.2047,0.3421,0.153,Thu,False,1.0,False,222.0
Zomato,Food & Grocery,2026-05-29,1299,217,1025,2,16,45,10,18,49,0,34,2,4.1139,0.31,0.1671,Fri,False,1.0,False,217.0
Zomato,Food & Grocery,2026-05-30,1333,201,1069,2,16,35,13,11,51,1,27,4,4.1838,0.3409,0.1508,Sat,False,1.0,False,201.0
Zomato,Food & Grocery,2026-05-31,1653,249,1336,2,16,39,17,19,57,1,26,1,4.1942,0.3357,0.1506,Sun,False,1.0,False,249.0
Zomato,Food & Grocery,2026-06-01,1233,177,988,3,18,39,16,17,50,0,20,3,4.1971,0.333,0.1436,Mon,False,1.0,False,177.0
Zomato,Food & Grocery,2026-06-02,1257,180,1038,3,23,37,14,11,42,0,19,4,4.2697,0.3474,0.1432,Tue,False,1.0,False,180.0
Zomato,Food & Grocery,2026-06-03,1333,169,1109,4,23,32,9,12,40,0,27,1,4.2926,0.3421,0.1268,Wed,False,1.0,False,169.0
Zomato,Food & Grocery,2026-06-04,1331,173,1103,1,11,34,10,11,47,0,29,0,4.2727,0.3296,0.13,Thu,False,1.0,False,173.0
Zomato,Food & Grocery,2026-06-05,879,201,627,0,26,31,11,21,54,0,14,2,3.8714,0.2897,0.2287,Fri,False,1.0,False,201.0
Zomato,Food & Grocery,2026-06-06,915,197,669,2,23,33,8,10,54,0,14,0,3.9475,0.2716,0.2153,Sat,False,1.0,False,197.0
Zomato,Food & Grocery,2026-06-07,1114,242,812,7,22,44,8,26,65,0,25,0,3.947,0.2709,0.2172,Sun,False,1.0,False,242.0
Zomato,Food & Grocery,2026-06-08,768,184,559,4,28,34,9,18,42,0,27,0,3.9102,0.2611,0.2396,Mon,False,1.0,False,184.0
Zomato,Food & Grocery,2026-06-09,841,180,618,2,22,24,7,16,45,0,18,0,3.9596,0.2846,0.214,Tue,False,1.0,False,180.0
Zomato,Food & Grocery,2026-06-10,883,196,640,3,19,35,10,16,48,0,22,1,3.9241,0.2658,0.222,Wed,False,1.0,False,196.0
Zomato,Food & Grocery,2026-06-11,792,173,577,2,8,18,4,16,36,0,19,1,3.9356,0.2654,0.2184,Thu,False,1.0,False,173.0
Zomato,Food & Grocery,2026-06-12,857,192,629,5,16,23,7,11,36,0,22,1,3.9475,0.2866,0.224,Fri,False,1.0,False,192.0
Zomato,Food & Grocery,2026-06-13,860,189,627,2,11,31,11,11,45,1,27,1,3.9407,0.2871,0.2198,Sat,False,1.0,False,189.0
Zomato,Food & Grocery,2026-06-14,1070,218,803,1,22,39,11,13,62,1,29,0,4.0,0.2974,0.2037,Sun,False,1.0,False,218.0
Zomato,Food & Grocery,2026-06-15,779,154,595,1,9,25,5,14,40,0,14,0,4.0411,0.2823,0.1977,Mon,False,1.0,False,154.0
Zomato,Food & Grocery,2026-06-16,724,156,538,2,12,15,15,17,48,0,19,0,3.9848,0.2981,0.2155,Tue,False,1.0,False,156.0
Zomato,Food & Grocery,2026-06-17,707,155,525,1,15,26,14,7,37,1,10,0,3.9788,0.2896,0.2192,Wed,False,1.0,False,155.0
Zomato,Food & Grocery,2026-06-18,682,145,514,2,18,19,5,8,31,0,20,1,4.0132,0.2886,0.2126,Thu,False,1.0,False,145.0
Zomato,Food & Grocery,2026-06-19,753,170,556,3,18,32,6,21,36,0,12,0,3.9416,0.2743,0.2258,Fri,False,1.0,False,170.0
Zomato,Food & Grocery,2026-06-20,788,169,586,1,20,27,9,14,42,0,15,0,3.9949,0.2746,0.2145,Sat,False,1.0,False,169.0
Zomato,Food & Grocery,2026-06-21,1034,255,723,7,28,57,17,29,75,2,20,0,3.8269,0.2516,0.2466,Sun,False,1.0,False,255.0
Zomato,Food & Grocery,2026-06-22,613,114,467,2,13,14,9,13,24,0,18,0,4.0555,0.3006,0.186,Mon,False,1.0,False,114.0
Zomato,Food & Grocery,2026-06-23,711,153,523,3,11,26,11,9,33,1,20,0,3.9733,0.2792,0.2152,Tue,False,1.0,False,153.0
Zomato,Food & Grocery,2026-06-24,707,143,535,2,7,30,4,11,37,0,15,0,4.0269,0.2855,0.2023,Wed,False,1.0,False,143.0
Zomato,Food & Grocery,2026-06-25,785,160,583,0,11,26,14,10,41,0,19,1,3.9822,0.2971,0.2038,Thu,False,1.0,False,160.0
Zomato,Food & Grocery,2026-06-26,865,177,646,1,12,26,11,11,34,0,17,0,3.9908,0.2766,0.2046,Fri,False,1.0,False,177.0
Zomato,Food & Grocery,2026-06-27,805,161,614,1,9,22,9,16,30,1,14,1,4.0497,0.3002,0.2,Sat,False,1.0,False,161.0
Zomato,Food & Grocery,2026-06-28,890,191,641,3,17,35,12,14,52,0,16,0,3.9202,0.2829,0.2146,Sun,False,1.0,False,191.0
Zomato,Food & Grocery,2026-06-29,651,146,473,2,11,18,9,12,40,0,15,2,3.9263,0.2855,0.2243,Mon,False,1.0,False,146.0
Zomato,Food & Grocery,2026-06-30,670,130,513,0,17,28,5,9,30,0,16,0,4.0463,0.3048,0.194,Tue,False,1.0,False,130.0
Zomato,Food & Grocery,2026-07-01,759,156,566,0,15,29,8,12,38,0,13,0,3.9908,0.2842,0.2055,Wed,False,1.0,False,156.0
Zomato,Food & Grocery,2026-07-02,693,133,519,0,12,22,10,9,28,0,15,0,4.0418,0.2798,0.1919,Thu,False,1.0,False,133.0
Zomato,Food & Grocery,2026-07-03,726,156,544,1,14,30,11,13,40,0,13,0,3.9725,0.2789,0.2149,Fri,False,1.0,False,156.0
Zomato,Food & Grocery,2026-07-04,720,171,506,1,21,27,9,11,45,0,17,1,3.8458,0.2619,0.2375,Sat,False,1.0,False,171.0
Zomato,Food & Grocery,2026-07-05,922,213,673,5,17,43,16,20,54,1,22,0,3.9241,0.2542,0.231,Sun,False,1.0,False,213.0
Zomato,Food & Grocery,2026-07-06,644,119,506,2,8,17,7,6,23,0,16,0,4.118,0.3089,0.1848,Mon,False,1.0,False,119.0
Zomato,Food & Grocery,2026-07-07,699,160,503,2,20,25,10,18,37,0,9,0,3.9113,0.2739,0.2289,Tue,False,1.0,False,160.0
Zomato,Food & Grocery,2026-07-08,764,149,580,2,15,29,4,17,35,1,17,1,4.0406,0.2956,0.195,Wed,False,1.0,False,149.0
Zomato,Food & Grocery,2026-07-09,710,151,523,0,14,19,5,9,30,0,21,1,3.9859,0.2935,0.2127,Thu,False,1.0,False,151.0
Zomato,Food & Grocery,2026-07-10,756,185,541,4,16,31,10,17,38,1,23,1,3.8571,0.2513,0.2447,Fri,False,1.0,False,185.0
Zomato,Food & Grocery,2026-07-11,813,187,591,3,15,32,13,19,43,0,19,0,3.9225,0.2612,0.23,Sat,False,1.0,False,187.0
Zomato,Food & Grocery,2026-07-12,946,221,682,4,20,36,10,25,45,1,21,0,3.9006,0.2843,0.2336,Sun,False,1.0,False,221.0
Zomato,Food & Grocery,2026-07-13,665,136,491,2,17,18,7,20,40,0,13,1,4.0015,0.288,0.2045,Mon,False,1.0,False,136.0
Zomato,Food & Grocery,2026-07-14,636,120,496,0,11,24,9,10,29,1,19,0,4.0881,0.2925,0.1887,Tue,False,1.0,False,120.0
Zomato,Food & Grocery,2026-07-15,688,165,490,2,16,24,11,22,43,0,26,1,3.8677,0.2564,0.2398,Wed,False,1.0,False,165.0
Zomato,Food & Grocery,2026-07-16,643,143,473,2,8,19,14,11,35,0,13,0,3.9658,0.2849,0.2224,Thu,False,1.0,False,143.0
Zomato,Food & Grocery,2026-07-17,667,137,489,4,13,24,6,12,27,0,8,1,3.9955,0.2965,0.2054,Fri,False,1.0,False,137.0
Zomato,Food & Grocery,2026-07-18,720,160,523,3,9,17,10,7,36,0,19,2,3.9431,0.2718,0.2222,Sat,False,1.0,False,160.0
Zomato,Food & Grocery,2026-07-19,843,172,628,1,16,21,18,14,34,0,18,1,3.9988,0.2873,0.204,Sun,False,1.0,False,172.0
Zomato,Food & Grocery,2026-07-20,614,136,455,3,13,24,7,13,29,0,13,0,3.9674,0.2783,0.2215,Mon,False,1.0,False,136.0
Zomato,Food & Grocery,2026-07-21,587,97,471,1,8,13,3,11,25,0,11,0,4.1772,0.2993,0.1652,Tue,False,1.0,False,97.0
Zomato,Food & Grocery,2026-07-22,645,148,468,2,16,28,10,11,43,1,15,1,3.8946,0.2622,0.2295,Wed,False,1.0,False,148.0
Zomato,Food & Grocery,2026-07-23,141,22,106,0,1,2,2,1,4,0,1,0,4.1064,0.3102,0.156,Thu,False,0.917,True,22.0
Zomato,Food & Grocery,2026-07-24,0,0,0,0,0,0,0,0,0,0,0,0,,,,Fri,False,0.0,True,165.5
Zomato,Food & Grocery,2026-07-25,599,180,387,1,7,17,4,6,28,1,7,0,3.6327,0.1893,0.3005,Sat,False,0.479,True,180.0
Zomato,Food & Grocery,2026-07-26,870,189,642,3,13,32,3,11,35,0,17,2,3.954,0.2756,0.2172,Sun,False,1.0,False,189.0
Zomato,Food & Grocery,2026-07-27,610,132,451,2,10,24,2,12,28,1,17,0,3.9656,0.2723,0.2164,Mon,False,1.0,False,132.0
Zomato,Food & Grocery,2026-07-28,661,149,477,2,10,29,8,14,32,0,8,1,3.9077,0.2634,0.2254,Tue,False,1.0,False,149.0
Zomato,Food & Grocery,2026-07-29,629,129,474,0,14,22,6,8,25,1,13,2,4.0207,0.2926,0.2051,Wed,False,1.0,False,129.0
Zomato,Food & Grocery,2026-07-30,641,127,485,0,11,24,5,6,22,0,12,0,4.0406,0.2962,0.1981,Thu,False,1.0,False,127.0
Zomato,Food & Grocery,2026-07-31,753,165,556,1,18,32,9,16,39,1,23,2,3.9721,0.2673,0.2191,Fri,False,1.0,False,165.0
Zomato,Food & Grocery,2026-08-01,776,175,559,1,15,32,7,11,40,0,22,0,3.9381,0.2696,0.2255,Sat,False,1.0,False,175.0
Zomato,Food & Grocery,2026-08-02,942,223,669,3,22,39,6,21,49,1,31,1,3.8556,0.2719,0.2367,Sun,False,1.0,False,223.0
Zomato,Food & Grocery,2026-08-03,653,167,457,2,9,25,7,5,32,1,17,3,3.8392,0.2569,0.2557,Mon,False,1.0,False,167.0
Zomato,Food & Grocery,2026-08-04,716,143,546,1,16,23,8,14,43,1,18,1,4.0251,0.2993,0.1997,Tue,False,1.0,False,143.0
Zomato,Food & Grocery,2026-08-05,709,163,504,2,11,29,6,14,42,1,16,1,3.8829,0.2797,0.2299,Wed,False,1.0,False,163.0
Zomato,Food & Grocery,2026-08-06,532,131,374,0,10,30,7,11,23,0,14,0,3.8195,0.2464,0.2462,Thu,False,1.0,False,131.0
Zomato,Food & Grocery,2026-08-07,579,175,379,1,13,29,8,11,40,1,20,0,3.6045,0.2359,0.3022,Fri,False,1.0,False,175.0
Zomato,Food & Grocery,2026-08-08,757,218,508,1,14,47,13,16,54,1,30,1,3.6684,0.2172,0.288,Sat,False,1.0,False,218.0
Zomato,Food & Grocery,2026-08-09,784,237,511,3,16,42,18,12,66,2,20,1,3.5931,0.2177,0.3023,Sun,False,1.0,False,237.0
Zomato,Food & Grocery,2026-08-10,659,155,464,2,14,29,8,11,42,0,15,1,3.8437,0.2621,0.2352,Mon,False,1.0,False,155.0
Zomato,Food & Grocery,2026-08-11,751,154,546,1,8,28,5,14,31,0,11,0,3.9667,0.2831,0.2051,Tue,False,1.0,False,154.0
Zomato,Food & Grocery,2026-08-12,672,149,494,0,14,20,7,13,39,1,12,0,3.9286,0.2961,0.2217,Wed,False,1.0,False,149.0
Zomato,Food & Grocery,2026-08-13,711,156,529,4,18,29,6,11,41,0,20,1,3.9761,0.2663,0.2194,Thu,False,1.0,False,156.0
Zomato,Food & Grocery,2026-08-14,685,165,490,1,14,21,9,8,35,1,7,2,3.8672,0.2577,0.2409,Fri,False,1.0,False,165.0
Zomato,Food & Grocery,2026-08-15,993,206,733,1,20,38,7,17,48,0,23,0,3.9738,0.2727,0.2075,Sat,False,1.0,False,206.0
Zomato,Food & Grocery,2026-08-16,933,210,671,5,28,34,9,17,57,2,21,0,3.9089,0.2723,0.2251,Sun,False,1.0,False,210.0
Zomato,Food & Grocery,2026-08-17,630,141,460,2,7,24,7,10,30,0,16,1,3.927,0.2689,0.2238,Mon,False,1.0,False,141.0
Zomato,Food & Grocery,2026-08-18,644,153,465,2,16,29,10,10,41,0,18,0,3.9037,0.2782,0.2376,Tue,False,1.0,False,153.0
Zomato,Food & Grocery,2026-08-19,617,146,450,1,10,24,9,9,36,0,16,1,3.9028,0.2584,0.2366,Wed,False,1.0,False,146.0
Zomato,Food & Grocery,2026-08-20,584,140,420,3,11,16,5,9,29,0,16,0,3.875,0.271,0.2397,Thu,False,1.0,False,140.0
Zomato,Food & Grocery,2026-08-21,629,144,454,2,19,22,11,15,37,0,13,0,3.9157,0.2713,0.2289,Fri,False,1.0,False,144.0
Zomato,Food & Grocery,2026-08-22,656,162,466,2,10,21,10,11,37,0,14,1,3.8674,0.2592,0.247,Sat,False,1.0,False,162.0
Zomato,Food & Grocery,2026-08-23,808,206,576,3,25,31,18,18,50,0,21,0,3.8453,0.2476,0.255,Sun,False,1.0,False,206.0
Zomato,Food & Grocery,2026-08-24,559,122,417,2,5,13,7,10,32,0,12,0,3.9714,0.2766,0.2182,Mon,False,1.0,False,122.0
Zomato,Food & Grocery,2026-08-25,588,131,432,2,14,15,6,7,25,0,12,1,3.9184,0.2934,0.2228,Tue,False,1.0,False,131.0
Zomato,Food & Grocery,2026-08-26,620,133,449,2,19,14,5,17,31,1,9,0,3.9468,0.2662,0.2145,Wed,False,1.0,False,133.0
Zomato,Food & Grocery,2026-08-27,544,127,393,1,11,26,9,9,37,2,18,1,3.9081,0.2631,0.2335,Thu,False,1.0,False,127.0
Zomato,Food & Grocery,2026-08-28,827,199,585,0,18,25,12,14,48,0,24,0,3.8585,0.2527,0.2406,Fri,False,1.0,False,199.0
Zomato,Food & Grocery,2026-08-29,732,172,525,2,14,23,12,13,37,0,17,0,3.8784,0.2622,0.235,Sat,False,1.0,False,172.0
Zomato,Food & Grocery,2026-08-30,836,185,624,3,12,28,5,14,49,1,16,1,3.9713,0.2729,0.2213,Sun,False,1.0,False,185.0
Zomato,Food & Grocery,2026-08-31,547,124,385,1,10,18,9,8,32,0,10,0,3.8775,0.274,0.2267,Mon,False,1.0,False,124.0
Zomato,Food & Grocery,2026-09-01,565,127,406,0,9,21,7,7,39,0,13,1,3.915,0.2619,0.2248,Tue,False,1.0,False,127.0
Zomato,Food & Grocery,2026-09-02,640,134,471,2,11,23,4,10,34,1,10,1,3.9641,0.2729,0.2094,Wed,False,1.0,False,134.0
Zomato,Food & Grocery,2026-09-03,688,170,483,2,14,29,6,7,42,0,21,1,3.8372,0.2582,0.2471,Thu,False,1.0,False,170.0
Zomato,Food & Grocery,2026-09-04,701,154,516,1,12,22,9,17,33,0,9,0,3.9586,0.2699,0.2197,Fri,False,1.0,False,154.0
Zomato,Food & Grocery,2026-09-05,714,189,489,1,24,40,13,17,32,0,16,1,3.7563,0.2331,0.2647,Sat,False,1.0,False,189.0
Zomato,Food & Grocery,2026-09-06,840,198,604,1,13,38,11,12,48,0,16,0,3.8821,0.2626,0.2357,Sun,False,1.0,False,198.0
Zomato,Food & Grocery,2026-09-07,583,144,410,1,16,20,8,11,38,3,20,0,3.8576,0.2513,0.247,Mon,False,1.0,False,144.0
Zomato,Food & Grocery,2026-09-08,636,137,464,0,13,27,4,11,32,0,10,0,3.9387,0.2625,0.2154,Tue,False,1.0,False,137.0
Zomato,Food & Grocery,2026-09-09,588,156,410,3,9,23,10,8,40,1,26,1,3.7925,0.2259,0.2653,Wed,False,1.0,False,156.0
Zomato,Food & Grocery,2026-09-10,576,140,409,0,13,20,2,10,34,0,8,1,3.8594,0.2446,0.2431,Thu,False,1.0,False,140.0
Zomato,Food & Grocery,2026-09-11,646,163,460,0,12,24,5,9,41,0,18,1,3.8359,0.241,0.2523,Fri,False,1.0,False,163.0
Zomato,Food & Grocery,2026-09-12,680,189,458,0,16,27,14,13,50,1,21,1,3.7279,0.2062,0.2779,Sat,False,1.0,False,189.0
Zomato,Food & Grocery,2026-09-13,766,178,550,1,15,28,13,12,49,3,19,0,3.8995,0.2399,0.2324,Sun,False,1.0,False,178.0
Zomato,Food & Grocery,2026-09-14,655,167,456,3,17,33,13,13,38,1,20,0,3.8046,0.2375,0.255,Mon,False,1.0,False,167.0
Zomato,Food & Grocery,2026-09-15,536,124,389,2,9,19,9,12,33,0,12,1,3.8899,0.269,0.2313,Tue,False,1.0,False,124.0
Zomato,Food & Grocery,2026-09-16,505,117,363,2,14,18,6,8,33,0,10,1,3.9089,0.2429,0.2317,Wed,False,1.0,False,117.0
Zomato,Food & Grocery,2026-09-17,548,120,395,2,10,13,3,10,26,0,9,1,3.9197,0.2733,0.219,Thu,False,1.0,False,120.0
Zomato,Food & Grocery,2026-09-18,555,125,402,0,18,14,8,10,28,0,20,0,3.9207,0.2456,0.2252,Fri,False,1.0,False,125.0
Zomato,Food & Grocery,2026-09-19,611,136,444,1,13,14,9,5,24,1,16,1,3.9214,0.2524,0.2226,Sat,False,1.0,False,136.0
Zomato,Food & Grocery,2026-09-20,770,157,568,1,14,27,6,15,29,0,18,0,3.9818,0.2816,0.2039,Sun,False,1.0,False,157.0
Blinkit,Food & Grocery,2026-04-01,1285,231,1004,4,13,38,11,19,21,0,14,2,4.1105,0.3144,0.1798,Wed,False,1.0,False,231.0
Blinkit,Food & Grocery,2026-04-02,1173,221,909,4,12,32,7,22,15,1,18,2,4.0938,0.309,0.1884,Thu,False,1.0,False,221.0
Blinkit,Food & Grocery,2026-04-03,1316,219,1051,2,13,36,12,20,31,0,19,1,4.1702,0.3202,0.1664,Fri,False,1.0,False,219.0
Blinkit,Food & Grocery,2026-04-04,1319,228,1028,4,20,34,12,29,33,0,19,1,4.1319,0.3185,0.1729,Sat,False,1.0,False,228.0
Blinkit,Food & Grocery,2026-04-05,1455,255,1134,4,28,37,19,31,39,0,16,0,4.1388,0.3219,0.1753,Sun,False,1.0,False,255.0
Blinkit,Food & Grocery,2026-04-06,1142,199,898,0,17,31,9,18,28,0,24,1,4.134,0.3017,0.1743,Mon,False,1.0,False,199.0
Blinkit,Food & Grocery,2026-04-07,1209,204,948,3,14,26,15,22,37,0,16,2,4.153,0.3163,0.1687,Tue,False,1.0,False,204.0
Blinkit,Food & Grocery,2026-04-08,1279,223,1005,3,12,31,14,19,34,0,19,1,4.129,0.3029,0.1744,Wed,False,1.0,False,223.0
Blinkit,Food & Grocery,2026-04-09,1233,207,976,3,14,33,14,25,33,0,24,1,4.1573,0.3225,0.1679,Thu,False,1.0,False,207.0
Blinkit,Food & Grocery,2026-04-10,1150,207,897,5,14,34,15,15,26,1,14,3,4.0913,0.318,0.18,Fri,False,1.0,False,207.0
Blinkit,Food & Grocery,2026-04-11,1209,220,948,2,11,44,15,21,30,0,16,1,4.1216,0.304,0.182,Sat,False,1.0,False,220.0
Blinkit,Food & Grocery,2026-04-12,1524,251,1222,2,22,40,10,32,38,1,21,0,4.1903,0.3201,0.1647,Sun,False,1.0,False,251.0
Blinkit,Food & Grocery,2026-04-13,1125,205,871,3,12,32,15,19,28,0,11,1,4.1058,0.2928,0.1822,Mon,False,1.0,False,205.0
Blinkit,Food & Grocery,2026-04-14,1358,259,1032,5,18,40,7,24,38,0,19,1,4.0552,0.3051,0.1907,Tue,False,1.0,False,259.0
Blinkit,Food & Grocery,2026-04-15,1242,244,949,2,13,34,10,19,26,2,18,0,4.0604,0.3092,0.1965,Wed,False,1.0,False,244.0
Blinkit,Food & Grocery,2026-04-16,1130,182,890,1,15,30,14,16,36,1,12,0,4.1558,0.318,0.1611,Thu,False,1.0,False,182.0
Blinkit,Food & Grocery,2026-04-17,1149,218,883,6,17,30,15,23,41,0,13,1,4.0705,0.3149,0.1897,Fri,False,1.0,False,218.0
Blinkit,Food & Grocery,2026-04-18,1167,229,899,2,11,41,18,36,39,1,19,0,4.0668,0.2981,0.1962,Sat,False,1.0,False,229.0
Blinkit,Food & Grocery,2026-04-19,1483,281,1127,3,13,47,20,27,52,2,20,3,4.062,0.304,0.1895,Sun,False,1.0,False,281.0
Blinkit,Food & Grocery,2026-04-20,1131,216,864,2,11,37,13,18,25,0,10,1,4.084,0.3022,0.191,Mon,False,1.0,False,216.0
Blinkit,Food & Grocery,2026-04-21,803,213,557,2,20,42,12,20,32,0,17,0,3.7783,0.2429,0.2653,Tue,True,1.0,False,213.0
Blinkit,Food & Grocery,2026-04-22,684,187,465,1,9,41,11,23,31,0,19,1,3.7558,0.2443,0.2734,Wed,True,1.0,False,187.0
Blinkit,Food & Grocery,2026-04-23,660,206,434,4,6,35,13,20,25,0,14,3,3.6379,0.2026,0.3121,Thu,True,1.0,False,206.0
Blinkit,Food & Grocery,2026-04-24,594,204,361,1,16,42,12,25,37,1,17,0,3.5185,0.1849,0.3434,Fri,True,1.0,False,204.0
Blinkit,Food & Grocery,2026-04-25,550,196,338,1,15,36,13,28,26,0,15,2,3.4727,0.2082,0.3564,Sat,True,1.0,False,196.0
Blinkit,Food & Grocery,2026-04-26,678,235,420,3,19,37,20,35,45,0,23,1,3.5059,0.1717,0.3466,Sun,True,1.0,False,235.0
Blinkit,Food & Grocery,2026-04-27,594,222,350,5,21,46,7,24,31,1,17,0,3.3973,0.1601,0.3737,Mon,True,1.0,False,222.0
Blinkit,Food & Grocery,2026-04-28,578,201,360,3,18,38,10,25,39,1,12,1,3.5138,0.2081,0.3478,Tue,True,1.0,False,201.0
Blinkit,Food & Grocery,2026-04-29,569,193,355,3,7,35,6,24,36,0,16,0,3.5431,0.213,0.3392,Wed,True,1.0,False,193.0
Blinkit,Food & Grocery,2026-04-30,608,241,352,4,19,33,14,29,39,0,18,0,3.3569,0.1547,0.3964,Thu,True,1.0,False,241.0
Blinkit,Food & Grocery,2026-05-01,718,237,456,4,10,50,16,25,41,1,17,0,3.5752,0.1864,0.3301,Fri,True,1.0,False,237.0
Blinkit,Food & Grocery,2026-05-02,635,221,387,2,24,41,13,34,38,2,20,1,3.4787,0.1899,0.348,Sat,True,1.0,False,221.0
Blinkit,Food & Grocery,2026-05-03,801,222,551,2,20,37,15,32,39,1,27,0,3.7553,0.2386,0.2772,Sun,True,1.0,False,222.0
Blinkit,Food & Grocery,2026-05-04,635,193,421,4,13,38,11,18,22,0,16,1,3.6677,0.2161,0.3039,Mon,True,1.0,False,193.0
Blinkit,Food & Grocery,2026-05-05,653,219,411,7,17,39,13,34,43,0,18,1,3.5237,0.1994,0.3354,Tue,True,1.0,False,219.0
Blinkit,Food & Grocery,2026-05-06,1048,215,795,1,16,37,11,25,30,0,22,0,4.0277,0.289,0.2052,Wed,False,1.0,False,215.0
Blinkit,Food & Grocery,2026-05-07,1187,227,910,1,19,37,10,27,37,1,20,0,4.0783,0.3069,0.1912,Thu,False,1.0,False,227.0
Blinkit,Food & Grocery,2026-05-08,1245,230,964,2,17,38,10,17,26,0,22,1,4.102,0.3044,0.1847,Fri,False,1.0,False,230.0
Blinkit,Food & Grocery,2026-05-09,1461,238,1164,1,13,34,16,34,28,0,16,0,4.1588,0.3267,0.1629,Sat,False,1.0,False,238.0
Blinkit,Food & Grocery,2026-05-10,2063,376,1594,6,29,61,24,45,58,2,29,2,4.095,0.3045,0.1823,Sun,False,1.0,False,376.0
Blinkit,Food & Grocery,2026-05-11,1364,250,1062,0,19,40,15,29,24,1,20,1,4.0938,0.3048,0.1833,Mon,False,1.0,False,250.0
Blinkit,Food & Grocery,2026-05-12,1371,243,1069,4,19,40,14,19,43,0,20,3,4.1189,0.3009,0.1772,Tue,False,1.0,False,243.0
Blinkit,Food & Grocery,2026-05-13,1383,263,1071,2,14,46,15,29,39,0,22,0,4.0817,0.3031,0.1902,Wed,False,1.0,False,263.0
Blinkit,Food & Grocery,2026-05-14,1432,260,1113,4,12,46,8,27,30,0,17,1,4.1075,0.3174,0.1816,Thu,False,1.0,False,260.0
Blinkit,Food & Grocery,2026-05-15,1450,268,1106,3,17,33,12,25,44,0,16,3,4.0862,0.2911,0.1848,Fri,False,1.0,False,268.0
Blinkit,Food & Grocery,2026-05-16,1611,289,1247,5,25,45,20,31,40,2,27,1,4.0975,0.3234,0.1794,Sat,False,1.0,False,289.0
Blinkit,Food & Grocery,2026-05-17,2443,486,1854,7,18,82,32,49,57,0,33,3,4.0381,0.2984,0.1989,Sun,False,1.0,False,486.0
Blinkit,Food & Grocery,2026-05-18,2132,419,1627,4,23,48,18,27,51,2,28,4,4.0521,0.2954,0.1965,Mon,False,1.0,False,419.0
Blinkit,Food & Grocery,2026-05-19,1665,313,1272,3,19,53,17,26,39,1,15,3,4.0679,0.3016,0.188,Tue,False,1.0,False,313.0
Blinkit,Food & Grocery,2026-05-20,1609,316,1226,4,21,54,10,24,45,1,24,0,4.0392,0.2935,0.1964,Wed,False,1.0,False,316.0
Blinkit,Food & Grocery,2026-05-21,1508,274,1177,2,12,39,12,20,40,0,20,3,4.1101,0.2856,0.1817,Thu,False,1.0,False,274.0
Blinkit,Food & Grocery,2026-05-22,1504,278,1158,3,15,37,24,24,52,1,21,0,4.0785,0.3087,0.1848,Fri,False,1.0,False,278.0
Blinkit,Food & Grocery,2026-05-23,1443,273,1101,3,25,31,14,26,43,1,22,1,4.0707,0.3088,0.1892,Sat,False,1.0,False,273.0
Blinkit,Food & Grocery,2026-05-24,1930,324,1513,9,33,54,23,33,53,0,24,1,4.1332,0.3142,0.1679,Sun,False,1.0,False,324.0
Blinkit,Food & Grocery,2026-05-25,1464,264,1120,1,18,40,17,23,45,1,21,1,4.0915,0.321,0.1803,Mon,False,1.0,False,264.0
Blinkit,Food & Grocery,2026-05-26,1444,274,1109,0,22,41,19,25,31,1,27,2,4.0769,0.2894,0.1898,Tue,False,1.0,False,274.0
Blinkit,Food & Grocery,2026-05-27,1482,305,1115,4,27,34,20,31,29,0,24,0,4.0196,0.2913,0.2058,Wed,False,1.0,False,305.0
Blinkit,Food & Grocery,2026-05-28,1596,298,1244,8,32,44,17,34,46,0,30,3,4.1065,0.3015,0.1867,Thu,False,1.0,False,298.0
Blinkit,Food & Grocery,2026-05-29,1397,263,1068,5,18,35,15,20,42,0,22,1,4.058,0.3029,0.1883,Fri,False,1.0,False,263.0
Blinkit,Food & Grocery,2026-05-30,1362,280,1017,2,20,52,16,32,42,1,23,1,4.0037,0.2789,0.2056,Sat,False,1.0,False,280.0
Blinkit,Food & Grocery,2026-05-31,1793,373,1340,7,21,60,22,33,59,1,30,0,4.0006,0.2823,0.208,Sun,False,1.0,False,373.0
Blinkit,Food & Grocery,2026-06-01,1415,290,1053,1,22,49,14,29,41,0,13,2,3.9965,0.2965,0.2049,Mon,False,1.0,False,290.0
Blinkit,Food & Grocery,2026-06-02,1503,253,1176,6,20,34,15,38,30,0,18,2,4.1411,0.3107,0.1683,Tue,False,1.0,False,253.0
Blinkit,Food & Grocery,2026-06-03,1530,273,1200,4,26,46,16,32,40,0,18,0,4.1268,0.3136,0.1784,Wed,False,1.0,False,273.0
Blinkit,Food & Grocery,2026-06-04,1438,273,1101,3,19,53,15,30,38,2,26,0,4.073,0.3059,0.1898,Thu,False,1.0,False,273.0
Blinkit,Food & Grocery,2026-06-05,1350,249,1036,6,14,34,13,28,38,0,23,2,4.0904,0.3054,0.1844,Fri,False,1.0,False,249.0
Blinkit,Food & Grocery,2026-06-06,1534,280,1183,0,14,43,18,36,47,1,23,1,4.105,0.3241,0.1825,Sat,False,1.0,False,280.0
Blinkit,Food & Grocery,2026-06-07,1773,329,1376,4,28,46,31,35,51,0,20,2,4.0835,0.3014,0.1856,Sun,False,1.0,False,329.0
Blinkit,Food & Grocery,2026-06-08,1339,256,1021,4,17,41,19,27,44,0,18,3,4.0709,0.2903,0.1912,Mon,False,1.0,False,256.0
Blinkit,Food & Grocery,2026-06-09,1451,282,1113,4,17,42,14,34,40,1,26,1,4.0696,0.3008,0.1943,Tue,False,1.0,False,282.0
Blinkit,Food & Grocery,2026-06-10,1416,271,1067,3,24,55,16,37,42,0,18,2,4.0459,0.293,0.1914,Wed,False,1.0,False,271.0
Blinkit,Food & Grocery,2026-06-11,1432,250,1129,2,14,35,15,31,43,0,10,0,4.1355,0.3184,0.1746,Thu,False,1.0,False,250.0
Blinkit,Food & Grocery,2026-06-12,1401,253,1092,2,20,44,10,34,30,0,18,1,4.1121,0.3077,0.1806,Fri,False,1.0,False,253.0
Blinkit,Food & Grocery,2026-06-13,1439,279,1090,4,13,41,23,31,35,2,21,0,4.0549,0.3037,0.1939,Sat,False,1.0,False,279.0
Blinkit,Food & Grocery,2026-06-14,1657,318,1285,4,22,46,26,33,53,0,20,2,4.0899,0.3274,0.1919,Sun,False,1.0,False,318.0
Blinkit,Food & Grocery,2026-06-15,1303,226,1020,6,24,36,13,33,28,0,19,0,4.1366,0.311,0.1734,Mon,False,1.0,False,226.0
Blinkit,Food & Grocery,2026-06-16,1225,217,947,4,16,41,16,30,25,0,16,2,4.1167,0.3081,0.1771,Tue,False,1.0,False,217.0
Blinkit,Food & Grocery,2026-06-17,1315,254,995,4,17,50,18,27,48,1,25,1,4.0502,0.302,0.1932,Wed,False,1.0,False,254.0
Blinkit,Food & Grocery,2026-06-18,1260,219,976,4,15,41,14,18,43,0,17,0,4.1063,0.3085,0.1738,Thu,False,1.0,False,219.0
Blinkit,Food & Grocery,2026-06-19,1303,246,1006,1,23,34,15,35,47,1,18,0,4.0821,0.2934,0.1888,Fri,False,1.0,False,246.0
Blinkit,Food & Grocery,2026-06-20,1340,223,1062,1,10,36,14,30,32,1,28,1,4.1634,0.3157,0.1664,Sat,False,1.0,False,223.0
Blinkit,Food & Grocery,2026-06-21,1753,306,1380,3,21,61,19,51,41,0,23,0,4.1266,0.3048,0.1746,Sun,False,1.0,False,306.0
Blinkit,Food & Grocery,2026-06-22,1289,261,973,0,21,44,11,38,39,0,20,0,4.0326,0.2902,0.2025,Mon,False,1.0,False,261.0
Blinkit,Food & Grocery,2026-06-23,1291,245,992,3,26,26,19,33,42,0,24,0,4.0604,0.2996,0.1898,Tue,False,1.0,False,245.0
Blinkit,Food & Grocery,2026-06-24,1236,230,958,3,20,35,13,30,34,0,15,2,4.0906,0.3015,0.1861,Wed,False,1.0,False,230.0
Blinkit,Food & Grocery,2026-06-25,1251,224,981,2,13,44,14,28,31,0,17,0,4.1295,0.3049,0.1791,Thu,False,1.0,False,224.0
Blinkit,Food & Grocery,2026-06-26,1356,233,1066,3,20,34,15,34,34,1,15,2,4.1445,0.3158,0.1718,Fri,False,1.0,False,233.0
Blinkit,Food & Grocery,2026-06-27,1208,208,940,5,19,27,15,28,43,0,21,1,4.1349,0.3224,0.1722,Sat,False,1.0,False,208.0
Blinkit,Food & Grocery,2026-06-28,1472,263,1146,4,23,47,17,27,49,0,27,1,4.1026,0.3008,0.1787,Sun,False,1.0,False,263.0
Blinkit,Food & Grocery,2026-06-29,1192,212,936,3,13,38,24,27,31,0,21,1,4.1334,0.3128,0.1779,Mon,False,1.0,False,212.0
Blinkit,Food & Grocery,2026-06-30,1341,225,1046,3,23,41,13,33,30,0,14,0,4.1506,0.314,0.1678,Tue,False,1.0,False,225.0
Blinkit,Food & Grocery,2026-07-01,1392,258,1084,4,22,42,24,38,52,0,20,1,4.1099,0.3041,0.1853,Wed,False,1.0,False,258.0
Blinkit,Food & Grocery,2026-07-02,1367,260,1053,4,15,41,18,32,36,0,17,0,4.0856,0.3099,0.1902,Thu,False,1.0,False,260.0
Blinkit,Food & Grocery,2026-07-03,1482,329,1091,5,19,43,13,34,71,0,19,0,3.9447,0.2759,0.222,Fri,False,1.0,False,329.0
Blinkit,Food & Grocery,2026-07-04,1510,268,1187,4,17,48,22,27,39,4,20,1,4.1252,0.3259,0.1775,Sat,False,1.0,False,268.0
Blinkit,Food & Grocery,2026-07-05,1775,336,1361,6,28,45,24,45,46,1,33,0,4.0761,0.2915,0.1893,Sun,False,1.0,False,336.0
Blinkit,Food & Grocery,2026-07-06,1332,239,1029,5,22,31,18,31,36,0,18,1,4.1089,0.3214,0.1794,Mon,False,1.0,False,239.0
Blinkit,Food & Grocery,2026-07-07,1361,233,1077,8,23,39,14,24,32,0,21,2,4.1462,0.3065,0.1712,Tue,False,1.0,False,233.0
Blinkit,Food & Grocery,2026-07-08,1322,251,1010,2,17,42,16,34,40,0,20,1,4.0582,0.2948,0.1899,Wed,False,1.0,False,251.0
Blinkit,Food & Grocery,2026-07-09,1389,241,1089,4,25,32,17,27,42,1,20,1,4.1332,0.323,0.1735,Thu,False,1.0,False,241.0
Blinkit,Food & Grocery,2026-07-10,1397,254,1094,2,23,39,18,36,43,1,25,1,4.121,0.2933,0.1818,Fri,False,1.0,False,254.0
Blinkit,Food & Grocery,2026-07-11,1446,254,1127,4,22,33,18,25,45,0,17,2,4.1217,0.3038,0.1757,Sat,False,1.0,False,254.0
Blinkit,Food & Grocery,2026-07-12,1843,341,1440,9,22,60,23,51,59,0,22,0,4.1112,0.3118,0.185,Sun,False,1.0,False,341.0
Blinkit,Food & Grocery,2026-07-13,1339,222,1061,2,23,29,12,34,35,1,14,3,4.1688,0.3242,0.1658,Mon,False,1.0,False,222.0
Blinkit,Food & Grocery,2026-07-14,1393,238,1087,4,16,37,16,30,35,3,13,3,4.1335,0.3249,0.1709,Tue,False,1.0,False,238.0
Blinkit,Food & Grocery,2026-07-15,1282,221,1008,1,21,23,15,39,41,0,9,1,4.1357,0.3172,0.1724,Wed,False,1.0,False,221.0
Blinkit,Food & Grocery,2026-07-16,1344,277,1025,2,27,35,9,29,33,0,17,1,4.0432,0.2988,0.2061,Thu,False,1.0,False,277.0
Blinkit,Food & Grocery,2026-07-17,1249,204,991,0,22,32,16,42,38,0,14,4,4.1593,0.3205,0.1633,Fri,False,1.0,False,204.0
Blinkit,Food & Grocery,2026-07-18,1321,224,1042,2,22,29,26,41,44,1,19,0,4.1514,0.3056,0.1696,Sat,False,1.0,False,224.0
Blinkit,Food & Grocery,2026-07-19,1821,309,1419,1,22,49,19,46,60,2,23,1,4.1345,0.3165,0.1697,Sun,False,1.0,False,309.0
Blinkit,Food & Grocery,2026-07-20,1165,189,927,4,14,25,9,18,34,0,10,1,4.1906,0.3278,0.1622,Mon,False,1.0,False,189.0
Blinkit,Food & Grocery,2026-07-21,1237,176,1011,6,21,19,14,18,24,0,21,4,4.2522,0.3339,0.1423,Tue,False,1.0,False,176.0
Blinkit,Food & Grocery,2026-07-22,1137,187,913,3,12,25,12,16,28,1,15,0,4.1882,0.3107,0.1645,Wed,False,1.0,False,187.0
Blinkit,Food & Grocery,2026-07-23,1151,214,899,2,20,22,16,39,27,0,9,0,4.086,0.3009,0.1859,Thu,False,1.0,False,214.0
Blinkit,Food & Grocery,2026-07-24,1209,254,904,3,18,25,16,28,32,0,18,2,4.0025,0.2894,0.2101,Fri,False,1.0,False,254.0
Blinkit,Food & Grocery,2026-07-25,1228,212,961,1,21,31,15,25,38,1,15,0,4.1336,0.3267,0.1726,Sat,False,1.0,False,212.0
Blinkit,Food & Grocery,2026-07-26,1586,250,1264,1,10,45,14,26,40,0,23,1,4.1986,0.3294,0.1576,Sun,False,1.0,False,250.0
Blinkit,Food & Grocery,2026-07-27,1146,208,875,4,18,31,8,31,37,0,11,2,4.089,0.3087,0.1815,Mon,False,1.0,False,208.0
Blinkit,Food & Grocery,2026-07-28,1180,209,933,5,16,34,22,26,39,0,16,2,4.1254,0.2888,0.1771,Tue,False,1.0,False,209.0
Blinkit,Food & Grocery,2026-07-29,1186,196,937,2,17,30,12,32,35,0,15,0,4.1703,0.3142,0.1653,Wed,False,1.0,False,196.0
Blinkit,Food & Grocery,2026-07-30,1232,202,984,1,9,27,6,29,37,2,13,2,4.1753,0.3205,0.164,Thu,False,1.0,False,202.0
Blinkit,Food & Grocery,2026-07-31,1220,208,968,2,25,26,14,28,35,0,23,0,4.1639,0.3082,0.1705,Fri,False,1.0,False,208.0
Blinkit,Food & Grocery,2026-08-01,1336,216,1056,1,21,33,11,27,38,0,19,2,4.1699,0.313,0.1617,Sat,False,1.0,False,216.0
Blinkit,Food & Grocery,2026-08-02,1709,293,1354,6,24,44,22,35,31,1,29,0,4.1609,0.3216,0.1714,Sun,False,1.0,False,293.0
Blinkit,Food & Grocery,2026-08-03,1292,248,986,0,23,21,18,30,44,0,22,0,4.0851,0.2908,0.192,Mon,False,1.0,False,248.0
Blinkit,Food & Grocery,2026-08-04,1260,231,966,4,16,25,17,37,62,2,18,2,4.0873,0.3032,0.1833,Tue,False,1.0,False,231.0
Blinkit,Food & Grocery,2026-08-05,1268,232,984,5,23,38,15,35,46,2,17,1,4.1025,0.3009,0.183,Wed,False,1.0,False,232.0
Blinkit,Food & Grocery,2026-08-06,1285,234,985,1,17,32,19,33,34,0,21,2,4.0794,0.3,0.1821,Thu,False,1.0,False,234.0
Blinkit,Food & Grocery,2026-08-07,1118,205,872,2,18,30,12,23,38,0,21,1,4.1038,0.3145,0.1834,Fri,False,1.0,False,205.0
Blinkit,Food & Grocery,2026-08-08,1306,235,1031,3,25,39,20,43,35,2,18,1,4.1179,0.3099,0.1799,Sat,False,1.0,False,235.0
Blinkit,Food & Grocery,2026-08-09,1557,273,1216,4,18,48,16,29,49,1,22,3,4.1111,0.3235,0.1753,Sun,False,1.0,False,273.0
Blinkit,Food & Grocery,2026-08-10,1252,237,955,1,28,39,18,27,37,1,24,1,4.0519,0.2977,0.1893,Mon,False,1.0,False,237.0
Blinkit,Food & Grocery,2026-08-11,1316,232,1014,6,30,40,24,38,43,1,22,3,4.1011,0.3041,0.1763,Tue,False,1.0,False,232.0
Blinkit,Food & Grocery,2026-08-12,1252,234,966,1,18,31,22,41,39,0,27,0,4.095,0.3099,0.1869,Wed,False,1.0,False,234.0
Blinkit,Food & Grocery,2026-08-13,1274,252,961,2,22,33,17,31,41,1,24,1,4.0196,0.2944,0.1978,Thu,False,1.0,False,252.0
Blinkit,Food & Grocery,2026-08-14,1183,228,905,1,17,27,15,25,47,1,8,2,4.0482,0.2951,0.1927,Fri,False,1.0,False,228.0
Blinkit,Food & Grocery,2026-08-15,1469,270,1125,3,20,36,15,32,41,0,15,0,4.0933,0.3099,0.1838,Sat,False,1.0,False,270.0
Blinkit,Food & Grocery,2026-08-16,1519,305,1149,5,27,33,21,34,53,1,27,1,4.0303,0.3006,0.2008,Sun,False,1.0,False,305.0
Blinkit,Food & Grocery,2026-08-17,1265,242,974,4,10,38,19,28,36,0,18,2,4.0806,0.3003,0.1913,Mon,False,1.0,False,242.0
Blinkit,Food & Grocery,2026-08-18,1259,250,955,4,20,33,21,40,37,0,11,0,4.0445,0.3042,0.1986,Tue,False,1.0,False,250.0
Blinkit,Food & Grocery,2026-08-19,1286,238,992,3,24,27,16,29,37,1,11,1,4.0816,0.2986,0.1851,Wed,False,1.0,False,238.0
Blinkit,Food & Grocery,2026-08-20,1221,244,931,1,21,47,21,34,34,1,23,3,4.0581,0.2996,0.1998,Thu,False,1.0,False,244.0
Blinkit,Food & Grocery,2026-08-21,1228,240,941,2,27,29,23,49,47,0,20,0,4.0676,0.2862,0.1954,Fri,False,1.0,False,240.0
Blinkit,Food & Grocery,2026-08-22,1311,249,1010,6,20,33,22,25,41,1,20,1,4.077,0.2862,0.1899,Sat,False,1.0,False,249.0
Blinkit,Food & Grocery,2026-08-23,1583,295,1221,5,19,46,27,37,48,1,23,0,4.0802,0.3032,0.1864,Sun,False,1.0,False,295.0
Blinkit,Food & Grocery,2026-08-24,1273,257,963,5,20,42,19,30,37,1,23,0,4.0369,0.2827,0.2019,Mon,False,1.0,False,257.0
Blinkit,Food & Grocery,2026-08-25,1228,199,962,3,14,37,14,25,37,2,14,1,4.1604,0.3236,0.1621,Tue,False,1.0,False,199.0
Blinkit,Food & Grocery,2026-08-26,1545,281,1198,0,35,43,15,36,53,0,23,1,4.1081,0.3001,0.1819,Wed,False,1.0,False,281.0
Blinkit,Food & Grocery,2026-08-27,1774,348,1354,10,23,60,22,35,58,0,35,1,4.0462,0.3005,0.1962,Thu,False,1.0,False,348.0
Blinkit,Food & Grocery,2026-08-28,1815,387,1352,5,24,61,24,51,75,1,26,1,3.9796,0.2838,0.2132,Fri,False,1.0,False,387.0
Blinkit,Food & Grocery,2026-08-29,1229,247,925,6,13,30,15,29,35,0,20,0,4.0171,0.2815,0.201,Sat,False,1.0,False,247.0
Blinkit,Food & Grocery,2026-08-30,1572,297,1201,3,32,61,24,49,50,1,26,3,4.0662,0.3097,0.1889,Sun,False,1.0,False,297.0
Blinkit,Food & Grocery,2026-08-31,1174,205,920,3,17,29,9,33,35,1,23,0,4.1388,0.3228,0.1746,Mon,False,1.0,False,205.0
Blinkit,Food & Grocery,2026-09-01,1198,246,909,1,22,49,16,26,43,1,24,0,4.0175,0.2954,0.2053,Tue,False,1.0,False,246.0
Blinkit,Food & Grocery,2026-09-02,1316,259,1000,2,22,41,15,21,32,2,23,2,4.0464,0.2811,0.1968,Wed,False,1.0,False,259.0
Blinkit,Food & Grocery,2026-09-03,1312,237,1007,3,24,31,15,22,36,0,24,1,4.1128,0.2956,0.1806,Thu,False,1.0,False,237.0
Blinkit,Food & Grocery,2026-09-04,1616,309,1228,8,25,52,23,28,41,0,16,2,4.0619,0.2896,0.1912,Fri,False,1.0,False,309.0
Blinkit,Food & Grocery,2026-09-05,1264,265,935,8,22,37,18,39,51,0,19,0,3.9763,0.2676,0.2097,Sat,False,1.0,False,265.0
Blinkit,Food & Grocery,2026-09-06,1549,303,1187,4,28,37,25,36,56,0,21,1,4.0549,0.2843,0.1956,Sun,False,1.0,False,303.0
Blinkit,Food & Grocery,2026-09-07,1286,256,982,3,27,27,12,31,40,1,11,1,4.0793,0.2905,0.1991,Mon,False,1.0,False,256.0
Blinkit,Food & Grocery,2026-09-08,1347,239,1058,4,26,35,14,26,36,0,26,3,4.1307,0.2946,0.1774,Tue,False,1.0,False,239.0
Blinkit,Food & Grocery,2026-09-09,1362,256,1045,5,28,39,20,40,47,1,13,1,4.083,0.293,0.188,Wed,False,1.0,False,256.0
Blinkit,Food & Grocery,2026-09-10,1340,256,1024,3,24,37,17,31,46,2,22,1,4.0627,0.2933,0.191,Thu,False,1.0,False,256.0
Blinkit,Food & Grocery,2026-09-11,1387,261,1079,3,22,37,14,25,46,0,30,0,4.0829,0.2894,0.1882,Fri,False,1.0,False,261.0
Blinkit,Food & Grocery,2026-09-12,1438,262,1114,5,21,48,23,32,38,1,25,2,4.1064,0.2988,0.1822,Sat,False,1.0,False,262.0
Blinkit,Food & Grocery,2026-09-13,1751,321,1334,4,22,43,24,35,53,0,22,0,4.0765,0.2901,0.1833,Sun,False,1.0,False,321.0
Blinkit,Food & Grocery,2026-09-14,1479,288,1137,7,27,40,20,33,58,1,20,5,4.0669,0.2813,0.1947,Mon,False,1.0,False,288.0
Blinkit,Food & Grocery,2026-09-15,1245,263,921,2,25,35,21,33,44,0,24,0,3.9791,0.2649,0.2112,Tue,False,1.0,False,263.0
Blinkit,Food & Grocery,2026-09-16,1173,206,909,4,19,34,10,35,37,1,10,2,4.1202,0.3036,0.1756,Wed,False,1.0,False,206.0
Blinkit,Food & Grocery,2026-09-17,1271,248,970,3,22,38,17,41,49,0,19,0,4.0228,0.2817,0.1951,Thu,False,1.0,False,248.0
Blinkit,Food & Grocery,2026-09-18,1199,221,920,3,18,35,10,31,36,0,20,2,4.0851,0.2956,0.1843,Fri,False,1.0,False,221.0
Blinkit,Food & Grocery,2026-09-19,1186,208,929,3,17,36,18,32,38,1,14,0,4.1197,0.2992,0.1754,Sat,False,1.0,False,208.0
Blinkit,Food & Grocery,2026-09-20,1487,272,1155,4,16,39,26,34,33,2,28,1,4.0948,0.3046,0.1829,Sun,False,1.0,False,272.0
Domino's,Food & Grocery,2026-04-01,218,44,163,0,1,4,0,3,5,0,1,1,4.0321,0.2923,0.2018,Wed,False,1.0,False,44.0
Domino's,Food & Grocery,2026-04-02,261,52,192,0,3,8,0,2,7,0,2,0,4.0153,0.2994,0.1992,Thu,False,1.0,False,52.0
Domino's,Food & Grocery,2026-04-03,312,73,219,1,4,13,1,6,17,1,1,1,3.8494,0.2754,0.234,Fri,False,1.0,False,73.0
Domino's,Food & Grocery,2026-04-04,268,57,198,2,2,8,2,5,9,0,3,1,3.9813,0.2814,0.2127,Sat,False,1.0,False,57.0
Domino's,Food & Grocery,2026-04-05,296,56,226,4,6,9,3,3,10,0,1,2,4.0642,0.2895,0.1892,Sun,False,1.0,False,56.0
Domino's,Food & Grocery,2026-04-06,198,47,140,2,4,8,0,5,7,0,3,1,3.9293,0.2718,0.2374,Mon,False,1.0,False,47.0
Domino's,Food & Grocery,2026-04-07,247,66,177,3,4,5,0,8,8,0,2,1,3.8381,0.2477,0.2672,Tue,False,1.0,False,66.0
Domino's,Food & Grocery,2026-04-08,223,53,158,1,3,9,2,5,7,0,2,0,3.8879,0.2877,0.2377,Wed,False,1.0,False,53.0
Domino's,Food & Grocery,2026-04-09,246,69,169,1,3,7,3,6,12,0,4,1,3.7398,0.2429,0.2805,Thu,False,1.0,False,69.0
Domino's,Food & Grocery,2026-04-10,240,51,173,4,0,7,0,3,9,0,3,1,3.9458,0.2988,0.2125,Fri,False,1.0,False,51.0
Domino's,Food & Grocery,2026-04-11,271,61,200,2,0,13,2,5,10,1,1,1,3.9889,0.2562,0.2251,Sat,False,1.0,False,61.0
Domino's,Food & Grocery,2026-04-12,329,95,223,2,3,12,1,12,16,0,5,1,3.7295,0.2524,0.2888,Sun,False,1.0,False,95.0
Domino's,Food & Grocery,2026-04-13,246,68,169,3,3,6,0,7,11,1,4,0,3.7683,0.2676,0.2764,Mon,False,1.0,False,68.0
Domino's,Food & Grocery,2026-04-14,316,89,213,0,2,14,4,8,12,1,2,1,3.7373,0.2494,0.2816,Tue,False,1.0,False,89.0
Domino's,Food & Grocery,2026-04-15,260,78,173,2,3,12,0,7,6,0,4,0,3.6769,0.2232,0.3,Wed,False,1.0,False,78.0
Domino's,Food & Grocery,2026-04-16,212,58,148,0,2,9,1,4,9,1,4,2,3.7642,0.254,0.2736,Thu,False,1.0,False,58.0
Domino's,Food & Grocery,2026-04-17,212,62,138,4,5,8,3,7,8,0,4,0,3.6792,0.1977,0.2925,Fri,False,1.0,False,62.0
Domino's,Food & Grocery,2026-04-18,332,104,207,2,8,20,2,8,21,0,5,0,3.5452,0.1823,0.3133,Sat,False,1.0,False,104.0
Domino's,Food & Grocery,2026-04-19,304,87,207,1,4,14,2,5,12,2,11,0,3.7401,0.2225,0.2862,Sun,False,1.0,False,87.0
Domino's,Food & Grocery,2026-04-20,231,60,159,0,3,6,1,7,13,1,5,1,3.7922,0.2204,0.2597,Mon,False,1.0,False,60.0
Domino's,Food & Grocery,2026-04-21,123,36,85,0,2,4,0,2,4,0,1,0,3.748,0.2133,0.2927,Tue,True,1.0,False,36.0
Domino's,Food & Grocery,2026-04-22,94,41,53,1,1,8,3,1,7,0,0,0,3.2234,0.0342,0.4362,Wed,True,1.0,False,41.0
Domino's,Food & Grocery,2026-04-23,62,37,24,0,2,6,2,5,12,1,2,0,2.5968,-0.1585,0.5968,Thu,True,1.0,False,37.0
Domino's,Food & Grocery,2026-04-24,65,45,20,2,2,5,1,1,6,0,3,1,2.2154,-0.1505,0.6923,Fri,True,1.0,False,45.0
Domino's,Food & Grocery,2026-04-25,58,38,20,0,2,3,1,3,13,0,2,0,2.431,-0.0663,0.6552,Sat,True,1.0,False,38.0
Domino's,Food & Grocery,2026-04-26,73,49,22,1,3,5,2,8,10,0,6,0,2.3014,-0.1518,0.6712,Sun,True,1.0,False,49.0
Domino's,Food & Grocery,2026-04-27,51,33,16,2,5,6,1,3,8,0,0,0,2.3333,-0.1444,0.6471,Mon,True,1.0,False,33.0
Domino's,Food & Grocery,2026-04-28,46,28,18,1,1,5,1,1,6,0,1,0,2.5652,0.0205,0.6087,Tue,True,1.0,False,28.0
Domino's,Food & Grocery,2026-04-29,63,50,13,3,1,11,1,5,18,0,0,0,1.8413,-0.2674,0.7937,Wed,True,1.0,False,50.0
Domino's,Food & Grocery,2026-04-30,116,91,24,5,8,19,4,8,23,1,1,0,1.8448,-0.2287,0.7845,Thu,True,1.0,False,91.0
Domino's,Food & Grocery,2026-05-01,100,70,29,2,7,10,4,8,24,0,5,0,2.11,-0.2007,0.7,Fri,True,1.0,False,70.0
Domino's,Food & Grocery,2026-05-02,77,50,25,1,2,9,1,5,9,0,1,0,2.3506,-0.0942,0.6494,Sat,True,1.0,False,50.0
Domino's,Food & Grocery,2026-05-03,93,53,40,1,1,9,3,4,12,0,2,0,2.7312,-0.0197,0.5699,Sun,True,1.0,False,53.0
Domino's,Food & Grocery,2026-05-04,64,31,32,1,1,7,1,2,8,0,3,0,2.9844,-0.0103,0.4844,Mon,True,1.0,False,31.0
Domino's,Food & Grocery,2026-05-05,88,47,40,0,4,8,6,8,10,0,2,1,2.7955,-0.0014,0.5341,Tue,True,1.0,False,47.0
Domino's,Food & Grocery,2026-05-06,228,57,166,3,8,11,1,7,15,0,3,1,3.8596,0.2616,0.25,Wed,False,1.0,False,57.0
Domino's,Food & Grocery,2026-05-07,252,52,188,0,3,17,0,5,7,0,4,0,3.996,0.2829,0.2063,Thu,False,1.0,False,52.0
Domino's,Food & Grocery,2026-05-08,267,58,196,3,3,13,2,8,12,0,2,0,3.9476,0.2803,0.2172,Fri,False,1.0,False,58.0
Domino's,Food & Grocery,2026-05-09,310,81,220,1,2,12,1,8,15,1,4,0,3.8065,0.2619,0.2613,Sat,False,1.0,False,81.0
Domino's,Food & Grocery,2026-05-10,545,131,391,1,12,20,6,12,25,0,2,0,3.8716,0.2482,0.2404,Sun,False,1.0,False,131.0
Domino's,Food & Grocery,2026-05-11,274,59,200,0,1,7,4,2,10,0,2,0,3.9599,0.2754,0.2153,Mon,False,1.0,False,59.0
Domino's,Food & Grocery,2026-05-12,278,60,203,0,4,9,0,7,15,0,2,0,3.9353,0.2474,0.2158,Tue,False,1.0,False,60.0
Domino's,Food & Grocery,2026-05-13,265,61,190,2,2,9,4,4,14,0,4,0,3.8981,0.2649,0.2302,Wed,False,1.0,False,61.0
Domino's,Food & Grocery,2026-05-14,271,61,195,0,2,9,1,6,10,0,3,0,3.9004,0.2543,0.2251,Thu,False,1.0,False,61.0
Domino's,Food & Grocery,2026-05-15,237,59,168,0,3,11,2,7,12,1,2,0,3.8608,0.2358,0.2489,Fri,False,1.0,False,59.0
Domino's,Food & Grocery,2026-05-16,283,67,204,0,4,9,2,3,15,1,3,0,3.8834,0.238,0.2367,Sat,False,1.0,False,67.0
Domino's,Food & Grocery,2026-05-17,348,73,260,1,3,9,2,6,6,1,2,1,3.9828,0.2967,0.2098,Sun,False,1.0,False,73.0
Domino's,Food & Grocery,2026-05-18,290,71,206,0,3,11,4,8,13,1,2,0,3.8517,0.2326,0.2448,Mon,False,1.0,False,71.0
Domino's,Food & Grocery,2026-05-19,293,61,220,2,3,12,4,6,6,1,3,0,4.0205,0.2634,0.2082,Tue,False,1.0,False,61.0
Domino's,Food & Grocery,2026-05-20,267,50,201,1,2,13,2,4,12,1,2,1,4.0487,0.2759,0.1873,Wed,False,1.0,False,50.0
Domino's,Food & Grocery,2026-05-21,271,64,197,3,4,9,3,5,10,0,0,0,3.893,0.289,0.2362,Thu,False,1.0,False,64.0
Domino's,Food & Grocery,2026-05-22,257,53,197,0,3,9,1,4,6,0,2,1,4.0233,0.2879,0.2062,Fri,False,1.0,False,53.0
Domino's,Food & Grocery,2026-05-23,243,55,174,4,1,6,2,6,9,0,2,0,3.9095,0.2419,0.2263,Sat,False,1.0,False,55.0
Domino's,Food & Grocery,2026-05-24,309,71,225,0,1,11,5,7,11,1,2,1,3.9029,0.2736,0.2298,Sun,False,1.0,False,71.0
Domino's,Food & Grocery,2026-05-25,230,54,163,2,1,4,5,3,3,0,1,0,3.8609,0.2755,0.2348,Mon,False,1.0,False,54.0
Domino's,Food & Grocery,2026-05-26,270,54,204,1,2,10,3,7,7,1,2,0,4.0481,0.28,0.2,Tue,False,1.0,False,54.0
Domino's,Food & Grocery,2026-05-27,264,71,185,1,5,8,2,5,8,1,1,1,3.8523,0.2511,0.2689,Wed,False,1.0,False,71.0
Domino's,Food & Grocery,2026-05-28,414,102,299,1,9,13,1,11,16,0,4,0,3.8671,0.2416,0.2464,Thu,False,1.0,False,102.0
Domino's,Food & Grocery,2026-05-29,292,85,193,1,6,13,2,7,15,1,6,0,3.6575,0.1967,0.2911,Fri,False,1.0,False,85.0
Domino's,Food & Grocery,2026-05-30,296,71,210,0,3,9,2,5,11,0,2,0,3.8446,0.2642,0.2399,Sat,False,1.0,False,71.0
Domino's,Food & Grocery,2026-05-31,463,134,314,5,10,27,5,16,24,3,5,0,3.7149,0.2196,0.2894,Sun,False,1.0,False,134.0
Domino's,Food & Grocery,2026-06-01,305,81,211,2,3,12,2,7,15,1,2,0,3.7934,0.2687,0.2656,Mon,False,1.0,False,81.0
Domino's,Food & Grocery,2026-06-02,266,81,171,3,4,7,3,7,13,0,5,1,3.6316,0.2165,0.3045,Tue,False,1.0,False,81.0
Domino's,Food & Grocery,2026-06-03,251,60,176,0,4,9,1,3,9,0,2,1,3.7888,0.2135,0.239,Wed,False,1.0,False,60.0
Domino's,Food & Grocery,2026-06-04,266,63,187,2,6,4,4,5,10,1,2,0,3.8421,0.2418,0.2368,Thu,False,1.0,False,63.0
Domino's,Food & Grocery,2026-06-05,249,39,197,0,0,4,2,1,6,0,1,0,4.1928,0.3484,0.1566,Fri,False,1.0,False,39.0
Domino's,Food & Grocery,2026-06-06,302,56,229,2,3,10,2,2,8,2,5,0,4.0662,0.3,0.1854,Sat,False,1.0,False,56.0
Domino's,Food & Grocery,2026-06-07,324,68,236,5,3,9,1,1,6,0,3,0,3.9506,0.2663,0.2099,Sun,False,1.0,False,68.0
Domino's,Food & Grocery,2026-06-08,247,44,195,1,2,6,2,3,9,0,2,0,4.1579,0.2985,0.1781,Mon,False,1.0,False,44.0
Domino's,Food & Grocery,2026-06-09,269,56,203,1,2,10,3,4,14,0,6,0,4.0483,0.2948,0.2082,Tue,False,1.0,False,56.0
Domino's,Food & Grocery,2026-06-10,256,59,182,1,0,12,0,4,7,1,2,0,3.8906,0.2647,0.2305,Wed,False,1.0,False,59.0
Domino's,Food & Grocery,2026-06-11,246,54,174,0,4,6,1,6,10,0,2,0,3.9187,0.259,0.2195,Thu,False,1.0,False,54.0
Domino's,Food & Grocery,2026-06-12,238,58,175,2,2,6,2,2,10,0,3,0,3.916,0.2633,0.2437,Fri,False,1.0,False,58.0
Domino's,Food & Grocery,2026-06-13,322,74,239,0,1,7,2,6,12,1,7,2,3.9627,0.2664,0.2298,Sat,False,1.0,False,74.0
Domino's,Food & Grocery,2026-06-14,346,88,241,1,8,10,4,7,19,0,4,1,3.8468,0.2729,0.2543,Sun,False,1.0,False,88.0
Domino's,Food & Grocery,2026-06-15,222,50,165,1,1,8,0,2,6,0,1,2,3.9865,0.2803,0.2252,Mon,False,1.0,False,50.0
Domino's,Food & Grocery,2026-06-16,229,58,159,0,5,5,2,3,11,1,3,1,3.8821,0.2746,0.2533,Tue,False,1.0,False,58.0
Domino's,Food & Grocery,2026-06-17,230,56,155,0,5,1,2,1,2,0,1,0,3.8391,0.2558,0.2435,Wed,False,1.0,False,56.0
Domino's,Food & Grocery,2026-06-18,230,53,160,2,2,5,2,3,9,2,5,1,3.8696,0.2847,0.2304,Thu,False,1.0,False,53.0
Domino's,Food & Grocery,2026-06-19,219,56,154,0,3,5,2,3,9,0,3,1,3.8676,0.2695,0.2557,Fri,False,1.0,False,56.0
Domino's,Food & Grocery,2026-06-20,286,54,214,2,0,9,0,3,9,0,1,1,4.0175,0.3123,0.1888,Sat,False,1.0,False,54.0
Domino's,Food & Grocery,2026-06-21,482,124,330,3,4,22,5,8,25,1,6,0,3.7988,0.2269,0.2573,Sun,False,1.0,False,124.0
Domino's,Food & Grocery,2026-06-22,261,48,200,1,0,7,1,3,6,0,0,0,4.1264,0.2887,0.1839,Mon,False,1.0,False,48.0
Domino's,Food & Grocery,2026-06-23,217,40,167,2,2,6,2,6,12,1,3,0,4.1198,0.3006,0.1843,Tue,False,1.0,False,40.0
Domino's,Food & Grocery,2026-06-24,217,45,160,2,2,9,1,4,12,1,1,0,3.9816,0.2506,0.2074,Wed,False,1.0,False,45.0
Domino's,Food & Grocery,2026-06-25,212,48,158,0,3,8,2,6,12,0,1,1,3.9575,0.242,0.2264,Thu,False,1.0,False,48.0
Domino's,Food & Grocery,2026-06-26,248,55,180,2,4,14,4,4,10,0,2,0,3.9395,0.2838,0.2218,Fri,False,1.0,False,55.0
Domino's,Food & Grocery,2026-06-27,246,56,181,0,2,6,3,1,12,1,3,1,3.9593,0.2565,0.2276,Sat,False,1.0,False,56.0
Domino's,Food & Grocery,2026-06-28,272,54,202,1,0,6,1,6,3,1,1,0,4.0184,0.2978,0.1985,Sun,False,1.0,False,54.0
Domino's,Food & Grocery,2026-06-29,183,40,135,0,2,6,1,1,10,2,2,0,3.9344,0.2977,0.2186,Mon,False,1.0,False,40.0
Domino's,Food & Grocery,2026-06-30,268,65,196,3,3,12,3,5,12,0,0,0,3.9142,0.2907,0.2425,Tue,False,1.0,False,65.0
Domino's,Food & Grocery,2026-07-01,285,76,196,2,1,11,1,4,17,0,4,0,3.7825,0.2077,0.2667,Wed,False,1.0,False,76.0
Domino's,Food & Grocery,2026-07-02,260,52,200,0,2,9,2,3,11,1,3,0,4.0654,0.2876,0.2,Thu,False,1.0,False,52.0
Domino's,Food & Grocery,2026-07-03,189,41,143,4,0,7,1,4,9,0,2,0,3.963,0.2858,0.2169,Fri,False,1.0,False,41.0
Domino's,Food & Grocery,2026-07-04,279,61,204,1,4,12,1,6,8,0,4,0,3.9498,0.2769,0.2186,Sat,False,1.0,False,61.0
Domino's,Food & Grocery,2026-07-05,353,83,244,2,1,16,4,11,15,1,1,1,3.8867,0.2657,0.2351,Sun,False,1.0,False,83.0
Domino's,Food & Grocery,2026-07-06,218,44,164,2,2,8,3,4,7,1,2,0,4.0596,0.2787,0.2018,Mon,False,1.0,False,44.0
Domino's,Food & Grocery,2026-07-07,235,52,173,0,0,10,4,6,13,0,5,0,3.9149,0.275,0.2213,Tue,False,1.0,False,52.0
Domino's,Food & Grocery,2026-07-08,235,56,171,1,3,3,1,10,6,0,4,0,3.8638,0.2859,0.2383,Wed,False,1.0,False,56.0
Domino's,Food & Grocery,2026-07-09,276,59,202,2,3,9,1,7,8,0,2,0,3.9312,0.2908,0.2138,Thu,False,1.0,False,59.0
Domino's,Food & Grocery,2026-07-10,238,43,190,0,0,5,2,2,6,0,1,0,4.1555,0.3324,0.1807,Fri,False,1.0,False,43.0
Domino's,Food & Grocery,2026-07-11,281,56,211,0,2,12,2,3,12,0,3,0,4.0356,0.2768,0.1993,Sat,False,1.0,False,56.0
Domino's,Food & Grocery,2026-07-12,363,73,260,2,5,9,2,2,13,1,5,0,3.9725,0.2954,0.2011,Sun,False,1.0,False,73.0
Domino's,Food & Grocery,2026-07-13,239,42,185,1,0,4,3,3,6,0,1,0,4.1172,0.2859,0.1757,Mon,False,1.0,False,42.0
Domino's,Food & Grocery,2026-07-14,236,44,176,1,2,3,0,4,5,1,3,0,4.0212,0.2702,0.1864,Tue,False,1.0,False,44.0
Domino's,Food & Grocery,2026-07-15,242,45,181,1,2,3,0,2,7,0,0,0,4.062,0.3096,0.186,Wed,False,1.0,False,45.0
Domino's,Food & Grocery,2026-07-16,217,47,160,0,3,4,0,4,5,0,0,0,4.0046,0.2667,0.2166,Thu,False,1.0,False,47.0
Domino's,Food & Grocery,2026-07-17,218,49,160,0,2,6,2,6,4,0,2,0,3.9404,0.2767,0.2248,Fri,False,1.0,False,49.0
Domino's,Food & Grocery,2026-07-18,274,58,201,0,2,8,1,9,10,0,0,0,3.9854,0.2949,0.2117,Sat,False,1.0,False,58.0
Domino's,Food & Grocery,2026-07-19,353,87,251,2,5,8,4,9,13,0,4,1,3.881,0.2539,0.2465,Sun,False,1.0,False,87.0
Domino's,Food & Grocery,2026-07-20,216,40,169,0,0,6,2,4,5,0,0,0,4.088,0.2794,0.1852,Mon,False,1.0,False,40.0
Domino's,Food & Grocery,2026-07-21,210,46,153,0,2,4,0,5,10,0,1,0,3.9714,0.2612,0.219,Tue,False,1.0,False,46.0
Domino's,Food & Grocery,2026-07-22,210,44,157,1,2,5,2,3,7,0,0,0,4.0143,0.2739,0.2095,Wed,False,1.0,False,44.0
Domino's,Food & Grocery,2026-07-23,225,37,179,1,1,1,1,3,5,0,1,0,4.1822,0.2971,0.1644,Thu,False,1.0,False,37.0
Domino's,Food & Grocery,2026-07-24,233,60,162,0,3,5,1,5,12,1,1,0,3.8498,0.2253,0.2575,Fri,False,1.0,False,60.0
Domino's,Food & Grocery,2026-07-25,262,44,208,1,3,10,1,3,9,0,1,0,4.187,0.2925,0.1679,Sat,False,1.0,False,44.0
Domino's,Food & Grocery,2026-07-26,319,59,241,0,3,4,2,3,12,0,1,0,4.0878,0.3034,0.185,Sun,False,1.0,False,59.0
Domino's,Food & Grocery,2026-07-27,220,48,163,1,1,7,0,1,10,0,3,0,3.9591,0.2883,0.2182,Mon,False,1.0,False,48.0
Domino's,Food & Grocery,2026-07-28,252,52,186,1,0,5,1,4,2,0,4,0,3.9802,0.2816,0.2063,Tue,False,1.0,False,52.0
Domino's,Food & Grocery,2026-07-29,229,36,175,1,2,7,0,3,2,0,2,1,4.1703,0.3363,0.1572,Wed,False,1.0,False,36.0
Domino's,Food & Grocery,2026-07-30,202,43,147,0,1,3,1,2,10,0,2,1,3.9406,0.2633,0.2129,Thu,False,1.0,False,43.0
Domino's,Food & Grocery,2026-07-31,258,73,175,0,9,13,2,5,12,0,5,0,3.7481,0.2247,0.2829,Fri,False,1.0,False,73.0
Domino's,Food & Grocery,2026-08-01,305,65,217,0,1,14,5,8,16,0,4,1,3.9115,0.2462,0.2131,Sat,False,1.0,False,65.0
Domino's,Food & Grocery,2026-08-02,454,117,321,2,6,15,4,8,16,0,3,0,3.826,0.2475,0.2577,Sun,False,1.0,False,117.0
Domino's,Food & Grocery,2026-08-03,203,49,142,1,2,4,1,2,7,0,2,0,3.8227,0.2158,0.2414,Mon,False,1.0,False,49.0
Domino's,Food & Grocery,2026-08-04,245,54,182,1,0,9,4,4,10,0,2,0,3.9673,0.2709,0.2204,Tue,False,1.0,False,54.0
Domino's,Food & Grocery,2026-08-05,239,50,173,2,4,4,0,2,11,1,2,0,3.9791,0.2925,0.2092,Wed,False,1.0,False,50.0
Domino's,Food & Grocery,2026-08-06,196,48,139,1,2,5,0,2,6,0,2,0,3.8061,0.2646,0.2449,Thu,False,1.0,False,48.0
Domino's,Food & Grocery,2026-08-07,183,55,114,2,2,11,1,3,12,1,3,0,3.5301,0.2069,0.3005,Fri,False,1.0,False,55.0
Domino's,Food & Grocery,2026-08-08,261,65,179,0,4,8,0,7,6,0,3,0,3.7739,0.2347,0.249,Sat,False,1.0,False,65.0
Domino's,Food & Grocery,2026-08-09,271,82,175,1,3,10,1,6,11,0,3,0,3.5941,0.2344,0.3026,Sun,False,1.0,False,82.0
Domino's,Food & Grocery,2026-08-10,210,38,156,1,1,9,0,6,9,0,0,0,4.0095,0.2684,0.181,Mon,False,1.0,False,38.0
Domino's,Food & Grocery,2026-08-11,262,58,186,0,3,8,1,4,11,0,1,0,3.9198,0.2851,0.2214,Tue,False,1.0,False,58.0
Domino's,Food & Grocery,2026-08-12,245,63,166,0,0,8,1,3,17,0,3,0,3.7796,0.2474,0.2571,Wed,False,1.0,False,63.0
Domino's,Food & Grocery,2026-08-13,272,52,206,3,1,5,2,3,8,0,3,0,4.0515,0.2836,0.1912,Thu,False,1.0,False,52.0
Domino's,Food & Grocery,2026-08-14,390,86,283,3,7,11,2,8,10,1,2,1,3.9205,0.249,0.2205,Fri,False,1.0,False,86.0
Domino's,Food & Grocery,2026-08-15,842,201,602,2,8,24,6,13,28,0,7,1,3.8705,0.2692,0.2387,Sat,False,1.0,False,201.0
Domino's,Food & Grocery,2026-08-16,404,88,295,2,6,11,5,7,14,1,5,0,3.9455,0.2983,0.2178,Sun,False,1.0,False,88.0
Domino's,Food & Grocery,2026-08-17,175,33,137,0,3,2,3,1,8,0,1,0,4.1257,0.3383,0.1886,Mon,False,1.0,False,33.0
Domino's,Food & Grocery,2026-08-18,195,33,148,2,3,4,1,3,4,0,0,0,4.0821,0.2943,0.1692,Tue,False,1.0,False,33.0
Domino's,Food & Grocery,2026-08-19,170,29,132,2,0,2,1,3,1,0,0,0,4.1765,0.354,0.1706,Wed,False,1.0,False,29.0
Domino's,Food & Grocery,2026-08-20,211,50,153,1,2,3,1,1,7,0,1,0,3.9005,0.2895,0.237,Thu,False,1.0,False,50.0
Domino's,Food & Grocery,2026-08-21,190,31,152,1,1,4,0,5,9,0,2,0,4.1895,0.3308,0.1632,Fri,False,1.0,False,31.0
Domino's,Food & Grocery,2026-08-22,258,62,186,1,6,8,2,5,14,0,2,0,3.8643,0.2397,0.2403,Sat,False,1.0,False,62.0
Domino's,Food & Grocery,2026-08-23,312,67,236,3,5,6,1,10,11,0,2,0,4.0064,0.275,0.2147,Sun,False,1.0,False,67.0
Domino's,Food & Grocery,2026-08-24,197,39,151,2,3,4,1,2,7,0,3,1,4.0914,0.2758,0.198,Mon,False,1.0,False,39.0
Domino's,Food & Grocery,2026-08-25,202,35,153,0,4,3,2,4,6,0,1,0,4.1089,0.2879,0.1733,Tue,False,1.0,False,35.0
Domino's,Food & Grocery,2026-08-26,259,52,195,1,1,6,1,4,5,0,4,1,4.0347,0.3116,0.2008,Wed,False,1.0,False,52.0
Domino's,Food & Grocery,2026-08-27,200,39,152,0,1,8,3,6,5,0,1,0,4.05,0.2865,0.195,Thu,False,1.0,False,39.0
Domino's,Food & Grocery,2026-08-28,535,136,370,1,7,18,1,19,13,0,4,0,3.8131,0.2326,0.2542,Fri,False,1.0,False,136.0
Domino's,Food & Grocery,2026-08-29,330,66,251,1,4,5,2,5,5,0,2,1,4.0242,0.2942,0.2,Sat,False,1.0,False,66.0
Domino's,Food & Grocery,2026-08-30,307,60,227,1,0,10,4,2,7,0,0,0,4.0033,0.2786,0.1954,Sun,False,1.0,False,60.0
Domino's,Food & Grocery,2026-08-31,234,52,178,0,1,9,0,4,10,0,4,1,4.0256,0.2657,0.2222,Mon,False,1.0,False,52.0
Domino's,Food & Grocery,2026-09-01,194,50,138,1,5,2,2,6,9,0,7,1,3.8196,0.2324,0.2577,Tue,False,1.0,False,50.0
Domino's,Food & Grocery,2026-09-02,212,34,169,0,4,5,1,1,8,0,1,1,4.1934,0.3363,0.1604,Wed,False,1.0,False,34.0
Domino's,Food & Grocery,2026-09-03,208,41,158,2,2,4,0,5,6,0,1,0,4.0577,0.2735,0.1971,Thu,False,1.0,False,41.0
Domino's,Food & Grocery,2026-09-04,246,40,192,2,0,3,1,3,7,0,1,0,4.126,0.2946,0.1626,Fri,False,1.0,False,40.0
Domino's,Food & Grocery,2026-09-05,303,73,215,2,4,4,3,6,11,0,1,0,3.8812,0.2318,0.2409,Sat,False,1.0,False,73.0
Domino's,Food & Grocery,2026-09-06,284,74,195,1,3,5,1,4,5,0,3,1,3.7641,0.2294,0.2606,Sun,False,1.0,False,74.0
Domino's,Food & Grocery,2026-09-07,207,40,156,0,1,4,2,1,4,0,0,1,4.0821,0.2801,0.1932,Mon,False,1.0,False,40.0
Domino's,Food & Grocery,2026-09-08,211,39,165,1,0,4,0,3,2,0,1,1,4.1422,0.272,0.1848,Tue,False,1.0,False,39.0
Domino's,Food & Grocery,2026-09-09,208,34,167,1,2,3,2,4,6,0,1,0,4.2115,0.2718,0.1635,Wed,False,1.0,False,34.0
Domino's,Food & Grocery,2026-09-10,212,48,148,2,3,13,1,4,9,0,2,1,3.9104,0.2591,0.2264,Thu,False,1.0,False,48.0
Domino's,Food & Grocery,2026-09-11,219,35,180,0,3,4,1,2,4,0,3,0,4.242,0.2998,0.1598,Fri,False,1.0,False,35.0
Domino's,Food & Grocery,2026-09-12,260,57,197,0,2,5,2,10,11,1,2,0,4.0,0.2756,0.2192,Sat,False,1.0,False,57.0
Domino's,Food & Grocery,2026-09-13,341,75,250,2,3,4,0,10,13,0,6,0,3.9443,0.279,0.2199,Sun,False,1.0,False,75.0
Domino's,Food & Grocery,2026-09-14,394,100,278,3,4,13,2,12,11,0,2,0,3.8096,0.2269,0.2538,Mon,False,1.0,False,100.0
Domino's,Food & Grocery,2026-09-15,258,50,198,0,3,9,0,7,7,0,4,0,4.0736,0.2869,0.1938,Tue,False,1.0,False,50.0
Domino's,Food & Grocery,2026-09-16,210,42,153,0,1,5,0,1,4,0,0,0,3.9619,0.2849,0.2,Wed,False,1.0,False,42.0
Domino's,Food & Grocery,2026-09-17,218,50,159,2,4,4,0,4,8,0,1,0,3.945,0.3096,0.2294,Thu,False,1.0,False,50.0
Domino's,Food & Grocery,2026-09-18,238,54,174,3,4,11,0,7,4,0,1,0,3.9454,0.2759,0.2269,Fri,False,1.0,False,54.0
Domino's,Food & Grocery,2026-09-19,263,55,197,2,4,5,1,7,7,0,0,0,4.0152,0.2838,0.2091,Sat,False,1.0,False,55.0
Domino's,Food & Grocery,2026-09-20,338,75,246,1,0,9,3,7,7,0,1,0,3.932,0.2678,0.2219,Sun,False,1.0,False,75.0
Myntra,Shopping,2026-04-01,461,44,413,1,4,7,6,21,11,0,5,2,4.5119,0.3954,0.0954,Wed,False,1.0,False,44.0
Myntra,Shopping,2026-04-02,411,48,360,0,13,12,2,21,15,0,11,0,4.4282,0.4062,0.1168,Thu,False,1.0,False,48.0
Myntra,Shopping,2026-04-03,478,51,421,0,12,9,7,29,18,0,5,0,4.4833,0.4161,0.1067,Fri,False,1.0,False,51.0
Myntra,Shopping,2026-04-04,424,45,374,1,6,8,9,30,15,0,5,5,4.4882,0.4054,0.1061,Sat,False,1.0,False,45.0
Myntra,Shopping,2026-04-05,461,40,412,0,6,9,1,26,17,0,7,2,4.5423,0.4267,0.0868,Sun,False,1.0,False,40.0
Myntra,Shopping,2026-04-06,482,54,419,3,13,11,8,28,25,0,4,0,4.4523,0.3958,0.112,Mon,False,1.0,False,54.0
Myntra,Shopping,2026-04-07,523,54,463,4,10,10,8,32,16,3,9,1,4.4971,0.3968,0.1033,Tue,False,1.0,False,54.0
Myntra,Shopping,2026-04-08,532,61,464,3,15,7,7,26,26,0,7,2,4.4737,0.4205,0.1147,Wed,False,1.0,False,61.0
Myntra,Shopping,2026-04-09,512,46,456,2,7,10,4,19,9,0,7,0,4.5332,0.4033,0.0898,Thu,False,1.0,False,46.0
Myntra,Shopping,2026-04-10,483,36,443,1,8,12,2,21,15,0,5,0,4.5859,0.4437,0.0745,Fri,False,1.0,False,36.0
Myntra,Shopping,2026-04-11,549,58,488,4,11,7,6,29,24,0,3,1,4.4791,0.3956,0.1056,Sat,False,1.0,False,58.0
Myntra,Shopping,2026-04-12,522,53,468,4,13,7,5,25,19,0,6,2,4.5211,0.4103,0.1015,Sun,False,1.0,False,53.0
Myntra,Shopping,2026-04-13,569,51,509,1,8,8,7,28,14,1,5,1,4.5395,0.434,0.0896,Mon,False,1.0,False,51.0
Myntra,Shopping,2026-04-14,594,53,530,3,11,10,5,22,17,1,4,0,4.5168,0.4119,0.0892,Tue,False,1.0,False,53.0
Myntra,Shopping,2026-04-15,515,62,447,2,6,12,5,27,25,2,12,2,4.4291,0.383,0.1204,Wed,False,1.0,False,62.0
Myntra,Shopping,2026-04-16,466,63,390,1,7,12,1,27,22,0,5,0,4.3519,0.3919,0.1352,Thu,False,1.0,False,63.0
Myntra,Shopping,2026-04-17,453,48,400,4,9,11,4,22,22,0,4,2,4.4945,0.3916,0.106,Fri,False,1.0,False,48.0
Myntra,Shopping,2026-04-18,472,53,412,2,11,8,6,25,15,2,6,1,4.4576,0.4106,0.1123,Sat,False,1.0,False,53.0
Myntra,Shopping,2026-04-19,430,47,379,1,7,12,7,21,15,0,7,1,4.4581,0.408,0.1093,Sun,False,1.0,False,47.0
Myntra,Shopping,2026-04-20,435,56,376,0,4,12,5,32,23,0,9,3,4.4069,0.4138,0.1287,Mon,False,1.0,False,56.0
Myntra,Shopping,2026-04-21,412,57,348,0,11,9,4,33,24,0,10,1,4.3422,0.3988,0.1383,Tue,False,1.0,False,57.0
Myntra,Shopping,2026-04-22,409,48,356,1,5,10,9,20,16,0,4,0,4.4181,0.4076,0.1174,Wed,False,1.0,False,48.0
Myntra,Shopping,2026-04-23,407,30,374,0,2,9,3,16,10,0,2,4,4.6118,0.4404,0.0737,Thu,False,1.0,False,30.0
Myntra,Shopping,2026-04-24,436,39,391,2,7,9,7,22,16,1,6,0,4.5367,0.4261,0.0894,Fri,False,1.0,False,39.0
Myntra,Shopping,2026-04-25,402,41,361,1,5,13,1,26,15,0,1,1,4.5448,0.4156,0.102,Sat,False,1.0,False,41.0
Myntra,Shopping,2026-04-26,411,41,367,2,6,10,3,20,10,0,4,2,4.528,0.4037,0.0998,Sun,False,1.0,False,41.0
Myntra,Shopping,2026-04-27,398,39,350,0,8,3,6,18,21,0,3,0,4.4874,0.422,0.098,Mon,False,1.0,False,39.0
Myntra,Shopping,2026-04-28,399,46,351,0,7,8,6,23,20,0,7,1,4.4612,0.3907,0.1153,Tue,False,1.0,False,46.0
Myntra,Shopping,2026-04-29,359,30,328,0,4,13,2,18,16,0,2,2,4.5766,0.4404,0.0836,Wed,False,1.0,False,30.0
Myntra,Shopping,2026-04-30,344,44,296,4,6,9,2,27,17,2,10,2,4.3634,0.3768,0.1279,Thu,False,1.0,False,44.0
Myntra,Shopping,2026-05-01,351,30,319,1,5,8,3,11,12,0,4,0,4.567,0.4292,0.0855,Fri,False,1.0,False,30.0
Myntra,Shopping,2026-05-02,406,36,365,0,2,6,3,14,12,0,7,0,4.5394,0.4114,0.0887,Sat,False,1.0,False,36.0
Myntra,Shopping,2026-05-03,396,40,352,2,8,5,7,17,13,1,8,1,4.5051,0.4116,0.101,Sun,False,1.0,False,40.0
Myntra,Shopping,2026-05-04,399,42,353,1,4,7,4,22,14,0,5,1,4.4712,0.3844,0.1053,Mon,False,1.0,False,42.0
Myntra,Shopping,2026-05-05,457,43,412,2,1,11,3,19,17,1,6,2,4.523,0.4175,0.0941,Tue,False,1.0,False,43.0
Myntra,Shopping,2026-05-06,431,48,380,1,6,10,4,29,16,0,7,1,4.478,0.3987,0.1114,Wed,False,1.0,False,48.0
Myntra,Shopping,2026-05-07,482,40,437,1,5,13,0,23,15,2,7,0,4.5705,0.435,0.083,Thu,False,1.0,False,40.0
Myntra,Shopping,2026-05-08,505,32,463,2,6,9,2,25,8,0,4,1,4.6297,0.4406,0.0634,Fri,False,1.0,False,32.0
Myntra,Shopping,2026-05-09,439,35,402,2,5,9,2,12,13,1,11,1,4.5854,0.4339,0.0797,Sat,False,1.0,False,35.0
Myntra,Shopping,2026-05-10,422,45,373,1,12,7,4,23,25,0,11,1,4.4929,0.4166,0.1066,Sun,False,1.0,False,45.0
Myntra,Shopping,2026-05-11,493,42,444,2,3,12,5,29,16,0,9,1,4.568,0.4199,0.0852,Mon,False,1.0,False,42.0
Myntra,Shopping,2026-05-12,490,43,442,3,17,7,5,26,9,4,9,1,4.5653,0.4305,0.0878,Tue,False,1.0,False,43.0
Myntra,Shopping,2026-05-13,499,41,451,2,7,6,4,21,13,0,1,3,4.5711,0.4396,0.0822,Wed,False,1.0,False,41.0
Myntra,Shopping,2026-05-14,446,31,412,0,7,5,1,15,13,0,5,0,4.63,0.4475,0.0695,Thu,False,1.0,False,31.0
Myntra,Shopping,2026-05-15,485,42,438,1,5,14,1,19,18,3,6,1,4.5567,0.4269,0.0866,Fri,False,1.0,False,42.0
Myntra,Shopping,2026-05-16,543,41,498,1,5,10,3,25,13,1,2,3,4.6059,0.447,0.0755,Sat,False,1.0,False,41.0
Myntra,Shopping,2026-05-17,503,39,455,4,6,9,6,19,9,1,3,1,4.5785,0.432,0.0775,Sun,False,1.0,False,39.0
Myntra,Shopping,2026-05-18,554,39,510,0,4,11,4,25,15,1,7,1,4.6227,0.4168,0.0704,Mon,False,1.0,False,39.0
Myntra,Shopping,2026-05-19,544,49,492,1,7,14,2,27,17,0,5,2,4.5643,0.4244,0.0901,Tue,False,1.0,False,49.0
Myntra,Shopping,2026-05-20,478,42,432,1,8,12,3,17,11,0,7,2,4.5397,0.4292,0.0879,Wed,False,1.0,False,42.0
Myntra,Shopping,2026-05-21,410,35,364,1,4,5,0,10,13,1,3,1,4.5366,0.435,0.0854,Thu,False,1.0,False,35.0
Myntra,Shopping,2026-05-22,345,41,301,2,4,7,3,21,18,0,5,1,4.4522,0.4045,0.1188,Fri,False,1.0,False,41.0
Myntra,Shopping,2026-05-23,353,29,318,2,4,7,3,20,11,0,3,2,4.5694,0.4507,0.0822,Sat,False,1.0,False,29.0
Myntra,Shopping,2026-05-24,351,43,305,0,4,15,2,21,9,0,5,1,4.4302,0.4115,0.1225,Sun,False,1.0,False,43.0
Myntra,Shopping,2026-05-25,371,47,321,1,7,10,3,20,22,0,3,3,4.3747,0.3829,0.1267,Mon,False,1.0,False,47.0
Myntra,Shopping,2026-05-26,307,43,261,0,4,10,4,17,18,1,2,2,4.3322,0.3777,0.1401,Tue,False,1.0,False,43.0
Myntra,Shopping,2026-05-27,328,47,279,3,9,8,4,20,18,0,5,0,4.311,0.3955,0.1433,Wed,False,1.0,False,47.0
Myntra,Shopping,2026-05-28,444,51,389,0,13,6,7,25,17,1,5,3,4.4392,0.4162,0.1149,Thu,False,1.0,False,51.0
Myntra,Shopping,2026-05-29,530,51,471,2,6,6,2,18,14,0,6,0,4.5075,0.4386,0.0962,Fri,False,1.0,False,51.0
Myntra,Shopping,2026-05-30,535,42,490,0,8,6,5,18,16,0,5,1,4.6093,0.4385,0.0785,Sat,False,1.0,False,42.0
Myntra,Shopping,2026-05-31,553,47,498,3,7,5,5,18,13,2,9,0,4.566,0.4326,0.085,Sun,False,1.0,False,47.0
Myntra,Shopping,2026-06-01,590,54,526,0,5,10,2,23,11,0,7,2,4.5322,0.4261,0.0915,Mon,False,1.0,False,54.0
Myntra,Shopping,2026-06-02,659,41,613,2,8,7,4,25,17,0,5,5,4.6328,0.4724,0.0622,Tue,False,1.0,False,41.0
Myntra,Shopping,2026-06-03,671,50,614,1,4,5,4,27,19,0,9,3,4.6185,0.4558,0.0745,Wed,False,1.0,False,50.0
Myntra,Shopping,2026-06-04,695,67,620,3,6,14,4,30,20,0,6,4,4.5065,0.4181,0.0964,Thu,False,1.0,False,67.0
Myntra,Shopping,2026-06-05,623,50,568,0,8,13,2,19,16,0,7,3,4.5891,0.4459,0.0803,Fri,False,1.0,False,50.0
Myntra,Shopping,2026-06-06,658,70,584,0,5,18,9,27,29,0,8,2,4.4757,0.4224,0.1064,Sat,False,1.0,False,70.0
Myntra,Shopping,2026-06-07,687,48,633,2,6,10,6,28,20,0,8,0,4.6055,0.4526,0.0699,Sun,False,1.0,False,48.0
Myntra,Shopping,2026-06-08,634,63,562,1,8,11,2,28,22,1,3,0,4.5189,0.4233,0.0994,Mon,False,1.0,False,63.0
Myntra,Shopping,2026-06-09,651,64,575,0,10,17,2,27,26,1,7,1,4.53,0.4382,0.0983,Tue,False,1.0,False,64.0
Myntra,Shopping,2026-06-10,610,68,533,3,11,17,3,33,22,0,8,0,4.4328,0.412,0.1115,Wed,False,1.0,False,68.0
Myntra,Shopping,2026-06-11,622,78,536,2,7,22,6,40,34,0,9,1,4.3987,0.3912,0.1254,Thu,False,1.0,False,78.0
Myntra,Shopping,2026-06-12,610,53,549,4,6,14,3,25,24,0,11,1,4.5639,0.4378,0.0869,Fri,False,1.0,False,53.0
Myntra,Shopping,2026-06-13,575,63,505,3,5,16,3,42,27,1,8,0,4.4696,0.4277,0.1096,Sat,False,1.0,False,63.0
Myntra,Shopping,2026-06-14,708,70,624,2,10,12,5,34,25,1,13,1,4.4972,0.4103,0.0989,Sun,False,1.0,False,70.0
Myntra,Shopping,2026-06-15,597,57,536,1,5,8,10,39,18,1,4,1,4.5343,0.4396,0.0955,Mon,False,1.0,False,57.0
Myntra,Shopping,2026-06-16,567,59,503,1,11,12,11,27,27,0,6,2,4.4885,0.3949,0.1041,Tue,False,1.0,False,59.0
Myntra,Shopping,2026-06-17,542,57,481,3,8,16,2,25,23,0,5,0,4.4594,0.4004,0.1052,Wed,False,1.0,False,57.0
Myntra,Shopping,2026-06-18,557,71,478,5,6,20,1,43,24,0,5,0,4.3968,0.4147,0.1275,Thu,False,1.0,False,71.0
Myntra,Shopping,2026-06-19,535,67,462,2,6,24,9,34,20,0,9,3,4.4131,0.4007,0.1252,Fri,False,1.0,False,67.0
Myntra,Shopping,2026-06-20,554,74,474,0,11,15,9,40,32,1,10,0,4.3502,0.3822,0.1336,Sat,False,1.0,False,74.0
Myntra,Shopping,2026-06-21,454,57,391,2,4,9,6,24,23,0,8,2,4.4119,0.4085,0.1256,Sun,False,1.0,False,57.0
Myntra,Shopping,2026-06-22,470,53,413,2,10,15,6,26,22,0,8,3,4.4574,0.3925,0.1128,Mon,False,1.0,False,53.0
Myntra,Shopping,2026-06-23,446,56,389,2,8,10,3,24,18,0,7,1,4.4305,0.3974,0.1256,Tue,False,1.0,False,56.0
Myntra,Shopping,2026-06-24,435,40,393,1,8,5,8,16,13,0,7,2,4.5379,0.4197,0.092,Wed,False,1.0,False,40.0
Myntra,Shopping,2026-06-25,409,49,356,1,3,13,5,23,19,0,2,0,4.4328,0.4069,0.1198,Thu,False,1.0,False,49.0
Myntra,Shopping,2026-06-26,372,35,328,1,6,6,5,20,16,0,6,0,4.5027,0.4168,0.0941,Fri,False,1.0,False,35.0
Myntra,Shopping,2026-06-27,403,45,350,1,5,8,5,21,14,0,7,0,4.4243,0.3818,0.1117,Sat,False,1.0,False,45.0
Myntra,Shopping,2026-06-28,393,52,334,1,8,13,5,19,17,1,9,0,4.3791,0.3843,0.1323,Sun,False,1.0,False,52.0
Myntra,Shopping,2026-06-29,359,39,313,0,4,7,4,17,26,1,5,1,4.4513,0.4362,0.1086,Mon,False,1.0,False,39.0
Myntra,Shopping,2026-06-30,398,42,352,1,10,9,6,24,18,0,7,2,4.4799,0.4135,0.1055,Tue,False,1.0,False,42.0
Myntra,Shopping,2026-07-01,514,25,485,0,4,6,3,20,11,0,4,3,4.714,0.4736,0.0486,Wed,False,1.0,False,25.0
Myntra,Shopping,2026-07-02,458,39,410,3,6,10,6,20,17,2,4,1,4.559,0.4358,0.0852,Thu,False,1.0,False,39.0
Myntra,Shopping,2026-07-03,467,33,428,2,5,6,3,13,18,1,2,1,4.6296,0.4421,0.0707,Fri,False,1.0,False,33.0
Myntra,Shopping,2026-07-04,486,36,445,2,6,9,2,21,13,0,2,1,4.6235,0.4339,0.0741,Sat,False,1.0,False,36.0
Myntra,Shopping,2026-07-05,528,38,482,2,6,11,2,15,7,1,10,2,4.5871,0.4475,0.072,Sun,False,1.0,False,38.0
Myntra,Shopping,2026-07-06,560,45,509,2,7,14,6,21,17,0,6,1,4.5786,0.4335,0.0804,Mon,False,1.0,False,45.0
Myntra,Shopping,2026-07-07,498,36,457,1,8,10,3,25,11,1,3,2,4.6205,0.4296,0.0723,Tue,False,1.0,False,36.0
Myntra,Shopping,2026-07-08,541,45,492,0,7,13,5,18,14,2,8,0,4.5933,0.4511,0.0832,Wed,False,1.0,False,45.0
Myntra,Shopping,2026-07-09,570,47,516,1,7,8,4,25,15,1,6,3,4.5667,0.427,0.0825,Thu,False,1.0,False,47.0
Myntra,Shopping,2026-07-10,567,53,509,1,5,15,5,25,21,0,7,1,4.5291,0.4095,0.0935,Fri,False,1.0,False,53.0
Myntra,Shopping,2026-07-11,572,55,513,1,7,9,7,22,17,0,9,1,4.5262,0.4083,0.0962,Sat,False,1.0,False,55.0
Myntra,Shopping,2026-07-12,601,48,551,1,7,10,4,22,15,0,6,1,4.6057,0.4434,0.0799,Sun,False,1.0,False,48.0
Myntra,Shopping,2026-07-13,547,45,497,0,13,11,2,22,16,1,7,0,4.5905,0.4338,0.0823,Mon,False,1.0,False,45.0
Myntra,Shopping,2026-07-14,521,54,459,1,6,14,6,29,13,0,5,2,4.5067,0.4073,0.1036,Tue,False,1.0,False,54.0
Myntra,Shopping,2026-07-15,512,41,464,0,5,13,2,17,18,1,3,1,4.5742,0.4401,0.0801,Wed,False,1.0,False,41.0
Myntra,Shopping,2026-07-16,506,54,445,1,8,12,9,29,16,0,6,0,4.4941,0.4131,0.1067,Thu,False,1.0,False,54.0
Myntra,Shopping,2026-07-17,554,49,501,2,6,11,4,27,19,0,8,2,4.5848,0.4315,0.0884,Fri,False,1.0,False,49.0
Myntra,Shopping,2026-07-18,574,54,515,2,11,8,6,26,14,0,5,1,4.5296,0.4299,0.0941,Sat,False,1.0,False,54.0
Myntra,Shopping,2026-07-19,538,36,491,0,8,7,2,23,13,0,2,0,4.6059,0.4344,0.0669,Sun,False,1.0,False,36.0
Myntra,Shopping,2026-07-20,497,52,439,3,5,9,2,24,16,0,9,2,4.503,0.4273,0.1046,Mon,False,1.0,False,52.0
Myntra,Shopping,2026-07-21,499,37,457,1,6,10,4,19,15,2,4,0,4.6072,0.449,0.0741,Tue,False,1.0,False,37.0
Myntra,Shopping,2026-07-22,462,42,411,1,8,9,5,24,15,0,2,1,4.5108,0.4202,0.0909,Wed,False,1.0,False,42.0
Myntra,Shopping,2026-07-23,472,39,424,3,9,12,4,22,11,0,4,1,4.5614,0.4237,0.0826,Thu,False,1.0,False,39.0
Myntra,Shopping,2026-07-24,439,40,392,1,7,9,3,23,20,0,5,1,4.5467,0.4167,0.0911,Fri,False,1.0,False,40.0
Myntra,Shopping,2026-07-25,463,35,418,0,5,7,6,17,13,0,3,2,4.5724,0.4222,0.0756,Sat,False,1.0,False,35.0
Myntra,Shopping,2026-07-26,512,46,459,0,6,10,2,29,15,0,5,1,4.5664,0.4289,0.0898,Sun,False,1.0,False,46.0
Myntra,Shopping,2026-07-27,399,36,362,2,6,4,4,20,15,1,3,1,4.5388,0.4083,0.0902,Mon,False,1.0,False,36.0
Myntra,Shopping,2026-07-28,394,48,345,1,6,10,3,29,21,0,5,1,4.4036,0.3706,0.1218,Tue,False,1.0,False,48.0
Myntra,Shopping,2026-07-29,383,33,343,0,8,6,5,24,10,1,3,0,4.5561,0.4186,0.0862,Wed,False,1.0,False,33.0
Myntra,Shopping,2026-07-30,445,43,394,2,7,8,1,18,17,0,4,0,4.4876,0.4072,0.0966,Thu,False,1.0,False,43.0
Myntra,Shopping,2026-07-31,490,45,437,0,10,6,3,21,14,1,7,0,4.5306,0.3996,0.0918,Fri,False,1.0,False,45.0
Myntra,Shopping,2026-08-01,480,45,428,2,6,13,2,17,14,0,6,1,4.5312,0.4229,0.0938,Sat,False,1.0,False,45.0
Myntra,Shopping,2026-08-02,483,42,435,0,8,7,1,18,13,1,3,2,4.5528,0.4438,0.087,Sun,False,1.0,False,42.0
Myntra,Shopping,2026-08-03,479,42,431,0,10,12,6,18,17,0,9,1,4.5532,0.4071,0.0877,Mon,False,1.0,False,42.0
Myntra,Shopping,2026-08-04,533,43,487,0,8,9,5,26,20,0,1,0,4.5985,0.4287,0.0807,Tue,False,1.0,False,43.0
Myntra,Shopping,2026-08-05,544,48,486,1,2,13,2,21,15,1,4,1,4.5386,0.4152,0.0882,Wed,False,1.0,False,48.0
Myntra,Shopping,2026-08-06,556,58,493,2,6,10,1,24,19,0,1,1,4.4928,0.4028,0.1043,Thu,False,1.0,False,58.0
Myntra,Shopping,2026-08-07,491,49,434,2,4,9,5,23,11,0,5,1,4.5031,0.4132,0.0998,Fri,False,1.0,False,49.0
Myntra,Shopping,2026-08-08,537,48,481,1,4,8,1,20,13,2,9,3,4.5568,0.4319,0.0894,Sat,False,1.0,False,48.0
Myntra,Shopping,2026-08-09,557,57,489,1,9,13,6,27,17,0,10,1,4.4758,0.3801,0.1023,Sun,False,1.0,False,57.0
Myntra,Shopping,2026-08-10,502,46,454,2,4,10,3,16,11,0,4,2,4.5359,0.4312,0.0916,Mon,False,1.0,False,46.0
Myntra,Shopping,2026-08-11,496,56,434,1,8,18,4,35,26,0,6,2,4.4617,0.4011,0.1129,Tue,False,1.0,False,56.0
Myntra,Shopping,2026-08-12,502,63,436,1,7,18,3,34,23,0,15,1,4.4223,0.3903,0.1255,Wed,False,1.0,False,63.0
Myntra,Shopping,2026-08-13,502,84,410,4,13,20,7,35,31,0,13,0,4.2371,0.3442,0.1673,Thu,False,1.0,False,84.0
Myntra,Shopping,2026-08-14,549,81,464,3,6,17,11,24,23,2,7,4,4.3224,0.3694,0.1475,Fri,False,1.0,False,81.0
Myntra,Shopping,2026-08-15,449,49,390,1,3,12,8,20,13,0,3,3,4.4321,0.3839,0.1091,Sat,False,1.0,False,49.0
Myntra,Shopping,2026-08-16,524,51,471,3,6,8,6,20,20,0,10,0,4.5439,0.4534,0.0973,Sun,False,1.0,False,51.0
Myntra,Shopping,2026-08-17,500,67,428,1,5,14,3,29,29,2,9,1,4.356,0.3875,0.134,Mon,False,1.0,False,67.0
Myntra,Shopping,2026-08-18,540,93,444,1,16,21,8,40,35,2,13,2,4.2407,0.3502,0.1722,Tue,False,1.0,False,93.0
Myntra,Shopping,2026-08-19,521,63,452,1,10,15,6,44,32,0,9,2,4.4395,0.4061,0.1209,Wed,False,1.0,False,63.0
Myntra,Shopping,2026-08-20,519,58,457,1,6,14,7,25,23,0,8,0,4.474,0.397,0.1118,Thu,False,1.0,False,58.0
Myntra,Shopping,2026-08-21,509,62,439,2,7,13,8,34,30,2,8,4,4.387,0.3927,0.1218,Fri,False,1.0,False,62.0
Myntra,Shopping,2026-08-22,541,65,469,0,14,14,5,28,19,2,10,1,4.4159,0.4152,0.1201,Sat,False,1.0,False,65.0
Myntra,Shopping,2026-08-23,572,91,474,1,9,19,7,43,35,3,8,2,4.2832,0.3516,0.1591,Sun,False,1.0,False,91.0
Myntra,Shopping,2026-08-24,480,67,406,1,11,10,12,36,23,0,9,0,4.35,0.3563,0.1396,Mon,False,1.0,False,67.0
Myntra,Shopping,2026-08-25,439,55,381,2,6,13,4,27,22,0,4,2,4.3964,0.3905,0.1253,Tue,False,1.0,False,55.0
Myntra,Shopping,2026-08-26,463,70,383,3,16,8,12,37,26,1,8,1,4.2678,0.3646,0.1512,Wed,False,1.0,False,70.0
Myntra,Shopping,2026-08-27,432,87,341,1,21,13,7,34,27,1,10,1,4.1227,0.3109,0.2014,Thu,False,1.0,False,87.0
Myntra,Shopping,2026-08-28,315,41,271,1,4,11,3,14,14,1,3,0,4.4032,0.382,0.1302,Fri,False,1.0,False,41.0
Myntra,Shopping,2026-08-29,384,54,325,3,6,14,0,18,24,1,5,1,4.3203,0.3672,0.1406,Sat,False,1.0,False,54.0
Myntra,Shopping,2026-08-30,466,56,402,2,7,8,5,21,20,0,8,0,4.4142,0.3751,0.1202,Sun,False,1.0,False,56.0
Myntra,Shopping,2026-08-31,412,45,362,0,7,7,3,16,16,0,4,1,4.4417,0.4179,0.1092,Mon,False,1.0,False,45.0
Myntra,Shopping,2026-09-01,539,60,472,1,8,9,6,31,18,1,8,0,4.449,0.4093,0.1113,Tue,False,1.0,False,60.0
Myntra,Shopping,2026-09-02,537,63,468,2,8,14,5,21,16,0,7,2,4.4432,0.406,0.1173,Wed,False,1.0,False,63.0
Myntra,Shopping,2026-09-03,498,52,441,1,9,13,3,31,14,1,6,1,4.4819,0.3925,0.1044,Thu,False,1.0,False,52.0
Myntra,Shopping,2026-09-04,522,67,448,5,9,12,5,24,21,2,5,3,4.3908,0.3927,0.1284,Fri,False,1.0,False,67.0
Myntra,Shopping,2026-09-05,508,52,450,0,10,6,4,22,22,0,8,1,4.4921,0.4044,0.1024,Sat,False,1.0,False,52.0
Myntra,Shopping,2026-09-06,558,44,506,1,8,9,4,25,19,0,5,1,4.595,0.4411,0.0789,Sun,False,1.0,False,44.0
Myntra,Shopping,2026-09-07,543,41,491,3,2,13,6,21,13,1,2,3,4.5783,0.4185,0.0755,Mon,False,1.0,False,41.0
Myntra,Shopping,2026-09-08,577,69,501,0,12,14,10,30,22,0,5,1,4.4281,0.4006,0.1196,Tue,False,1.0,False,69.0
Myntra,Shopping,2026-09-09,531,64,464,0,10,19,3,19,25,0,11,2,4.4388,0.411,0.1205,Wed,False,1.0,False,64.0
Myntra,Shopping,2026-09-10,552,61,485,0,8,17,3,28,15,0,7,3,4.4547,0.3841,0.1105,Thu,False,1.0,False,61.0
Myntra,Shopping,2026-09-11,577,74,497,4,8,23,8,38,30,1,3,3,4.3934,0.4013,0.1282,Fri,False,1.0,False,74.0
Myntra,Shopping,2026-09-12,568,67,497,1,7,15,6,27,23,1,6,0,4.4454,0.4013,0.118,Sat,False,1.0,False,67.0
Myntra,Shopping,2026-09-13,576,65,505,1,7,11,4,31,18,0,6,1,4.4514,0.4042,0.1128,Sun,False,1.0,False,65.0
Myntra,Shopping,2026-09-14,486,46,430,2,7,12,3,18,15,1,7,0,4.5185,0.3763,0.0947,Mon,False,1.0,False,46.0
Myntra,Shopping,2026-09-15,469,59,404,4,10,14,3,32,17,0,10,0,4.3966,0.3865,0.1258,Tue,False,1.0,False,59.0
Myntra,Shopping,2026-09-16,482,49,428,0,6,6,3,17,16,0,7,0,4.5104,0.4144,0.1017,Wed,False,1.0,False,49.0
Myntra,Shopping,2026-09-17,454,55,395,0,11,10,4,24,15,1,10,3,4.4075,0.3883,0.1211,Thu,False,1.0,False,55.0
Myntra,Shopping,2026-09-18,467,67,395,3,14,15,3,28,19,1,6,2,4.3276,0.3643,0.1435,Fri,False,1.0,False,67.0
Myntra,Shopping,2026-09-19,475,62,408,0,12,10,8,28,27,0,5,1,4.3705,0.373,0.1305,Sat,False,1.0,False,62.0
Myntra,Shopping,2026-09-20,499,65,423,3,7,9,7,25,27,0,9,1,4.3888,0.3713,0.1303,Sun,False,1.0,False,65.0
Flipkart,Shopping,2026-04-01,1875,270,1506,6,13,19,6,37,30,5,15,3,4.2277,0.3534,0.144,Wed,False,1.0,False,270.0
Flipkart,Shopping,2026-04-02,1653,235,1331,9,9,25,5,28,27,1,16,1,4.239,0.3635,0.1422,Thu,False,1.0,False,235.0
Flipkart,Shopping,2026-04-03,1782,254,1445,10,8,22,6,34,33,1,18,3,4.2357,0.36,0.1425,Fri,False,1.0,False,254.0
Flipkart,Shopping,2026-04-04,1578,229,1239,3,12,16,7,30,34,2,12,2,4.1597,0.363,0.1451,Sat,False,1.0,False,229.0
Flipkart,Shopping,2026-04-05,1717,232,1378,6,15,30,4,24,35,2,16,2,4.2242,0.3686,0.1351,Sun,False,1.0,False,232.0
Flipkart,Shopping,2026-04-06,1519,222,1226,4,11,22,9,30,26,2,12,1,4.2186,0.3579,0.1461,Mon,False,1.0,False,222.0
Flipkart,Shopping,2026-04-07,1841,268,1495,5,7,31,10,42,25,2,14,3,4.2243,0.3529,0.1456,Tue,False,1.0,False,268.0
Flipkart,Shopping,2026-04-08,1638,246,1308,4,7,28,5,29,25,0,18,2,4.2094,0.3613,0.1502,Wed,False,1.0,False,246.0
Flipkart,Shopping,2026-04-09,1762,272,1396,3,13,22,7,35,45,3,13,3,4.1703,0.3506,0.1544,Thu,False,1.0,False,272.0
Flipkart,Shopping,2026-04-10,1663,216,1351,2,15,23,8,23,24,1,19,2,4.2622,0.3648,0.1299,Fri,False,1.0,False,216.0
Flipkart,Shopping,2026-04-11,1723,259,1378,9,16,26,15,41,40,3,14,1,4.2089,0.3565,0.1503,Sat,False,1.0,False,259.0
Flipkart,Shopping,2026-04-12,1814,290,1406,11,15,37,8,41,49,1,14,1,4.1461,0.3349,0.1599,Sun,False,1.0,False,290.0
Flipkart,Shopping,2026-04-13,1482,259,1148,7,13,49,11,35,42,5,21,2,4.112,0.3363,0.1748,Mon,False,1.0,False,259.0
Flipkart,Shopping,2026-04-14,1665,294,1293,6,12,33,11,42,49,2,19,0,4.1153,0.3291,0.1766,Tue,False,1.0,False,294.0
Flipkart,Shopping,2026-04-15,1553,253,1200,5,12,24,7,32,42,3,14,3,4.1108,0.345,0.1629,Wed,False,1.0,False,253.0
Flipkart,Shopping,2026-04-16,1626,244,1276,1,10,23,8,26,37,3,19,4,4.1716,0.3571,0.1501,Thu,False,1.0,False,244.0
Flipkart,Shopping,2026-04-17,1502,275,1128,7,5,33,6,33,36,0,18,2,4.0559,0.3428,0.1831,Fri,False,1.0,False,275.0
Flipkart,Shopping,2026-04-18,1436,237,1122,5,8,47,4,42,35,3,25,1,4.1379,0.3316,0.165,Sat,False,1.0,False,237.0
Flipkart,Shopping,2026-04-19,1577,258,1236,9,13,34,9,34,33,2,16,3,4.1268,0.3444,0.1636,Sun,False,1.0,False,258.0
Flipkart,Shopping,2026-04-20,1376,235,1061,4,12,35,9,46,44,2,14,1,4.1039,0.3302,0.1708,Mon,False,1.0,False,235.0
Flipkart,Shopping,2026-04-21,853,211,599,5,16,40,7,53,46,1,30,1,3.8206,0.2447,0.2474,Tue,True,1.0,False,211.0
Flipkart,Shopping,2026-04-22,478,181,274,4,17,31,10,45,50,3,11,0,3.3243,0.1473,0.3787,Wed,True,1.0,False,181.0
Flipkart,Shopping,2026-04-23,378,165,197,9,14,22,8,33,37,2,10,3,3.1429,0.1041,0.4365,Thu,True,1.0,False,165.0
Flipkart,Shopping,2026-04-24,309,159,142,2,14,39,8,41,47,1,17,1,2.8673,0.0207,0.5146,Fri,True,1.0,False,159.0
Flipkart,Shopping,2026-04-25,271,189,72,8,18,35,13,46,53,2,20,2,2.1365,-0.1455,0.6974,Sat,True,1.0,False,189.0
Flipkart,Shopping,2026-04-26,263,175,80,5,11,28,6,44,41,3,18,2,2.2852,-0.1247,0.6654,Sun,True,1.0,False,175.0
Flipkart,Shopping,2026-04-27,274,187,76,2,10,34,9,33,49,5,21,2,2.1788,-0.1212,0.6825,Mon,True,1.0,False,187.0
Flipkart,Shopping,2026-04-28,236,173,57,3,9,20,13,48,59,2,16,2,2.0381,-0.1686,0.7331,Tue,True,1.0,False,173.0
Flipkart,Shopping,2026-04-29,225,167,53,2,12,35,6,40,42,2,17,0,1.9689,-0.1819,0.7422,Wed,True,1.0,False,167.0
Flipkart,Shopping,2026-04-30,224,167,55,5,8,29,7,30,49,3,23,3,1.9911,-0.1871,0.7455,Thu,True,1.0,False,167.0
Flipkart,Shopping,2026-05-01,258,183,68,4,11,28,13,49,59,3,17,3,2.1279,-0.1494,0.7093,Fri,True,1.0,False,183.0
Flipkart,Shopping,2026-05-02,284,188,89,8,12,37,9,43,59,3,12,1,2.2817,-0.0571,0.662,Sat,True,1.0,False,188.0
Flipkart,Shopping,2026-05-03,420,195,203,5,10,31,8,43,53,1,22,1,3.0143,0.0627,0.4643,Sun,True,1.0,False,195.0
Flipkart,Shopping,2026-05-04,373,152,207,9,10,24,4,24,35,2,9,3,3.2493,0.1307,0.4075,Mon,True,1.0,False,152.0
Flipkart,Shopping,2026-05-05,459,185,257,20,6,22,6,32,44,2,20,3,3.2702,0.1201,0.4031,Tue,True,1.0,False,185.0
Flipkart,Shopping,2026-05-06,1290,219,1000,5,4,35,8,42,42,0,18,3,4.1248,0.323,0.1698,Wed,False,1.0,False,219.0
Flipkart,Shopping,2026-05-07,1650,247,1324,5,14,31,10,44,44,2,15,3,4.1933,0.3519,0.1497,Thu,False,1.0,False,247.0
Flipkart,Shopping,2026-05-08,2246,328,1772,8,12,34,8,51,44,2,20,1,4.1874,0.356,0.146,Fri,False,1.0,False,328.0
Flipkart,Shopping,2026-05-09,2570,380,2060,5,12,49,12,55,62,3,25,5,4.1957,0.3604,0.1479,Sat,False,1.0,False,380.0
Flipkart,Shopping,2026-05-10,2245,298,1837,5,9,35,15,47,47,1,19,3,4.2695,0.3636,0.1327,Sun,False,1.0,False,298.0
Flipkart,Shopping,2026-05-11,2067,307,1650,5,17,25,16,52,44,3,29,1,4.1935,0.3519,0.1485,Mon,False,1.0,False,307.0
Flipkart,Shopping,2026-05-12,2031,313,1591,5,16,40,6,50,41,4,29,2,4.1689,0.3484,0.1541,Tue,False,1.0,False,313.0
Flipkart,Shopping,2026-05-13,1998,344,1540,8,15,39,9,58,72,1,23,0,4.1151,0.3351,0.1722,Wed,False,1.0,False,344.0
Flipkart,Shopping,2026-05-14,1999,334,1547,9,13,38,18,59,60,0,20,3,4.1231,0.3369,0.1671,Thu,False,1.0,False,334.0
Flipkart,Shopping,2026-05-15,1871,292,1459,7,6,37,7,43,55,1,21,3,4.1443,0.3497,0.1561,Fri,False,1.0,False,292.0
Flipkart,Shopping,2026-05-16,1980,343,1516,7,21,50,14,62,77,5,24,1,4.0919,0.3232,0.1732,Sat,False,1.0,False,343.0
Flipkart,Shopping,2026-05-17,2087,324,1658,2,15,40,11,57,63,4,29,1,4.1917,0.3493,0.1552,Sun,False,1.0,False,324.0
Flipkart,Shopping,2026-05-18,1667,288,1281,5,7,40,11,46,66,0,20,0,4.0918,0.323,0.1728,Mon,False,1.0,False,288.0
Flipkart,Shopping,2026-05-19,1618,324,1213,3,22,52,11,72,64,4,27,0,4.0204,0.3081,0.2002,Tue,False,1.0,False,324.0
Flipkart,Shopping,2026-05-20,1581,314,1183,5,19,35,7,55,52,3,29,0,4.0171,0.3057,0.1986,Wed,False,1.0,False,314.0
Flipkart,Shopping,2026-05-21,1668,323,1258,10,18,38,10,58,73,3,29,2,4.0288,0.3119,0.1936,Thu,False,1.0,False,323.0
Flipkart,Shopping,2026-05-22,1549,305,1161,7,18,45,13,68,70,2,26,3,4.0232,0.3174,0.1969,Fri,False,1.0,False,305.0
Flipkart,Shopping,2026-05-23,1290,273,935,8,22,38,9,53,58,3,24,0,3.9426,0.3066,0.2116,Sat,False,1.0,False,273.0
Flipkart,Shopping,2026-05-24,1613,305,1226,5,15,30,8,52,60,4,29,3,4.0539,0.3135,0.1891,Sun,False,1.0,False,305.0
Flipkart,Shopping,2026-05-25,1389,259,1047,4,17,41,9,48,58,3,22,1,4.0526,0.314,0.1865,Mon,False,1.0,False,259.0
Flipkart,Shopping,2026-05-26,1433,279,1074,4,17,41,10,53,53,2,20,2,4.0,0.3126,0.1947,Tue,False,1.0,False,279.0
Flipkart,Shopping,2026-05-27,1315,270,977,5,10,35,9,47,51,3,23,2,3.9802,0.3267,0.2053,Wed,False,1.0,False,270.0
Flipkart,Shopping,2026-05-28,1823,319,1401,5,11,35,8,60,57,2,24,0,4.0987,0.3369,0.175,Thu,False,1.0,False,319.0
Flipkart,Shopping,2026-05-29,1725,268,1369,5,15,38,14,47,41,2,18,2,4.1762,0.3356,0.1554,Fri,False,1.0,False,268.0
Flipkart,Shopping,2026-05-30,1730,277,1349,5,10,36,10,51,41,1,21,0,4.1335,0.3396,0.1601,Sat,False,1.0,False,277.0
Flipkart,Shopping,2026-05-31,1737,271,1359,9,11,31,14,29,50,1,24,3,4.167,0.3549,0.156,Sun,False,1.0,False,271.0
Flipkart,Shopping,2026-06-01,1665,283,1284,8,14,27,12,48,46,3,26,3,4.0931,0.3445,0.17,Mon,False,1.0,False,283.0
Flipkart,Shopping,2026-06-02,1758,278,1394,3,15,44,10,44,53,2,29,3,4.1706,0.3495,0.1581,Tue,False,1.0,False,278.0
Flipkart,Shopping,2026-06-03,1711,272,1344,2,18,34,9,46,65,2,25,0,4.1426,0.3427,0.159,Wed,False,1.0,False,272.0
Flipkart,Shopping,2026-06-04,1690,276,1320,7,18,27,9,44,45,3,28,1,4.1272,0.3417,0.1633,Thu,False,1.0,False,276.0
Flipkart,Shopping,2026-06-05,1771,295,1383,7,17,40,13,56,54,4,27,2,4.1225,0.3372,0.1666,Fri,False,1.0,False,295.0
Flipkart,Shopping,2026-06-06,1716,278,1345,4,10,33,10,57,61,1,20,4,4.1381,0.3409,0.162,Sat,False,1.0,False,278.0
Flipkart,Shopping,2026-06-07,1821,270,1452,6,13,38,10,40,41,0,26,2,4.1949,0.3532,0.1483,Sun,False,1.0,False,270.0
Flipkart,Shopping,2026-06-08,1638,266,1281,4,14,44,9,61,52,2,26,0,4.1392,0.3444,0.1624,Mon,False,1.0,False,266.0
Flipkart,Shopping,2026-06-09,1658,314,1249,6,22,42,12,50,49,4,25,2,4.0428,0.314,0.1894,Tue,False,1.0,False,314.0
Flipkart,Shopping,2026-06-10,1611,279,1239,6,13,38,9,59,59,0,19,1,4.0944,0.3259,0.1732,Wed,False,1.0,False,279.0
Flipkart,Shopping,2026-06-11,1685,287,1300,6,13,38,9,43,54,5,20,3,4.1056,0.329,0.1703,Thu,False,1.0,False,287.0
Flipkart,Shopping,2026-06-12,1602,298,1223,5,17,33,11,55,50,2,22,2,4.0787,0.329,0.186,Fri,False,1.0,False,298.0
Flipkart,Shopping,2026-06-13,1629,298,1251,6,16,38,12,47,53,3,16,2,4.0823,0.325,0.1829,Sat,False,1.0,False,298.0
Flipkart,Shopping,2026-06-14,1609,303,1217,9,10,39,11,54,55,3,22,4,4.0416,0.332,0.1883,Sun,False,1.0,False,303.0
Flipkart,Shopping,2026-06-15,1564,298,1179,6,21,53,11,47,50,3,16,1,4.0352,0.3166,0.1905,Mon,False,1.0,False,298.0
Flipkart,Shopping,2026-06-16,1516,268,1148,10,10,49,9,52,61,2,18,0,4.06,0.3219,0.1768,Tue,False,1.0,False,268.0
Flipkart,Shopping,2026-06-17,1569,276,1218,6,17,31,11,50,60,2,30,2,4.0899,0.3284,0.1759,Wed,False,1.0,False,276.0
Flipkart,Shopping,2026-06-18,1602,289,1224,7,15,34,10,41,47,4,25,4,4.0762,0.3341,0.1804,Thu,False,1.0,False,289.0
Flipkart,Shopping,2026-06-19,1503,249,1171,6,13,40,9,45,48,3,13,3,4.1244,0.3352,0.1657,Fri,False,1.0,False,249.0
Flipkart,Shopping,2026-06-20,1574,308,1191,6,15,48,12,49,54,4,22,1,4.0489,0.3263,0.1957,Sat,False,1.0,False,308.0
Flipkart,Shopping,2026-06-21,1630,285,1246,12,17,40,12,44,56,3,26,3,4.0975,0.3196,0.1748,Sun,False,1.0,False,285.0
Flipkart,Shopping,2026-06-22,1520,253,1188,1,12,31,8,41,31,1,25,1,4.1428,0.3378,0.1664,Mon,False,1.0,False,253.0
Flipkart,Shopping,2026-06-23,1543,228,1220,6,12,23,9,34,37,5,18,1,4.1841,0.3445,0.1478,Tue,False,1.0,False,228.0
Flipkart,Shopping,2026-06-24,1501,259,1161,5,14,35,9,51,45,2,20,0,4.1106,0.3411,0.1726,Wed,False,1.0,False,259.0
Flipkart,Shopping,2026-06-25,1512,259,1189,3,15,36,12,42,41,3,17,1,4.1442,0.3428,0.1713,Thu,False,1.0,False,259.0
Flipkart,Shopping,2026-06-26,1543,260,1205,4,16,31,13,43,47,3,20,1,4.127,0.3356,0.1685,Fri,False,1.0,False,260.0
Flipkart,Shopping,2026-06-27,1465,226,1141,4,15,26,6,36,39,0,16,1,4.1611,0.3499,0.1543,Sat,False,1.0,False,226.0
Flipkart,Shopping,2026-06-28,1552,252,1207,6,13,28,11,49,53,4,24,2,4.1418,0.3332,0.1624,Sun,False,1.0,False,252.0
Flipkart,Shopping,2026-06-29,1438,273,1077,5,8,49,6,32,46,0,13,0,4.0181,0.322,0.1898,Mon,False,1.0,False,273.0
Flipkart,Shopping,2026-06-30,1604,260,1244,10,12,35,11,48,42,0,9,4,4.1446,0.3332,0.1621,Tue,False,1.0,False,260.0
Flipkart,Shopping,2026-07-01,1696,239,1365,6,12,26,11,34,40,3,15,1,4.2182,0.3425,0.1409,Wed,False,1.0,False,239.0
Flipkart,Shopping,2026-07-02,1730,285,1339,5,14,29,10,52,43,4,23,2,4.1243,0.3475,0.1647,Thu,False,1.0,False,285.0
Flipkart,Shopping,2026-07-03,2056,302,1652,10,14,22,8,36,34,2,27,2,4.214,0.3573,0.1469,Fri,False,1.0,False,302.0
Flipkart,Shopping,2026-07-04,3465,451,2829,8,20,35,10,60,57,4,37,4,4.2753,0.3713,0.1302,Sat,False,1.0,False,451.0
Flipkart,Shopping,2026-07-05,2857,396,2316,3,18,36,18,53,66,3,36,4,4.2405,0.3609,0.1386,Sun,False,1.0,False,396.0
Flipkart,Shopping,2026-07-06,2180,338,1750,10,14,38,12,51,57,2,31,1,4.1954,0.3423,0.155,Mon,False,1.0,False,338.0
Flipkart,Shopping,2026-07-07,1899,349,1454,3,25,45,7,57,61,2,24,1,4.0737,0.3362,0.1838,Tue,False,1.0,False,349.0
Flipkart,Shopping,2026-07-08,1884,324,1448,7,14,35,13,61,57,6,16,1,4.1024,0.3291,0.172,Wed,False,1.0,False,324.0
Flipkart,Shopping,2026-07-09,2019,366,1556,7,13,57,7,59,65,6,27,1,4.0713,0.3277,0.1813,Thu,False,1.0,False,366.0
Flipkart,Shopping,2026-07-10,1715,318,1303,4,11,38,7,56,68,3,25,1,4.0542,0.3142,0.1854,Fri,False,1.0,False,318.0
Flipkart,Shopping,2026-07-11,1716,370,1256,6,15,78,11,70,92,4,15,1,3.9429,0.3025,0.2156,Sat,False,1.0,False,370.0
Flipkart,Shopping,2026-07-12,1803,344,1375,11,15,53,5,61,67,6,25,1,4.0599,0.309,0.1908,Sun,False,1.0,False,344.0
Flipkart,Shopping,2026-07-13,1698,347,1251,10,23,53,11,55,65,8,26,2,3.9541,0.3038,0.2044,Mon,False,1.0,False,347.0
Flipkart,Shopping,2026-07-14,1729,328,1310,8,23,52,8,59,62,2,22,2,4.0451,0.3076,0.1897,Tue,False,1.0,False,328.0
Flipkart,Shopping,2026-07-15,1731,332,1282,13,22,54,12,75,65,3,23,3,4.0237,0.3172,0.1918,Wed,False,1.0,False,332.0
Flipkart,Shopping,2026-07-16,1578,300,1175,5,12,50,12,50,62,2,21,0,4.012,0.312,0.1901,Thu,False,1.0,False,300.0
Flipkart,Shopping,2026-07-17,1559,298,1164,5,19,44,8,57,56,2,19,1,4.034,0.3101,0.1911,Fri,False,1.0,False,298.0
Flipkart,Shopping,2026-07-18,1603,320,1192,10,26,51,14,71,64,3,27,0,3.995,0.2999,0.1996,Sat,False,1.0,False,320.0
Flipkart,Shopping,2026-07-19,1686,334,1273,7,18,43,7,60,64,1,20,2,4.0125,0.318,0.1981,Sun,False,1.0,False,334.0
Flipkart,Shopping,2026-07-20,1434,282,1068,4,17,42,15,63,49,2,15,1,4.0244,0.3118,0.1967,Mon,False,1.0,False,282.0
Flipkart,Shopping,2026-07-21,1387,283,1047,7,21,51,7,59,57,4,20,1,4.0043,0.2987,0.204,Tue,False,1.0,False,283.0
Flipkart,Shopping,2026-07-22,1388,254,1057,6,14,35,4,61,47,1,24,0,4.0439,0.3173,0.183,Wed,False,1.0,False,254.0
Flipkart,Shopping,2026-07-23,1416,261,1080,7,17,42,10,50,51,5,24,0,4.053,0.3092,0.1843,Thu,False,1.0,False,261.0
Flipkart,Shopping,2026-07-24,1467,240,1141,2,16,34,7,41,42,1,19,0,4.1261,0.3288,0.1636,Fri,False,1.0,False,240.0
Flipkart,Shopping,2026-07-25,1517,284,1149,6,10,39,7,46,55,3,22,3,4.0468,0.3211,0.1872,Sat,False,1.0,False,284.0
Flipkart,Shopping,2026-07-26,1627,293,1242,6,11,47,9,58,52,1,21,0,4.0688,0.3296,0.1801,Sun,False,1.0,False,293.0
Flipkart,Shopping,2026-07-27,1442,286,1070,8,18,32,10,52,41,1,18,1,4.018,0.31,0.1983,Mon,False,1.0,False,286.0
Flipkart,Shopping,2026-07-28,1433,244,1107,7,6,41,5,55,40,0,15,1,4.1103,0.3338,0.1703,Tue,False,1.0,False,244.0
Flipkart,Shopping,2026-07-29,1561,269,1194,7,11,31,10,43,45,2,19,3,4.1063,0.3436,0.1723,Wed,False,1.0,False,269.0
Flipkart,Shopping,2026-07-30,1576,244,1232,3,15,34,9,41,42,1,13,0,4.1542,0.3439,0.1548,Thu,False,1.0,False,244.0
Flipkart,Shopping,2026-07-31,1577,230,1249,5,10,41,9,37,45,4,23,2,4.2074,0.3451,0.1458,Fri,False,1.0,False,230.0
Flipkart,Shopping,2026-08-01,1758,270,1391,7,15,28,8,50,55,3,16,4,4.1758,0.3428,0.1536,Sat,False,1.0,False,270.0
Flipkart,Shopping,2026-08-02,1859,290,1474,8,17,36,8,47,50,2,14,6,4.1781,0.3463,0.156,Sun,False,1.0,False,290.0
Flipkart,Shopping,2026-08-03,1567,258,1222,2,8,31,11,33,30,1,15,2,4.1391,0.3278,0.1646,Mon,False,1.0,False,258.0
Flipkart,Shopping,2026-08-04,1693,290,1324,9,19,33,8,51,52,1,13,1,4.1323,0.3265,0.1713,Tue,False,1.0,False,290.0
Flipkart,Shopping,2026-08-05,1741,285,1344,4,14,31,6,53,47,0,17,1,4.1338,0.3498,0.1637,Wed,False,1.0,False,285.0
Flipkart,Shopping,2026-08-06,1642,267,1278,8,14,30,6,35,47,3,12,1,4.134,0.3565,0.1626,Thu,False,1.0,False,267.0
Flipkart,Shopping,2026-08-07,2096,324,1656,10,21,38,14,43,31,3,26,1,4.1861,0.3608,0.1546,Fri,False,1.0,False,324.0
Flipkart,Shopping,2026-08-08,2509,350,1997,6,16,36,10,61,62,2,40,2,4.2077,0.3631,0.1395,Sat,False,1.0,False,350.0
Flipkart,Shopping,2026-08-09,2279,360,1815,8,17,45,9,46,63,4,25,2,4.1786,0.3473,0.158,Sun,False,1.0,False,360.0
Flipkart,Shopping,2026-08-10,1972,334,1526,6,8,40,14,60,54,1,21,3,4.1192,0.3361,0.1694,Mon,False,1.0,False,334.0
Flipkart,Shopping,2026-08-11,1843,328,1418,10,12,55,10,52,64,4,20,1,4.0825,0.3267,0.178,Tue,False,1.0,False,328.0
Flipkart,Shopping,2026-08-12,1868,333,1435,6,19,72,12,68,76,1,29,2,4.0915,0.3252,0.1783,Wed,False,1.0,False,333.0
Flipkart,Shopping,2026-08-13,1779,353,1318,5,23,56,8,45,69,3,19,2,4.0073,0.3161,0.1984,Thu,False,1.0,False,353.0
Flipkart,Shopping,2026-08-14,1781,383,1299,8,29,75,20,66,92,1,35,1,3.9534,0.304,0.215,Fri,False,1.0,False,383.0
Flipkart,Shopping,2026-08-15,1883,348,1432,10,24,51,11,51,70,7,18,2,4.0611,0.3166,0.1848,Sat,False,1.0,False,348.0
Flipkart,Shopping,2026-08-16,2117,371,1652,1,18,59,17,70,69,5,29,1,4.1006,0.3341,0.1752,Sun,False,1.0,False,371.0
Flipkart,Shopping,2026-08-17,1543,347,1110,7,15,72,15,67,72,2,23,1,3.9047,0.2914,0.2249,Mon,False,1.0,False,347.0
Flipkart,Shopping,2026-08-18,1568,369,1119,8,24,71,10,66,79,2,24,2,3.8744,0.2747,0.2353,Tue,False,1.0,False,369.0
Flipkart,Shopping,2026-08-19,1541,341,1116,6,32,70,15,74,83,3,25,2,3.9182,0.2862,0.2213,Wed,False,1.0,False,341.0
Flipkart,Shopping,2026-08-20,1441,331,1026,10,18,73,15,71,85,3,36,1,3.8765,0.2699,0.2297,Thu,False,1.0,False,331.0
Flipkart,Shopping,2026-08-21,1420,341,1008,3,11,62,9,66,65,3,30,2,3.8754,0.2777,0.2401,Fri,False,1.0,False,341.0
Flipkart,Shopping,2026-08-22,1492,374,1048,11,16,85,8,78,82,2,33,3,3.8164,0.2647,0.2507,Sat,False,1.0,False,374.0
Flipkart,Shopping,2026-08-23,1515,343,1096,4,21,68,13,61,89,3,29,0,3.9201,0.2824,0.2264,Sun,False,1.0,False,343.0
Flipkart,Shopping,2026-08-24,1353,329,946,7,19,68,9,62,72,4,26,0,3.8322,0.2626,0.2432,Mon,False,1.0,False,329.0
Flipkart,Shopping,2026-08-25,1388,310,997,2,17,62,13,57,71,2,22,0,3.9071,0.2773,0.2233,Tue,False,1.0,False,310.0
Flipkart,Shopping,2026-08-26,1328,313,945,3,26,48,15,76,63,5,30,0,3.8758,0.2776,0.2357,Wed,False,1.0,False,313.0
Flipkart,Shopping,2026-08-27,1197,293,842,4,24,60,10,55,66,2,15,2,3.8321,0.2633,0.2448,Thu,False,1.0,False,293.0
Flipkart,Shopping,2026-08-28,1222,279,872,6,12,45,12,59,63,3,18,3,3.8936,0.2881,0.2283,Fri,False,1.0,False,279.0
Flipkart,Shopping,2026-08-29,1319,262,993,6,12,44,11,36,50,1,17,4,4.0099,0.3096,0.1986,Sat,False,1.0,False,262.0
Flipkart,Shopping,2026-08-30,1393,292,1029,7,19,54,9,46,53,2,21,6,3.9799,0.2959,0.2096,Sun,False,1.0,False,292.0
Flipkart,Shopping,2026-08-31,1203,276,872,6,14,50,11,53,55,1,15,2,3.9061,0.2811,0.2294,Mon,False,1.0,False,276.0
Flipkart,Shopping,2026-09-01,1480,295,1102,5,23,37,13,57,62,0,28,3,3.9986,0.2921,0.1993,Tue,False,1.0,False,295.0
Flipkart,Shopping,2026-09-02,1463,275,1114,6,16,35,10,39,56,0,19,3,4.0567,0.2924,0.188,Wed,False,1.0,False,275.0
Flipkart,Shopping,2026-09-03,1548,293,1165,3,25,31,8,42,49,4,27,3,4.051,0.296,0.1893,Thu,False,1.0,False,293.0
Flipkart,Shopping,2026-09-04,1438,306,1064,9,19,41,11,52,63,3,35,5,3.9729,0.2775,0.2128,Fri,False,1.0,False,306.0
Flipkart,Shopping,2026-09-05,1376,278,1021,10,17,30,8,49,55,4,26,3,3.9826,0.2918,0.202,Sat,False,1.0,False,278.0
Flipkart,Shopping,2026-09-06,1606,294,1237,8,12,46,13,54,47,1,24,4,4.0965,0.3053,0.1831,Sun,False,1.0,False,294.0
Flipkart,Shopping,2026-09-07,1398,302,1025,6,15,49,7,50,64,3,14,3,3.9614,0.2856,0.216,Mon,False,1.0,False,302.0
Flipkart,Shopping,2026-09-08,1404,316,1027,5,15,52,14,57,65,4,27,3,3.9316,0.2757,0.2251,Tue,False,1.0,False,316.0
Flipkart,Shopping,2026-09-09,1414,287,1043,7,17,47,14,58,67,3,27,2,3.988,0.2887,0.203,Wed,False,1.0,False,287.0
Flipkart,Shopping,2026-09-10,1286,242,974,1,12,30,5,48,49,2,18,3,4.0358,0.3025,0.1882,Thu,False,1.0,False,242.0
Flipkart,Shopping,2026-09-11,1298,234,992,10,13,35,8,38,45,4,15,1,4.0724,0.3024,0.1803,Fri,False,1.0,False,234.0
Flipkart,Shopping,2026-09-12,1351,279,993,5,16,34,5,50,40,5,22,6,3.9445,0.2987,0.2065,Sat,False,1.0,False,279.0
Flipkart,Shopping,2026-09-13,1425,282,1078,4,11,39,8,47,48,3,28,3,4.0323,0.2873,0.1979,Sun,False,1.0,False,282.0
Flipkart,Shopping,2026-09-14,1366,288,1010,9,19,43,8,53,51,4,19,3,3.9795,0.2779,0.2108,Mon,False,1.0,False,288.0
Flipkart,Shopping,2026-09-15,1297,280,941,9,19,47,9,61,56,1,16,4,3.9337,0.2944,0.2159,Tue,False,1.0,False,280.0
Flipkart,Shopping,2026-09-16,1408,290,1045,5,16,42,8,46,55,3,27,1,3.9815,0.2915,0.206,Wed,False,1.0,False,290.0
Flipkart,Shopping,2026-09-17,1362,265,1007,6,17,37,16,43,47,2,22,3,3.9934,0.2872,0.1946,Thu,False,1.0,False,265.0
Flipkart,Shopping,2026-09-18,1239,237,936,13,16,27,9,41,36,4,21,0,4.0363,0.3126,0.1913,Fri,False,1.0,False,237.0
Flipkart,Shopping,2026-09-19,1419,254,1084,14,10,35,8,31,41,1,11,3,4.0648,0.3127,0.179,Sat,False,1.0,False,254.0
Flipkart,Shopping,2026-09-20,1509,240,1184,8,13,26,8,34,47,1,12,6,4.1604,0.3368,0.159,Sun,False,1.0,False,240.0
Amazon,Shopping,2026-04-01,199,81,103,3,11,12,2,21,25,4,5,4,3.1307,0.1503,0.407,Wed,False,1.0,False,81.0
Amazon,Shopping,2026-04-02,210,98,106,4,15,20,5,31,36,2,9,0,3.0476,0.1236,0.4667,Thu,False,1.0,False,98.0
Amazon,Shopping,2026-04-03,219,90,120,3,18,12,4,29,29,0,11,1,3.2283,0.1389,0.411,Fri,False,1.0,False,90.0
Amazon,Shopping,2026-04-04,204,96,103,2,7,15,7,17,35,0,12,1,3.0196,0.0696,0.4706,Sat,False,1.0,False,96.0
Amazon,Shopping,2026-04-05,198,74,118,3,4,10,3,9,13,1,9,0,3.4192,0.1874,0.3737,Sun,False,1.0,False,74.0
Amazon,Shopping,2026-04-06,205,99,97,1,13,13,8,24,33,2,10,0,2.9415,0.0722,0.4829,Mon,False,1.0,False,99.0
Amazon,Shopping,2026-04-07,200,90,99,1,7,11,6,18,23,0,4,0,3.035,0.1612,0.45,Tue,False,1.0,False,90.0
Amazon,Shopping,2026-04-08,222,98,119,6,7,10,6,27,27,2,6,2,3.1351,0.1008,0.4414,Wed,False,1.0,False,98.0
Amazon,Shopping,2026-04-09,204,93,109,6,13,13,4,17,18,1,6,1,3.1127,0.1189,0.4559,Thu,False,1.0,False,93.0
Amazon,Shopping,2026-04-10,180,84,91,4,8,7,10,20,24,1,5,0,3.05,0.1143,0.4667,Fri,False,1.0,False,84.0
Amazon,Shopping,2026-04-11,206,79,117,3,14,16,2,20,19,0,8,2,3.2816,0.147,0.3835,Sat,False,1.0,False,79.0
Amazon,Shopping,2026-04-12,207,93,105,4,16,18,5,14,26,2,5,0,3.0531,0.1202,0.4493,Sun,False,1.0,False,93.0
Amazon,Shopping,2026-04-13,205,110,91,5,18,16,7,21,34,3,10,1,2.7756,0.0462,0.5366,Mon,False,1.0,False,110.0
Amazon,Shopping,2026-04-14,205,122,77,12,16,20,5,23,39,2,13,4,2.5122,0.0228,0.5951,Tue,False,1.0,False,122.0
Amazon,Shopping,2026-04-15,197,95,98,1,11,15,6,20,26,2,6,3,2.9848,0.0445,0.4822,Wed,False,1.0,False,95.0
Amazon,Shopping,2026-04-16,202,92,106,10,9,14,2,21,33,1,7,1,3.0693,0.1092,0.4554,Thu,False,1.0,False,92.0
Amazon,Shopping,2026-04-17,201,95,100,5,13,17,4,26,29,2,6,1,2.995,0.0727,0.4726,Fri,False,1.0,False,95.0
Amazon,Shopping,2026-04-18,218,95,111,6,17,13,4,28,28,0,5,1,3.1009,0.1317,0.4358,Sat,False,1.0,False,95.0
Amazon,Shopping,2026-04-19,226,100,120,2,13,15,6,27,30,3,7,1,3.1327,0.1155,0.4425,Sun,False,1.0,False,100.0
Amazon,Shopping,2026-04-20,193,88,94,2,15,11,7,23,33,2,10,2,3.0155,0.1092,0.456,Mon,False,1.0,False,88.0
Amazon,Shopping,2026-04-21,184,105,68,8,18,14,6,27,37,1,9,2,2.5489,-0.0142,0.5707,Tue,True,1.0,False,105.0
Amazon,Shopping,2026-04-22,187,132,50,9,11,25,4,20,40,7,8,0,2.1444,-0.1151,0.7059,Wed,True,1.0,False,132.0
Amazon,Shopping,2026-04-23,153,100,50,3,12,20,3,24,33,1,8,2,2.3464,-0.0716,0.6536,Thu,True,1.0,False,100.0
Amazon,Shopping,2026-04-24,128,84,41,3,15,11,4,21,28,5,7,1,2.2812,-0.055,0.6562,Fri,True,1.0,False,84.0
Amazon,Shopping,2026-04-25,142,96,42,1,14,17,8,27,31,2,7,1,2.2324,-0.106,0.6761,Sat,True,1.0,False,96.0
Amazon,Shopping,2026-04-26,148,99,46,3,19,17,6,23,35,3,12,0,2.2838,-0.0622,0.6689,Sun,True,1.0,False,99.0
Amazon,Shopping,2026-04-27,118,87,28,5,8,21,0,19,24,1,5,2,2.0254,-0.1963,0.7373,Mon,True,1.0,False,87.0
Amazon,Shopping,2026-04-28,142,106,29,9,18,24,9,27,32,2,9,1,1.9366,-0.1561,0.7465,Tue,True,1.0,False,106.0
Amazon,Shopping,2026-04-29,127,88,36,0,11,12,11,22,28,2,9,3,2.1732,-0.1452,0.6929,Wed,True,1.0,False,88.0
Amazon,Shopping,2026-04-30,133,95,35,2,11,12,5,20,29,0,7,1,2.1128,-0.0678,0.7143,Thu,True,1.0,False,95.0
Amazon,Shopping,2026-05-01,144,102,38,5,15,14,8,20,24,1,10,1,2.0972,-0.0545,0.7083,Fri,True,1.0,False,102.0
Amazon,Shopping,2026-05-02,121,87,33,4,16,11,7,14,36,3,10,0,2.124,-0.0496,0.719,Sat,True,1.0,False,87.0
Amazon,Shopping,2026-05-03,153,97,51,3,13,13,5,19,31,1,7,1,2.366,-0.0658,0.634,Sun,True,1.0,False,97.0
Amazon,Shopping,2026-05-04,126,82,39,1,6,19,2,16,26,1,7,1,2.3254,0.0358,0.6508,Mon,True,1.0,False,82.0
Amazon,Shopping,2026-05-05,135,95,37,4,9,12,2,26,27,0,5,0,2.1185,-0.0979,0.7037,Tue,True,1.0,False,95.0
Amazon,Shopping,2026-05-06,152,78,71,3,7,21,3,20,27,3,5,2,2.8553,0.0375,0.5132,Wed,False,1.0,False,78.0
Amazon,Shopping,2026-05-07,183,92,87,2,16,8,7,23,30,1,6,1,2.929,0.0554,0.5027,Thu,False,1.0,False,92.0
Amazon,Shopping,2026-05-08,205,94,104,4,12,13,8,16,31,1,4,4,3.039,0.0811,0.4585,Fri,False,1.0,False,94.0
Amazon,Shopping,2026-05-09,267,125,130,4,18,12,7,40,38,1,11,1,2.9813,0.103,0.4682,Sat,False,1.0,False,125.0
Amazon,Shopping,2026-05-10,198,97,95,1,15,12,8,21,29,2,13,0,2.9242,0.0884,0.4899,Sun,False,1.0,False,97.0
Amazon,Shopping,2026-05-11,209,97,106,3,16,24,4,26,34,2,3,5,3.0718,0.1132,0.4641,Mon,False,1.0,False,97.0
Amazon,Shopping,2026-05-12,209,109,86,3,9,15,7,18,41,4,13,3,2.7799,0.0417,0.5215,Tue,False,1.0,False,109.0
Amazon,Shopping,2026-05-13,204,94,101,2,15,20,5,18,35,1,12,1,3.0245,0.022,0.4608,Wed,False,1.0,False,94.0
Amazon,Shopping,2026-05-14,237,124,101,3,17,35,8,28,31,2,12,1,2.8101,0.0391,0.5232,Thu,False,1.0,False,124.0
Amazon,Shopping,2026-05-15,223,115,106,4,14,23,5,30,38,2,17,3,2.8879,0.0397,0.5157,Fri,False,1.0,False,115.0
Amazon,Shopping,2026-05-16,219,111,99,3,21,19,5,31,31,0,13,0,2.8493,0.0945,0.5068,Sat,False,1.0,False,111.0
Amazon,Shopping,2026-05-17,222,105,111,5,6,12,2,26,44,1,7,0,3.0,0.0518,0.473,Sun,False,1.0,False,105.0
Amazon,Shopping,2026-05-18,227,120,97,8,23,23,7,35,38,1,14,3,2.7709,-0.0024,0.5286,Mon,False,1.0,False,120.0
Amazon,Shopping,2026-05-19,211,122,83,5,17,24,4,27,34,4,10,0,2.5924,0.0167,0.5782,Tue,False,1.0,False,122.0
Amazon,Shopping,2026-05-20,215,114,94,2,15,19,9,30,49,0,4,0,2.786,-0.0022,0.5302,Wed,False,1.0,False,114.0
Amazon,Shopping,2026-05-21,203,107,87,2,14,11,7,20,31,2,11,4,2.7685,0.0483,0.5271,Thu,False,1.0,False,107.0
Amazon,Shopping,2026-05-22,187,88,91,0,13,20,3,16,33,1,6,0,2.984,0.1027,0.4706,Fri,False,1.0,False,88.0
Amazon,Shopping,2026-05-23,171,92,72,4,8,11,4,20,29,1,7,1,2.7602,0.0381,0.538,Sat,False,1.0,False,92.0
Amazon,Shopping,2026-05-24,214,104,101,4,9,20,9,30,31,3,7,0,2.9439,0.0392,0.486,Sun,False,1.0,False,104.0
Amazon,Shopping,2026-05-25,185,91,84,2,8,16,5,26,29,0,11,1,2.8919,0.0163,0.4919,Mon,False,1.0,False,91.0
Amazon,Shopping,2026-05-26,200,105,89,3,13,25,4,24,32,0,10,1,2.83,0.0425,0.525,Tue,False,1.0,False,105.0
Amazon,Shopping,2026-05-27,193,89,96,2,17,15,5,29,28,1,4,1,3.0725,0.1031,0.4611,Wed,False,1.0,False,89.0
Amazon,Shopping,2026-05-28,198,94,100,5,20,26,7,29,28,1,8,1,3.0101,0.0754,0.4747,Thu,False,1.0,False,94.0
Amazon,Shopping,2026-05-29,172,86,84,3,12,17,4,22,26,2,7,1,2.9186,0.0839,0.5,Fri,False,1.0,False,86.0
Amazon,Shopping,2026-05-30,187,84,100,2,13,12,3,21,32,0,10,0,3.1176,0.1229,0.4492,Sat,False,1.0,False,84.0
Amazon,Shopping,2026-05-31,176,85,86,7,9,12,4,20,25,2,2,1,2.9886,0.1168,0.483,Sun,False,1.0,False,85.0
Amazon,Shopping,2026-06-01,222,108,106,7,19,17,3,26,40,0,7,1,2.964,0.0067,0.4865,Mon,False,1.0,False,108.0
Amazon,Shopping,2026-06-02,175,97,71,5,18,17,2,23,28,0,8,2,2.6914,0.0565,0.5543,Tue,False,1.0,False,97.0
Amazon,Shopping,2026-06-03,190,97,86,11,12,21,3,22,33,1,10,2,2.8947,0.0773,0.5105,Wed,False,1.0,False,97.0
Amazon,Shopping,2026-06-04,211,108,94,2,17,13,2,19,39,1,10,1,2.8389,0.0358,0.5118,Thu,False,1.0,False,108.0
Amazon,Shopping,2026-06-05,180,91,85,0,11,13,2,22,33,0,10,1,2.9,0.0925,0.5056,Fri,False,1.0,False,91.0
Amazon,Shopping,2026-06-06,195,93,94,4,12,11,4,17,31,1,10,2,2.9744,0.1029,0.4769,Sat,False,1.0,False,93.0
Amazon,Shopping,2026-06-07,225,107,111,3,15,18,3,25,35,2,12,2,2.9778,0.1085,0.4756,Sun,False,1.0,False,107.0
Amazon,Shopping,2026-06-08,188,89,93,5,11,12,5,24,30,2,7,4,3.0319,0.0787,0.4734,Mon,False,1.0,False,89.0
Amazon,Shopping,2026-06-09,212,113,92,1,17,24,7,27,42,0,6,2,2.7406,0.0534,0.533,Tue,False,1.0,False,113.0
Amazon,Shopping,2026-06-10,209,115,89,3,10,19,8,28,36,3,10,0,2.7225,0.0362,0.5502,Wed,False,1.0,False,115.0
Amazon,Shopping,2026-06-11,212,117,92,3,18,27,6,32,42,4,11,1,2.684,0.0402,0.5519,Thu,False,1.0,False,117.0
Amazon,Shopping,2026-06-12,179,89,85,4,9,12,3,22,25,2,5,1,2.9497,0.0814,0.4972,Fri,False,1.0,False,89.0
Amazon,Shopping,2026-06-13,189,103,82,3,11,12,5,26,41,2,8,0,2.7354,0.0385,0.545,Sat,False,1.0,False,103.0
Amazon,Shopping,2026-06-14,196,102,91,3,17,17,9,25,34,1,12,1,2.8571,-0.0028,0.5204,Sun,False,1.0,False,102.0
Amazon,Shopping,2026-06-15,210,105,100,5,12,21,7,32,30,1,8,1,2.9571,0.0711,0.5,Mon,False,1.0,False,105.0
Amazon,Shopping,2026-06-16,188,80,100,2,9,11,4,21,18,2,7,2,3.1755,0.1302,0.4255,Tue,False,1.0,False,80.0
Amazon,Shopping,2026-06-17,199,100,91,4,13,17,5,25,31,3,8,0,2.8945,0.0939,0.5025,Wed,False,1.0,False,100.0
Amazon,Shopping,2026-06-18,202,89,104,4,9,13,0,25,28,0,5,0,3.1386,0.1292,0.4406,Thu,False,1.0,False,89.0
Amazon,Shopping,2026-06-19,169,78,85,1,9,10,4,18,23,3,4,3,3.0473,0.1004,0.4615,Fri,False,1.0,False,78.0
Amazon,Shopping,2026-06-20,215,109,101,8,13,18,4,25,38,3,8,3,2.9163,0.0546,0.507,Sat,False,1.0,False,109.0
Amazon,Shopping,2026-06-21,199,93,101,2,16,19,8,18,31,0,5,1,3.0201,0.0875,0.4673,Sun,False,1.0,False,93.0
Amazon,Shopping,2026-06-22,206,98,99,1,7,16,5,23,31,1,7,1,2.9757,0.1086,0.4757,Mon,False,1.0,False,98.0
Amazon,Shopping,2026-06-23,174,86,80,2,11,16,6,16,28,2,8,0,2.9138,0.0736,0.4943,Tue,False,1.0,False,86.0
Amazon,Shopping,2026-06-24,172,99,70,1,14,23,6,23,35,1,5,0,2.6395,0.054,0.5756,Wed,False,1.0,False,99.0
Amazon,Shopping,2026-06-25,205,101,100,3,8,21,3,23,30,2,7,1,2.9512,0.0529,0.4927,Thu,False,1.0,False,101.0
Amazon,Shopping,2026-06-26,169,87,78,3,14,9,3,21,24,0,3,1,2.8817,0.1353,0.5148,Fri,False,1.0,False,87.0
Amazon,Shopping,2026-06-27,184,92,86,2,13,18,0,23,28,2,9,1,2.913,0.0756,0.5,Sat,False,1.0,False,92.0
Amazon,Shopping,2026-06-28,189,98,85,4,12,17,3,15,28,1,10,0,2.836,0.076,0.5185,Sun,False,1.0,False,98.0
Amazon,Shopping,2026-06-29,208,103,100,7,20,23,6,25,34,3,9,1,2.9519,0.1042,0.4952,Mon,False,1.0,False,103.0
Amazon,Shopping,2026-06-30,192,91,94,5,23,13,5,27,30,1,9,0,3.0208,0.0466,0.474,Tue,False,1.0,False,91.0
Amazon,Shopping,2026-07-01,192,106,80,4,15,14,4,25,34,3,8,5,2.6927,0.0118,0.5521,Wed,False,1.0,False,106.0
Amazon,Shopping,2026-07-02,191,98,88,2,15,16,9,29,29,1,9,2,2.8482,0.055,0.5131,Thu,False,1.0,False,98.0
Amazon,Shopping,2026-07-03,223,104,110,4,13,18,5,29,31,0,11,0,3.0493,0.0693,0.4664,Fri,False,1.0,False,104.0
Amazon,Shopping,2026-07-04,318,142,169,8,13,11,6,31,26,1,14,0,3.1258,0.1256,0.4465,Sat,False,1.0,False,142.0
Amazon,Shopping,2026-07-05,310,120,180,6,16,19,6,26,29,1,12,2,3.3516,0.1703,0.3871,Sun,False,1.0,False,120.0
Amazon,Shopping,2026-07-06,223,103,116,7,13,18,8,25,28,4,12,1,3.0987,0.0521,0.4619,Mon,False,1.0,False,103.0
Amazon,Shopping,2026-07-07,171,97,71,1,7,15,4,20,26,1,10,4,2.6725,0.038,0.5673,Tue,False,1.0,False,97.0
Amazon,Shopping,2026-07-08,198,112,79,1,20,14,6,33,33,0,9,2,2.6313,0.0289,0.5657,Wed,False,1.0,False,112.0
Amazon,Shopping,2026-07-09,187,111,75,3,17,18,4,29,43,0,13,1,2.6043,0.0414,0.5936,Thu,False,1.0,False,111.0
Amazon,Shopping,2026-07-10,202,116,75,4,13,27,5,25,37,3,6,1,2.599,0.0074,0.5743,Fri,False,1.0,False,116.0
Amazon,Shopping,2026-07-11,225,123,96,5,18,26,5,33,41,0,7,2,2.7067,-0.0019,0.5467,Sat,False,1.0,False,123.0
Amazon,Shopping,2026-07-12,203,113,84,7,15,26,6,34,46,2,7,2,2.7044,0.0217,0.5567,Sun,False,1.0,False,113.0
Amazon,Shopping,2026-07-13,227,137,90,5,15,24,9,34,43,0,11,3,2.5771,-0.0289,0.6035,Mon,False,1.0,False,137.0
Amazon,Shopping,2026-07-14,187,119,58,6,18,32,5,33,37,2,9,4,2.3636,-0.0364,0.6364,Tue,False,1.0,False,119.0
Amazon,Shopping,2026-07-15,182,105,70,5,19,17,3,38,39,2,12,2,2.5769,-0.0157,0.5769,Wed,False,1.0,False,105.0
Amazon,Shopping,2026-07-16,182,99,75,6,10,11,6,26,25,3,8,3,2.7198,0.032,0.544,Thu,False,1.0,False,99.0
Amazon,Shopping,2026-07-17,180,103,71,1,11,19,4,27,28,2,7,2,2.6222,-0.034,0.5722,Fri,False,1.0,False,103.0
Amazon,Shopping,2026-07-18,195,116,75,2,15,20,6,24,28,1,7,1,2.5795,-0.0163,0.5949,Sat,False,1.0,False,116.0
Amazon,Shopping,2026-07-19,197,119,72,3,18,26,5,33,40,4,11,1,2.5279,-0.017,0.6041,Sun,False,1.0,False,119.0
Amazon,Shopping,2026-07-20,144,94,48,2,12,18,2,25,31,1,5,0,2.3472,-0.0323,0.6528,Mon,False,1.0,False,94.0
Amazon,Shopping,2026-07-21,163,100,54,2,17,14,6,13,24,1,3,1,2.4417,0.0269,0.6135,Tue,False,1.0,False,100.0
Amazon,Shopping,2026-07-22,155,97,57,1,13,17,5,30,31,0,5,1,2.4774,-0.0394,0.6258,Wed,False,1.0,False,97.0
Amazon,Shopping,2026-07-23,176,118,54,6,13,16,8,27,35,2,5,1,2.3239,-0.0379,0.6705,Thu,False,1.0,False,118.0
Amazon,Shopping,2026-07-24,146,74,69,2,8,12,3,23,25,0,4,1,2.9247,0.039,0.5068,Fri,False,1.0,False,74.0
Amazon,Shopping,2026-07-25,177,102,69,2,20,16,8,27,30,1,7,2,2.6102,0.0038,0.5763,Sat,False,1.0,False,102.0
Amazon,Shopping,2026-07-26,184,102,75,4,22,18,6,30,33,2,9,1,2.6793,0.0755,0.5543,Sun,False,1.0,False,102.0
Amazon,Shopping,2026-07-27,168,104,57,4,17,15,7,32,36,0,6,2,2.4405,-0.0346,0.619,Mon,False,1.0,False,104.0
Amazon,Shopping,2026-07-28,135,75,57,3,8,7,2,17,23,1,6,2,2.7037,0.0853,0.5556,Tue,False,1.0,False,75.0
Amazon,Shopping,2026-07-29,168,87,77,2,16,12,2,22,33,1,5,3,2.8512,0.0675,0.5179,Wed,False,1.0,False,87.0
Amazon,Shopping,2026-07-30,154,87,64,3,13,14,7,16,22,3,8,1,2.6948,0.0504,0.5649,Thu,False,1.0,False,87.0
Amazon,Shopping,2026-07-31,160,95,59,3,12,20,6,20,21,2,9,0,2.5625,0.0088,0.5938,Fri,False,1.0,False,95.0
Amazon,Shopping,2026-08-01,157,94,59,3,15,17,3,21,26,1,9,1,2.5541,-0.0003,0.5987,Sat,False,1.0,False,94.0
Amazon,Shopping,2026-08-02,181,99,75,4,16,15,8,19,27,2,3,2,2.7293,0.1487,0.547,Sun,False,1.0,False,99.0
Amazon,Shopping,2026-08-03,172,97,70,0,7,20,3,17,22,4,5,1,2.6628,-0.0217,0.564,Mon,False,1.0,False,97.0
Amazon,Shopping,2026-08-04,197,107,84,5,12,11,5,23,33,1,5,2,2.7766,0.089,0.5431,Tue,False,1.0,False,107.0
Amazon,Shopping,2026-08-05,174,96,71,3,18,13,5,13,31,3,4,3,2.6897,0.0874,0.5517,Wed,False,1.0,False,96.0
Amazon,Shopping,2026-08-06,170,101,64,2,9,15,0,19,29,3,8,0,2.5706,0.0174,0.5941,Thu,False,1.0,False,101.0
Amazon,Shopping,2026-08-07,218,133,82,5,17,15,6,24,38,2,11,3,2.5321,0.017,0.6101,Fri,False,1.0,False,133.0
Amazon,Shopping,2026-08-08,250,136,106,3,15,18,6,23,37,1,13,2,2.74,0.0335,0.544,Sat,False,1.0,False,136.0
Amazon,Shopping,2026-08-09,207,125,76,4,18,30,9,28,27,3,9,4,2.5362,-0.0058,0.6039,Sun,False,1.0,False,125.0
Amazon,Shopping,2026-08-10,217,122,92,1,15,17,1,18,37,1,12,3,2.7143,0.0105,0.5622,Mon,False,1.0,False,122.0
Amazon,Shopping,2026-08-11,209,129,72,7,14,22,5,24,33,4,4,3,2.4211,-0.0034,0.6172,Tue,False,1.0,False,129.0
Amazon,Shopping,2026-08-12,198,120,67,4,15,19,7,27,43,1,9,3,2.4848,-0.0026,0.6061,Wed,False,1.0,False,120.0
Amazon,Shopping,2026-08-13,185,118,62,4,17,18,6,17,33,3,8,2,2.3784,0.0102,0.6378,Thu,False,1.0,False,118.0
Amazon,Shopping,2026-08-14,171,113,55,3,11,17,2,22,38,1,10,0,2.3041,-0.0102,0.6608,Fri,False,1.0,False,113.0
Amazon,Shopping,2026-08-15,176,107,68,3,15,18,7,27,31,5,2,2,2.5284,-0.0018,0.608,Sat,False,1.0,False,107.0
Amazon,Shopping,2026-08-16,198,108,82,2,20,18,6,25,36,1,4,0,2.6919,0.0316,0.5455,Sun,False,1.0,False,108.0
Amazon,Shopping,2026-08-17,175,102,63,1,13,24,4,21,33,1,5,0,2.5086,-0.0244,0.5829,Mon,False,1.0,False,102.0
Amazon,Shopping,2026-08-18,207,125,77,4,20,21,8,18,46,4,10,0,2.5072,-0.0398,0.6039,Tue,False,1.0,False,125.0
Amazon,Shopping,2026-08-19,178,103,70,1,10,19,4,13,27,5,5,0,2.5843,0.1216,0.5787,Wed,False,1.0,False,103.0
Amazon,Shopping,2026-08-20,175,123,48,4,18,24,8,20,39,3,8,1,2.1314,-0.101,0.7029,Thu,False,1.0,False,123.0
Amazon,Shopping,2026-08-21,171,100,64,2,12,20,8,19,40,2,5,2,2.5673,0.0162,0.5848,Fri,False,1.0,False,100.0
Amazon,Shopping,2026-08-22,178,117,57,3,18,19,5,31,39,4,9,0,2.3371,-0.0485,0.6573,Sat,False,1.0,False,117.0
Amazon,Shopping,2026-08-23,215,140,69,2,19,29,7,35,45,3,11,5,2.3256,-0.0078,0.6512,Sun,False,1.0,False,140.0
Amazon,Shopping,2026-08-24,215,133,77,8,21,26,6,34,43,4,10,3,2.4651,-0.0782,0.6186,Mon,False,1.0,False,133.0
Amazon,Shopping,2026-08-25,185,113,69,6,9,12,5,21,35,2,3,3,2.5243,0.0325,0.6108,Tue,False,1.0,False,113.0
Amazon,Shopping,2026-08-26,192,113,74,5,15,27,6,25,35,2,7,3,2.5573,-0.0014,0.5885,Wed,False,1.0,False,113.0
Amazon,Shopping,2026-08-27,174,124,46,8,19,18,6,22,37,1,9,2,2.0862,-0.065,0.7126,Thu,False,1.0,False,124.0
Amazon,Shopping,2026-08-28,195,123,65,6,13,27,6,28,32,1,4,3,2.3949,-0.0368,0.6308,Fri,False,1.0,False,123.0
Amazon,Shopping,2026-08-29,173,120,48,7,19,25,12,30,39,1,7,3,2.1792,-0.1009,0.6936,Sat,False,1.0,False,120.0
Amazon,Shopping,2026-08-30,183,101,75,5,15,13,3,17,27,2,11,3,2.7049,0.0403,0.5519,Sun,False,1.0,False,101.0
Amazon,Shopping,2026-08-31,166,100,62,3,15,17,3,25,34,1,9,2,2.4699,0.0214,0.6024,Mon,False,1.0,False,100.0
Amazon,Shopping,2026-09-01,159,106,47,7,11,16,16,29,29,1,9,0,2.2704,-0.0869,0.6667,Tue,False,1.0,False,106.0
Amazon,Shopping,2026-09-02,195,108,77,3,13,20,7,25,27,0,3,2,2.7026,0.0395,0.5538,Wed,False,1.0,False,108.0
Amazon,Shopping,2026-09-03,193,111,75,4,18,11,6,24,28,0,7,0,2.5855,0.0457,0.5751,Thu,False,1.0,False,111.0
Amazon,Shopping,2026-09-04,211,137,63,8,17,15,10,28,29,0,10,6,2.3128,-0.0687,0.6493,Fri,False,1.0,False,137.0
Amazon,Shopping,2026-09-05,181,105,70,3,6,12,3,18,27,1,7,3,2.6022,0.0477,0.5801,Sat,False,1.0,False,105.0
Amazon,Shopping,2026-09-06,193,105,79,5,13,18,6,21,24,1,5,3,2.6943,-0.0263,0.544,Sun,False,1.0,False,105.0
Amazon,Shopping,2026-09-07,177,109,63,6,16,16,6,26,31,1,4,1,2.4915,-0.0369,0.6158,Mon,False,1.0,False,109.0
Amazon,Shopping,2026-09-08,182,109,71,2,18,10,6,21,33,1,6,2,2.544,-0.006,0.5989,Tue,False,1.0,False,109.0
Amazon,Shopping,2026-09-09,179,100,67,6,18,11,8,18,26,1,7,3,2.6536,0.0526,0.5587,Wed,False,1.0,False,100.0
Amazon,Shopping,2026-09-10,180,104,71,5,19,15,2,31,36,0,6,6,2.5944,0.0236,0.5778,Thu,False,1.0,False,104.0
Amazon,Shopping,2026-09-11,186,109,71,5,17,15,8,20,25,0,11,2,2.5914,-0.0235,0.586,Fri,False,1.0,False,109.0
Amazon,Shopping,2026-09-12,168,101,61,2,10,16,5,22,29,2,5,3,2.494,-0.0065,0.6012,Sat,False,1.0,False,101.0
Amazon,Shopping,2026-09-13,188,116,68,6,16,17,6,27,44,1,9,4,2.4947,-0.0003,0.617,Sun,False,1.0,False,116.0
Amazon,Shopping,2026-09-14,185,101,72,6,9,11,2,18,36,1,7,3,2.6486,-0.0089,0.5459,Mon,False,1.0,False,101.0
Amazon,Shopping,2026-09-15,146,96,45,7,17,10,6,24,27,0,8,1,2.2945,-0.0619,0.6575,Tue,False,1.0,False,96.0
Amazon,Shopping,2026-09-16,158,79,76,1,12,10,3,18,26,1,3,3,2.9114,0.0845,0.5,Wed,False,1.0,False,79.0
Amazon,Shopping,2026-09-17,164,92,67,3,15,15,3,21,35,0,4,1,2.6768,0.0526,0.561,Thu,False,1.0,False,92.0
Amazon,Shopping,2026-09-18,186,113,71,2,22,18,5,24,41,4,10,0,2.5376,0.0128,0.6075,Fri,False,1.0,False,113.0
Amazon,Shopping,2026-09-19,166,99,65,0,17,16,12,27,33,1,2,1,2.5663,0.0753,0.5964,Sat,False,1.0,False,99.0
Amazon,Shopping,2026-09-20,198,104,89,3,10,20,2,15,24,0,12,1,2.7929,0.0348,0.5253,Sun,False,1.0,False,104.0
Meesho,Shopping,2026-04-01,555,88,461,1,10,12,6,21,18,2,9,2,4.2991,0.3271,0.1586,Wed,False,1.0,False,88.0
Meesho,Shopping,2026-04-02,537,90,438,2,11,10,9,29,20,0,13,0,4.2644,0.323,0.1676,Thu,False,1.0,False,90.0
Meesho,Shopping,2026-04-03,647,90,545,1,7,12,6,19,12,3,11,3,4.3555,0.3545,0.1391,Fri,False,1.0,False,90.0
Meesho,Shopping,2026-04-04,799,112,675,1,9,14,5,28,21,1,8,1,4.3579,0.351,0.1402,Sat,False,1.0,False,112.0
Meesho,Shopping,2026-04-05,696,81,603,4,9,10,4,27,20,3,8,3,4.4483,0.3635,0.1164,Sun,False,1.0,False,81.0
Meesho,Shopping,2026-04-06,633,103,511,2,9,17,5,29,23,3,12,0,4.2575,0.3393,0.1627,Mon,False,1.0,False,103.0
Meesho,Shopping,2026-04-07,628,84,533,1,9,13,2,31,17,3,12,0,4.3758,0.3617,0.1338,Tue,False,1.0,False,84.0
Meesho,Shopping,2026-04-08,640,104,527,4,10,11,5,34,21,3,8,1,4.2859,0.3343,0.1625,Wed,False,1.0,False,104.0
Meesho,Shopping,2026-04-09,735,98,620,6,8,14,6,29,20,0,7,2,4.3673,0.3621,0.1333,Thu,False,1.0,False,98.0
Meesho,Shopping,2026-04-10,636,87,541,5,7,22,5,20,18,6,9,1,4.3742,0.368,0.1368,Fri,False,1.0,False,87.0
Meesho,Shopping,2026-04-11,608,96,503,0,10,10,5,37,19,2,12,0,4.2829,0.3352,0.1579,Sat,False,1.0,False,96.0
Meesho,Shopping,2026-04-12,639,113,520,2,11,13,4,29,23,3,18,1,4.2316,0.3355,0.1768,Sun,False,1.0,False,113.0
Meesho,Shopping,2026-04-13,583,98,473,1,10,19,4,28,31,2,9,1,4.2367,0.3138,0.1681,Mon,False,1.0,False,98.0
Meesho,Shopping,2026-04-14,647,151,479,6,11,38,8,27,39,3,9,0,3.9645,0.275,0.2334,Tue,False,1.0,False,151.0
Meesho,Shopping,2026-04-15,569,96,466,2,10,22,0,27,24,5,12,2,4.2566,0.3306,0.1687,Wed,False,1.0,False,96.0
Meesho,Shopping,2026-04-16,570,103,454,4,8,21,6,32,29,6,10,1,4.186,0.307,0.1807,Thu,False,1.0,False,103.0
Meesho,Shopping,2026-04-17,563,100,450,2,12,25,2,24,26,4,12,0,4.1989,0.3175,0.1776,Fri,False,1.0,False,100.0
Meesho,Shopping,2026-04-18,542,91,437,5,7,15,8,25,25,1,9,0,4.2343,0.3111,0.1679,Sat,False,1.0,False,91.0
Meesho,Shopping,2026-04-19,588,110,472,5,12,18,7,28,27,4,15,2,4.182,0.3131,0.1871,Sun,False,1.0,False,110.0
Meesho,Shopping,2026-04-20,533,83,443,3,9,16,2,25,14,1,7,0,4.3077,0.329,0.1557,Mon,False,1.0,False,83.0
Meesho,Shopping,2026-04-21,537,108,421,3,18,17,5,33,23,4,14,0,4.121,0.2981,0.2011,Tue,False,1.0,False,108.0
Meesho,Shopping,2026-04-22,575,100,467,1,15,17,10,38,17,3,15,0,4.24,0.2915,0.1739,Wed,False,1.0,False,100.0
Meesho,Shopping,2026-04-23,578,108,463,3,13,12,7,41,29,4,16,1,4.192,0.2984,0.1869,Thu,False,1.0,False,108.0
Meesho,Shopping,2026-04-24,552,112,432,6,10,17,9,31,13,6,17,0,4.1196,0.2723,0.2029,Fri,False,1.0,False,112.0
Meesho,Shopping,2026-04-25,486,100,379,4,10,17,8,31,27,2,10,1,4.1193,0.2745,0.2058,Sat,False,1.0,False,100.0
Meesho,Shopping,2026-04-26,560,98,451,4,6,12,6,26,27,5,8,0,4.2107,0.3235,0.175,Sun,False,1.0,False,98.0
Meesho,Shopping,2026-04-27,540,93,442,3,13,12,7,26,23,1,11,1,4.2333,0.3298,0.1722,Mon,False,1.0,False,93.0
Meesho,Shopping,2026-04-28,507,89,411,3,7,14,2,27,18,1,5,0,4.2288,0.3335,0.1755,Tue,False,1.0,False,89.0
Meesho,Shopping,2026-04-29,554,108,438,5,9,21,5,36,23,4,12,0,4.148,0.2868,0.1949,Wed,False,1.0,False,108.0
Meesho,Shopping,2026-04-30,450,96,350,2,12,18,5,27,20,3,9,0,4.0822,0.2725,0.2133,Thu,False,1.0,False,96.0
Meesho,Shopping,2026-05-01,534,111,410,1,6,13,7,28,28,2,6,0,4.088,0.2923,0.2079,Fri,False,1.0,False,111.0
Meesho,Shopping,2026-05-02,571,99,462,1,13,17,5,25,20,4,12,0,4.2434,0.3055,0.1734,Sat,False,1.0,False,99.0
Meesho,Shopping,2026-05-03,800,117,665,6,13,16,6,37,26,3,14,1,4.3238,0.3462,0.1462,Sun,False,1.0,False,117.0
Meesho,Shopping,2026-05-04,580,108,463,2,11,8,6,32,22,4,15,0,4.181,0.3238,0.1862,Mon,False,1.0,False,108.0
Meesho,Shopping,2026-05-05,539,93,436,3,14,13,6,28,20,1,6,1,4.2338,0.3271,0.1725,Tue,False,1.0,False,93.0
Meesho,Shopping,2026-05-06,516,93,412,7,12,15,5,26,20,2,8,0,4.1977,0.325,0.1802,Wed,False,1.0,False,93.0
Meesho,Shopping,2026-05-07,524,104,411,4,10,10,8,33,19,2,13,1,4.1279,0.3065,0.1985,Thu,False,1.0,False,104.0
Meesho,Shopping,2026-05-08,523,102,414,1,11,11,2,34,23,3,9,1,4.1243,0.3165,0.195,Fri,False,1.0,False,102.0
Meesho,Shopping,2026-05-09,543,103,432,5,10,12,1,23,18,3,9,0,4.175,0.3476,0.1897,Sat,False,1.0,False,103.0
Meesho,Shopping,2026-05-10,553,108,439,2,19,22,6,35,26,3,18,2,4.17,0.3062,0.1953,Sun,False,1.0,False,108.0
Meesho,Shopping,2026-05-11,558,102,446,2,12,17,2,33,26,2,9,0,4.1918,0.3159,0.1828,Mon,False,1.0,False,102.0
Meesho,Shopping,2026-05-12,568,110,448,3,14,16,6,36,24,1,7,0,4.1567,0.3007,0.1937,Tue,False,1.0,False,110.0
Meesho,Shopping,2026-05-13,561,102,451,0,6,11,5,23,15,3,11,0,4.1943,0.3531,0.1818,Wed,False,1.0,False,102.0
Meesho,Shopping,2026-05-14,528,70,452,1,4,15,6,13,12,1,6,1,4.4034,0.3732,0.1326,Thu,False,1.0,False,70.0
Meesho,Shopping,2026-05-15,543,109,430,3,14,16,8,27,17,2,16,0,4.1473,0.3081,0.2007,Fri,False,1.0,False,109.0
Meesho,Shopping,2026-05-16,611,91,505,4,4,15,5,20,21,1,9,0,4.3273,0.3352,0.1489,Sat,False,1.0,False,91.0
Meesho,Shopping,2026-05-17,631,106,518,0,15,8,7,27,19,1,7,0,4.2662,0.3197,0.168,Sun,False,1.0,False,106.0
Meesho,Shopping,2026-05-18,629,97,513,0,8,12,3,32,17,3,7,0,4.2544,0.3193,0.1542,Mon,False,1.0,False,97.0
Meesho,Shopping,2026-05-19,623,109,507,2,6,23,6,34,20,0,5,1,4.2295,0.3142,0.175,Tue,False,1.0,False,109.0
Meesho,Shopping,2026-05-20,578,112,455,3,20,13,5,39,32,1,9,0,4.1505,0.318,0.1938,Wed,False,1.0,False,112.0
Meesho,Shopping,2026-05-21,592,111,475,3,9,19,5,37,24,1,5,0,4.1959,0.2966,0.1875,Thu,False,1.0,False,111.0
Meesho,Shopping,2026-05-22,603,104,489,4,10,24,5,24,21,4,11,0,4.2405,0.303,0.1725,Fri,False,1.0,False,104.0
Meesho,Shopping,2026-05-23,589,98,477,0,7,19,3,32,24,1,7,2,4.2394,0.3312,0.1664,Sat,False,1.0,False,98.0
Meesho,Shopping,2026-05-24,613,102,501,6,15,14,6,32,16,3,7,2,4.2577,0.3251,0.1664,Sun,False,1.0,False,102.0
Meesho,Shopping,2026-05-25,636,120,500,1,14,20,3,33,24,3,8,0,4.1525,0.3282,0.1887,Mon,False,1.0,False,120.0
Meesho,Shopping,2026-05-26,627,104,510,2,14,21,2,34,28,2,7,0,4.2456,0.337,0.1659,Tue,False,1.0,False,104.0
Meesho,Shopping,2026-05-27,635,114,515,2,14,21,6,37,25,1,15,0,4.2157,0.3156,0.1795,Wed,False,1.0,False,114.0
Meesho,Shopping,2026-05-28,578,115,455,6,14,19,3,37,29,2,12,0,4.1384,0.2871,0.199,Thu,False,1.0,False,115.0
Meesho,Shopping,2026-05-29,591,102,477,2,5,10,2,28,14,1,4,1,4.2386,0.3389,0.1726,Fri,False,1.0,False,102.0
Meesho,Shopping,2026-05-30,562,107,449,2,8,16,5,25,16,1,7,0,4.1708,0.2853,0.1904,Sat,False,1.0,False,107.0
Meesho,Shopping,2026-05-31,592,91,492,1,6,11,1,27,16,2,8,1,4.2939,0.346,0.1537,Sun,False,1.0,False,91.0
Meesho,Shopping,2026-06-01,590,107,474,5,12,17,8,33,25,4,14,1,4.2203,0.3156,0.1814,Mon,False,1.0,False,107.0
Meesho,Shopping,2026-06-02,571,92,468,2,11,12,8,26,22,5,14,0,4.275,0.3346,0.1611,Tue,False,1.0,False,92.0
Meesho,Shopping,2026-06-03,628,115,505,3,16,15,2,37,20,2,12,1,4.1895,0.3076,0.1831,Wed,False,1.0,False,115.0
Meesho,Shopping,2026-06-04,543,84,452,7,8,8,5,27,16,1,11,1,4.3112,0.3227,0.1547,Thu,False,1.0,False,84.0
Meesho,Shopping,2026-06-05,602,85,505,2,7,10,5,20,14,1,9,2,4.3605,0.3215,0.1412,Fri,False,1.0,False,85.0
Meesho,Shopping,2026-06-06,588,94,485,3,13,18,9,33,26,3,10,0,4.2891,0.3281,0.1599,Sat,False,1.0,False,94.0
Meesho,Shopping,2026-06-07,917,120,778,3,21,11,9,38,23,2,10,0,4.3915,0.354,0.1309,Sun,False,1.0,False,120.0
Meesho,Shopping,2026-06-08,633,116,505,2,9,20,5,35,29,3,5,0,4.1943,0.2992,0.1833,Mon,False,1.0,False,116.0
Meesho,Shopping,2026-06-09,530,85,441,0,15,10,3,24,17,5,8,1,4.2811,0.343,0.1604,Tue,False,1.0,False,85.0
Meesho,Shopping,2026-06-10,529,95,425,4,9,9,7,23,20,3,9,0,4.1985,0.3127,0.1796,Wed,False,1.0,False,95.0
Meesho,Shopping,2026-06-11,547,89,451,2,10,15,2,29,15,3,2,0,4.2907,0.3559,0.1627,Thu,False,1.0,False,89.0
Meesho,Shopping,2026-06-12,582,96,478,3,10,20,1,23,16,4,4,2,4.2663,0.3191,0.1649,Fri,False,1.0,False,96.0
Meesho,Shopping,2026-06-13,578,100,470,3,12,20,5,31,22,1,13,1,4.2491,0.3244,0.173,Sat,False,1.0,False,100.0
Meesho,Shopping,2026-06-14,649,109,530,6,9,15,5,33,30,1,9,0,4.2542,0.3398,0.168,Sun,False,1.0,False,109.0
Meesho,Shopping,2026-06-15,598,103,483,2,12,17,11,46,22,2,7,0,4.2324,0.3431,0.1722,Mon,False,1.0,False,103.0
Meesho,Shopping,2026-06-16,564,131,426,4,16,25,3,37,33,4,13,0,4.0195,0.2661,0.2323,Tue,False,1.0,False,131.0
Meesho,Shopping,2026-06-17,562,110,439,5,14,21,3,37,21,3,11,0,4.1388,0.309,0.1957,Wed,False,1.0,False,110.0
Meesho,Shopping,2026-06-18,620,116,490,1,11,20,5,33,26,1,8,1,4.1677,0.3128,0.1871,Thu,False,1.0,False,116.0
Meesho,Shopping,2026-06-19,540,104,423,7,8,13,8,27,21,2,4,3,4.1352,0.3084,0.1926,Fri,False,1.0,False,104.0
Meesho,Shopping,2026-06-20,556,116,429,4,6,17,3,34,12,6,11,0,4.0809,0.3061,0.2086,Sat,False,1.0,False,116.0
Meesho,Shopping,2026-06-21,563,99,451,3,10,12,3,34,17,3,8,3,4.2096,0.3109,0.1758,Sun,False,1.0,False,99.0
Meesho,Shopping,2026-06-22,583,100,481,2,12,10,7,30,24,0,8,2,4.271,0.3569,0.1715,Mon,False,1.0,False,100.0
Meesho,Shopping,2026-06-23,610,92,509,1,9,22,3,35,22,1,8,0,4.323,0.3315,0.1508,Tue,False,1.0,False,92.0
Meesho,Shopping,2026-06-24,553,84,456,3,16,12,8,35,22,3,19,2,4.2948,0.3339,0.1519,Wed,False,1.0,False,84.0
Meesho,Shopping,2026-06-25,567,125,436,2,16,20,9,40,29,4,17,1,4.0635,0.2594,0.2205,Thu,False,1.0,False,125.0
Meesho,Shopping,2026-06-26,554,131,413,1,12,20,5,38,28,2,15,0,3.9729,0.2567,0.2365,Fri,False,1.0,False,131.0
Meesho,Shopping,2026-06-27,583,111,465,3,17,12,6,37,29,2,15,0,4.1767,0.3171,0.1904,Sat,False,1.0,False,111.0
Meesho,Shopping,2026-06-28,586,103,475,3,16,14,4,37,24,3,7,1,4.2218,0.3158,0.1758,Sun,False,1.0,False,103.0
Meesho,Shopping,2026-06-29,575,116,447,5,12,20,8,42,35,3,8,0,4.1078,0.2798,0.2017,Mon,False,1.0,False,116.0
Meesho,Shopping,2026-06-30,551,85,458,5,14,16,8,28,20,0,4,0,4.2995,0.3373,0.1543,Tue,False,1.0,False,85.0
Meesho,Shopping,2026-07-01,535,90,435,3,14,11,6,27,20,1,10,0,4.2505,0.321,0.1682,Wed,False,1.0,False,90.0
Meesho,Shopping,2026-07-02,532,99,426,5,10,16,4,27,19,7,14,0,4.1898,0.3217,0.1861,Thu,False,1.0,False,99.0
Meesho,Shopping,2026-07-03,559,92,458,6,5,11,9,28,24,2,9,1,4.2594,0.343,0.1646,Fri,False,1.0,False,92.0
Meesho,Shopping,2026-07-04,880,138,730,7,21,27,7,52,28,3,16,2,4.3034,0.3493,0.1568,Sat,False,1.0,False,138.0
Meesho,Shopping,2026-07-05,826,121,693,2,11,25,2,35,27,4,6,0,4.3499,0.354,0.1465,Sun,False,1.0,False,121.0
Meesho,Shopping,2026-07-06,599,114,480,2,16,14,2,45,24,3,4,1,4.1886,0.3211,0.1903,Mon,False,1.0,False,114.0
Meesho,Shopping,2026-07-07,553,101,439,2,11,15,4,31,24,1,8,1,4.1881,0.3196,0.1826,Tue,False,1.0,False,101.0
Meesho,Shopping,2026-07-08,556,99,445,3,15,9,4,35,19,3,8,1,4.2212,0.3131,0.1781,Wed,False,1.0,False,99.0
Meesho,Shopping,2026-07-09,609,126,470,1,20,25,5,43,31,2,11,0,4.092,0.289,0.2069,Thu,False,1.0,False,126.0
Meesho,Shopping,2026-07-10,619,113,494,4,16,14,3,37,25,3,13,0,4.2068,0.3085,0.1826,Fri,False,1.0,False,113.0
Meesho,Shopping,2026-07-11,624,142,472,4,13,22,4,38,42,7,12,1,4.0337,0.2903,0.2276,Sat,False,1.0,False,142.0
Meesho,Shopping,2026-07-12,728,136,586,3,10,13,5,40,32,3,9,0,4.1937,0.324,0.1868,Sun,False,1.0,False,136.0
Meesho,Shopping,2026-07-13,588,122,457,5,12,21,10,32,15,3,8,1,4.0935,0.3056,0.2075,Mon,False,1.0,False,122.0
Meesho,Shopping,2026-07-14,611,127,473,1,17,13,6,45,33,7,11,0,4.1064,0.2923,0.2079,Tue,False,1.0,False,127.0
Meesho,Shopping,2026-07-15,608,111,485,1,10,19,7,30,31,8,14,1,4.1875,0.313,0.1826,Wed,False,1.0,False,111.0
Meesho,Shopping,2026-07-16,521,88,425,3,12,15,3,32,27,4,8,1,4.2342,0.3194,0.1689,Thu,False,1.0,False,88.0
Meesho,Shopping,2026-07-17,557,108,441,3,14,19,6,40,21,3,8,2,4.149,0.307,0.1939,Fri,False,1.0,False,108.0
Meesho,Shopping,2026-07-18,576,122,442,2,17,18,8,38,24,5,14,1,4.0521,0.289,0.2118,Sat,False,1.0,False,122.0
Meesho,Shopping,2026-07-19,656,122,522,5,11,15,7,36,33,4,13,0,4.186,0.307,0.186,Sun,False,1.0,False,122.0
Meesho,Shopping,2026-07-20,551,85,452,3,11,10,1,32,20,3,13,0,4.2759,0.3285,0.1543,Mon,False,1.0,False,85.0
Meesho,Shopping,2026-07-21,546,103,430,3,13,20,7,31,28,3,13,1,4.1612,0.3133,0.1886,Tue,False,1.0,False,103.0
Meesho,Shopping,2026-07-22,489,84,393,1,16,19,5,33,18,5,6,0,4.2229,0.3117,0.1718,Wed,False,1.0,False,84.0
Meesho,Shopping,2026-07-23,650,122,507,9,15,14,2,34,29,4,10,7,4.1477,0.3135,0.1877,Thu,False,1.0,False,122.0
Meesho,Shopping,2026-07-24,528,76,445,1,12,13,3,32,15,1,7,0,4.3561,0.3247,0.1439,Fri,False,1.0,False,76.0
Meesho,Shopping,2026-07-25,543,93,442,6,8,23,1,30,23,5,11,0,4.2486,0.2997,0.1713,Sat,False,1.0,False,93.0
Meesho,Shopping,2026-07-26,645,91,545,1,14,18,3,35,21,6,15,1,4.3674,0.3509,0.1411,Sun,False,1.0,False,91.0
Meesho,Shopping,2026-07-27,600,96,494,1,17,23,9,41,22,3,11,1,4.2917,0.3323,0.16,Mon,False,1.0,False,96.0
Meesho,Shopping,2026-07-28,586,96,480,4,15,15,3,39,25,3,11,1,4.2713,0.2976,0.1638,Tue,False,1.0,False,96.0
Meesho,Shopping,2026-07-29,557,102,446,1,10,20,8,32,22,6,9,1,4.1885,0.3015,0.1831,Wed,False,1.0,False,102.0
Meesho,Shopping,2026-07-30,534,102,421,2,16,14,5,29,21,6,14,0,4.1685,0.2961,0.191,Thu,False,1.0,False,102.0
Meesho,Shopping,2026-07-31,605,102,488,1,6,13,2,24,23,2,9,0,4.243,0.3273,0.1686,Fri,False,1.0,False,102.0
Meesho,Shopping,2026-08-01,586,94,486,0,14,10,5,32,21,3,11,1,4.2918,0.3428,0.1604,Sat,False,1.0,False,94.0
Meesho,Shopping,2026-08-02,964,119,832,0,15,14,7,37,21,5,5,0,4.4388,0.3806,0.1234,Sun,False,1.0,False,119.0
Meesho,Shopping,2026-08-03,551,84,458,4,11,15,5,23,19,2,11,0,4.3103,0.3248,0.1525,Mon,False,1.0,False,84.0
Meesho,Shopping,2026-08-04,556,97,448,1,8,9,5,37,20,2,15,1,4.2104,0.2994,0.1745,Tue,False,1.0,False,97.0
Meesho,Shopping,2026-08-05,593,109,472,2,19,12,8,38,16,2,8,1,4.1804,0.3027,0.1838,Wed,False,1.0,False,109.0
Meesho,Shopping,2026-08-06,593,97,478,1,14,16,3,26,24,1,8,1,4.2597,0.3421,0.1636,Thu,False,1.0,False,97.0
Meesho,Shopping,2026-08-07,611,105,497,3,14,18,4,37,27,3,11,0,4.2406,0.3264,0.1718,Fri,False,1.0,False,105.0
Meesho,Shopping,2026-08-08,915,121,779,2,14,19,7,45,23,1,16,0,4.3934,0.3572,0.1322,Sat,False,1.0,False,121.0
Meesho,Shopping,2026-08-09,794,112,669,0,11,16,7,35,32,0,15,3,4.3577,0.346,0.1411,Sun,False,1.0,False,112.0
Meesho,Shopping,2026-08-10,618,97,509,2,18,16,4,32,23,1,6,1,4.3042,0.3299,0.157,Mon,False,1.0,False,97.0
Meesho,Shopping,2026-08-11,630,113,511,1,15,17,3,39,18,2,9,0,4.227,0.3193,0.1794,Tue,False,1.0,False,113.0
Meesho,Shopping,2026-08-12,572,124,441,4,17,21,11,30,30,3,15,1,4.0927,0.2828,0.2168,Wed,False,1.0,False,124.0
Meesho,Shopping,2026-08-13,570,124,439,1,15,20,4,40,25,1,15,0,4.0526,0.2873,0.2175,Thu,False,1.0,False,124.0
Meesho,Shopping,2026-08-14,604,104,485,1,14,21,6,47,19,4,9,1,4.1954,0.3015,0.1722,Fri,False,1.0,False,104.0
Meesho,Shopping,2026-08-15,560,103,453,2,10,15,7,39,26,2,7,1,4.2036,0.3027,0.1839,Sat,False,1.0,False,103.0
Meesho,Shopping,2026-08-16,895,132,758,1,11,18,7,43,25,4,10,0,4.3531,0.3406,0.1475,Sun,False,1.0,False,132.0
Meesho,Shopping,2026-08-17,626,121,495,2,21,21,5,46,37,3,14,1,4.1342,0.3095,0.1933,Mon,False,1.0,False,121.0
Meesho,Shopping,2026-08-18,628,165,454,3,21,30,6,66,42,2,13,2,3.8933,0.2307,0.2627,Tue,False,1.0,False,165.0
Meesho,Shopping,2026-08-19,529,100,420,1,11,18,3,32,17,3,10,1,4.1758,0.3238,0.189,Wed,False,1.0,False,100.0
Meesho,Shopping,2026-08-20,575,108,455,5,14,12,2,32,25,4,5,0,4.16,0.3182,0.1878,Thu,False,1.0,False,108.0
Meesho,Shopping,2026-08-21,529,109,408,1,18,17,10,38,31,3,10,0,4.0832,0.3033,0.206,Fri,False,1.0,False,109.0
Meesho,Shopping,2026-08-22,566,122,434,4,19,18,6,42,29,2,11,1,4.0495,0.2742,0.2155,Sat,False,1.0,False,122.0
Meesho,Shopping,2026-08-23,601,95,498,2,13,8,4,23,13,1,9,0,4.3078,0.3551,0.1581,Sun,False,1.0,False,95.0
Meesho,Shopping,2026-08-24,538,115,418,3,13,21,3,33,32,5,12,2,4.0799,0.2953,0.2138,Mon,False,1.0,False,115.0
Meesho,Shopping,2026-08-25,526,123,391,1,14,16,5,38,23,3,18,1,3.9791,0.2571,0.2338,Tue,False,1.0,False,123.0
Meesho,Shopping,2026-08-26,511,103,401,4,12,19,5,41,26,3,6,0,4.1174,0.282,0.2016,Wed,False,1.0,False,103.0
Meesho,Shopping,2026-08-27,402,87,307,1,13,17,6,28,20,4,8,0,4.0672,0.2858,0.2164,Thu,False,1.0,False,87.0
Meesho,Shopping,2026-08-28,389,71,313,1,7,14,6,24,12,3,7,0,4.1825,0.2814,0.1825,Fri,False,1.0,False,71.0
Meesho,Shopping,2026-08-29,479,93,380,1,19,11,8,44,16,1,10,1,4.1691,0.2997,0.1942,Sat,False,1.0,False,93.0
Meesho,Shopping,2026-08-30,574,118,444,1,13,16,7,42,21,4,7,0,4.115,0.2744,0.2056,Sun,False,1.0,False,118.0
Meesho,Shopping,2026-08-31,517,100,410,1,12,14,4,41,18,2,13,0,4.176,0.2953,0.1934,Mon,False,1.0,False,100.0
Meesho,Shopping,2026-09-01,516,100,403,2,19,19,4,35,34,2,6,3,4.1357,0.3253,0.1938,Tue,False,1.0,False,100.0
Meesho,Shopping,2026-09-02,549,91,445,3,12,9,5,32,15,3,11,2,4.2532,0.298,0.1658,Wed,False,1.0,False,91.0
Meesho,Shopping,2026-09-03,545,108,425,0,15,24,9,36,19,4,9,0,4.1174,0.2746,0.1982,Thu,False,1.0,False,108.0
Meesho,Shopping,2026-09-04,471,89,374,1,9,14,4,25,13,4,7,2,4.1847,0.3053,0.189,Fri,False,1.0,False,89.0
Meesho,Shopping,2026-09-05,504,82,414,1,9,9,4,32,14,1,9,0,4.2758,0.3021,0.1627,Sat,False,1.0,False,82.0
Meesho,Shopping,2026-09-06,1044,156,870,1,22,16,7,59,35,5,17,2,4.3247,0.3252,0.1494,Sun,False,1.0,False,156.0
Meesho,Shopping,2026-09-07,559,106,444,3,13,14,7,30,21,2,11,1,4.1646,0.3071,0.1896,Mon,False,1.0,False,106.0
Meesho,Shopping,2026-09-08,589,126,456,3,15,12,5,38,19,2,11,0,4.0985,0.2908,0.2139,Tue,False,1.0,False,126.0
Meesho,Shopping,2026-09-09,557,97,445,3,21,11,9,37,20,3,11,0,4.1849,0.3062,0.1741,Wed,False,1.0,False,97.0
Meesho,Shopping,2026-09-10,546,102,436,1,11,11,6,34,18,2,15,1,4.1795,0.3132,0.1868,Thu,False,1.0,False,102.0
Meesho,Shopping,2026-09-11,529,81,441,2,11,12,8,28,13,2,11,0,4.3327,0.3259,0.1531,Fri,False,1.0,False,81.0
Meesho,Shopping,2026-09-12,536,83,441,1,17,9,2,22,14,5,8,0,4.2799,0.3056,0.1549,Sat,False,1.0,False,83.0
Meesho,Shopping,2026-09-13,567,100,458,2,11,9,3,30,18,1,10,0,4.2363,0.31,0.1764,Sun,False,1.0,False,100.0
Meesho,Shopping,2026-09-14,561,91,458,0,11,9,7,31,22,1,9,0,4.2709,0.3357,0.1622,Mon,False,1.0,False,91.0
Meesho,Shopping,2026-09-15,501,89,401,1,8,13,6,33,19,2,14,1,4.1936,0.2983,0.1776,Tue,False,1.0,False,89.0
Meesho,Shopping,2026-09-16,491,92,390,3,10,13,1,25,13,4,11,2,4.1935,0.306,0.1874,Wed,False,1.0,False,92.0
Meesho,Shopping,2026-09-17,689,120,544,4,7,13,7,38,17,1,11,2,4.1582,0.3052,0.1742,Thu,False,1.0,False,120.0
Meesho,Shopping,2026-09-18,656,92,541,6,6,5,4,19,10,2,7,0,4.3201,0.3321,0.1402,Fri,False,1.0,False,92.0
Meesho,Shopping,2026-09-19,831,112,703,1,16,14,3,24,28,3,16,2,4.3682,0.3499,0.1348,Sat,False,1.0,False,112.0
Meesho,Shopping,2026-09-20,802,120,665,3,10,17,5,30,29,3,7,1,4.3155,0.3425,0.1496,Sun,False,1.0,False,120.0
Paytm,Payments,2026-04-01,414,72,333,10,3,0,0,1,2,2,3,4,4.2053,0.3374,0.1739,Wed,False,1.0,False,72.0
Paytm,Payments,2026-04-02,151,38,109,9,3,0,0,2,9,1,2,0,3.8808,0.2117,0.2517,Thu,False,1.0,False,38.0
Paytm,Payments,2026-04-03,334,37,291,2,2,0,0,1,6,0,1,3,4.4521,0.3692,0.1108,Fri,False,1.0,False,37.0
Paytm,Payments,2026-04-04,255,42,201,3,5,1,0,2,5,0,3,3,4.2078,0.3269,0.1647,Sat,False,1.0,False,42.0
Paytm,Payments,2026-04-05,187,36,143,5,6,0,0,2,9,0,2,1,4.0963,0.3394,0.1925,Sun,False,1.0,False,36.0
Paytm,Payments,2026-04-06,108,32,73,1,2,0,0,2,6,1,1,1,3.6944,0.198,0.2963,Mon,False,1.0,False,32.0
Paytm,Payments,2026-04-07,260,36,214,6,0,0,0,0,4,0,3,5,4.3462,0.3417,0.1385,Tue,False,1.0,False,36.0
Paytm,Payments,2026-04-08,252,23,222,3,4,0,0,0,2,0,1,2,4.4921,0.3909,0.0913,Wed,False,1.0,False,23.0
Paytm,Payments,2026-04-09,227,28,196,5,4,0,0,1,7,1,1,1,4.4405,0.3732,0.1233,Thu,False,1.0,False,28.0
Paytm,Payments,2026-04-10,261,22,235,4,1,0,0,0,1,0,3,0,4.5747,0.3952,0.0843,Fri,False,1.0,False,22.0
Paytm,Payments,2026-04-11,476,38,426,1,2,0,0,2,3,1,5,2,4.5294,0.405,0.0798,Sat,False,1.0,False,38.0
Paytm,Payments,2026-04-12,246,24,219,3,0,0,0,0,0,0,1,0,4.5407,0.3632,0.0976,Sun,False,1.0,False,24.0
Paytm,Payments,2026-04-13,264,33,224,1,4,0,0,0,5,0,2,1,4.3598,0.3764,0.125,Mon,False,1.0,False,33.0
Paytm,Payments,2026-04-14,246,35,204,4,4,1,1,0,6,2,4,0,4.3049,0.3512,0.1423,Tue,False,1.0,False,35.0
Paytm,Payments,2026-04-15,108,25,82,6,2,0,0,1,4,0,2,0,3.9907,0.2943,0.2315,Wed,False,1.0,False,25.0
Paytm,Payments,2026-04-16,90,29,56,1,0,1,0,0,7,0,1,1,3.5556,0.2529,0.3222,Thu,False,1.0,False,29.0
Paytm,Payments,2026-04-17,296,31,257,1,2,1,0,1,3,0,0,2,4.4223,0.4075,0.1047,Fri,False,1.0,False,31.0
Paytm,Payments,2026-04-18,275,31,240,0,3,0,0,0,3,0,2,0,4.4727,0.3536,0.1127,Sat,False,1.0,False,31.0
Paytm,Payments,2026-04-19,141,18,119,1,2,1,0,0,4,0,0,0,4.3546,0.3955,0.1277,Sun,False,1.0,False,18.0
Paytm,Payments,2026-04-20,217,25,188,4,0,0,0,1,4,2,1,4,4.4194,0.375,0.1152,Mon,False,1.0,False,25.0
Paytm,Payments,2026-04-21,180,25,148,3,3,2,0,0,3,0,5,4,4.3222,0.3254,0.1389,Tue,False,1.0,False,25.0
Paytm,Payments,2026-04-22,184,33,145,3,3,0,0,2,6,0,5,2,4.1522,0.3272,0.1793,Wed,False,1.0,False,33.0
Paytm,Payments,2026-04-23,154,27,126,3,0,0,0,2,5,1,2,0,4.2597,0.3349,0.1753,Thu,False,1.0,False,27.0
Paytm,Payments,2026-04-24,142,26,113,2,4,1,0,2,5,0,5,0,4.1268,0.3105,0.1831,Fri,False,1.0,False,26.0
Paytm,Payments,2026-04-25,137,41,95,4,4,0,0,1,5,0,5,2,3.7664,0.2719,0.2993,Sat,False,1.0,False,41.0
Paytm,Payments,2026-04-26,118,20,94,3,0,0,0,0,1,0,5,1,4.2203,0.3433,0.1695,Sun,False,1.0,False,20.0
Paytm,Payments,2026-04-27,127,26,99,4,3,0,0,3,4,1,5,0,4.1102,0.2962,0.2047,Mon,False,1.0,False,26.0
Paytm,Payments,2026-04-28,114,17,95,0,1,0,0,1,3,0,3,0,4.307,0.3773,0.1491,Tue,False,1.0,False,17.0
Paytm,Payments,2026-04-29,130,27,101,1,0,0,0,0,4,0,3,0,4.0692,0.3399,0.2077,Wed,False,1.0,False,27.0
Paytm,Payments,2026-04-30,101,22,77,1,4,0,0,2,2,2,4,0,4.0495,0.2501,0.2178,Thu,False,1.0,False,22.0
Paytm,Payments,2026-05-01,176,35,136,3,0,0,0,1,3,1,2,1,4.1193,0.2964,0.1989,Fri,False,1.0,False,35.0
Paytm,Payments,2026-05-02,129,22,105,3,0,0,1,0,2,1,3,0,4.2403,0.3457,0.1705,Sat,False,1.0,False,22.0
Paytm,Payments,2026-05-03,166,37,122,7,2,0,0,2,5,0,5,5,3.9578,0.2775,0.2229,Sun,False,1.0,False,37.0
Paytm,Payments,2026-05-04,161,44,116,7,2,1,0,1,2,0,4,2,3.8509,0.2553,0.2733,Mon,False,1.0,False,44.0
Paytm,Payments,2026-05-05,171,61,102,5,3,0,0,3,5,0,5,1,3.4327,0.1743,0.3567,Tue,False,1.0,False,61.0
Paytm,Payments,2026-05-06,312,57,251,12,2,1,0,1,9,1,4,2,4.1795,0.2944,0.1827,Wed,False,1.0,False,57.0
Paytm,Payments,2026-05-07,108,49,50,10,0,0,0,0,6,1,3,2,3.0556,0.1125,0.4537,Thu,False,1.0,False,49.0
Paytm,Payments,2026-05-08,153,58,92,12,2,0,0,0,3,2,3,1,3.4183,0.1686,0.3791,Fri,False,1.0,False,58.0
Paytm,Payments,2026-05-09,174,46,120,5,1,0,0,0,4,2,3,5,3.8218,0.2422,0.2644,Sat,False,1.0,False,46.0
Paytm,Payments,2026-05-10,189,48,136,5,2,0,0,1,4,1,3,1,3.8836,0.2668,0.254,Sun,False,1.0,False,48.0
Paytm,Payments,2026-05-11,333,46,277,6,3,0,0,1,5,1,2,3,4.3003,0.3587,0.1381,Mon,False,1.0,False,46.0
Paytm,Payments,2026-05-12,325,49,271,6,4,0,0,2,5,0,3,2,4.32,0.3536,0.1508,Tue,False,1.0,False,49.0
Paytm,Payments,2026-05-13,282,51,227,6,2,0,0,0,4,1,4,3,4.195,0.327,0.1809,Wed,False,1.0,False,51.0
Paytm,Payments,2026-05-14,292,47,238,8,3,0,0,2,7,2,6,1,4.2466,0.3048,0.161,Thu,False,1.0,False,47.0
Paytm,Payments,2026-05-15,320,53,255,7,1,0,0,3,8,0,2,1,4.2156,0.336,0.1656,Fri,False,1.0,False,53.0
Paytm,Payments,2026-05-16,279,52,219,2,2,0,0,0,8,4,5,2,4.1505,0.3107,0.1864,Sat,False,1.0,False,52.0
Paytm,Payments,2026-05-17,303,50,245,11,1,0,0,1,11,2,6,1,4.2376,0.3023,0.165,Sun,False,1.0,False,50.0
Paytm,Payments,2026-05-18,337,53,277,7,2,0,0,0,14,3,3,2,4.2878,0.3216,0.1573,Mon,False,1.0,False,53.0
Paytm,Payments,2026-05-19,304,55,238,6,2,0,0,1,7,1,4,1,4.1316,0.341,0.1809,Tue,False,1.0,False,55.0
Paytm,Payments,2026-05-20,278,50,217,3,0,0,0,0,8,4,7,4,4.1547,0.3201,0.1799,Wed,False,1.0,False,50.0
Paytm,Payments,2026-05-21,153,43,103,12,2,1,0,0,8,3,5,1,3.7255,0.2331,0.281,Thu,False,1.0,False,43.0
Paytm,Payments,2026-05-22,168,47,114,7,1,0,0,1,10,3,2,1,3.7024,0.2457,0.2798,Fri,False,1.0,False,47.0
Paytm,Payments,2026-05-23,461,47,400,4,3,0,0,2,7,3,3,5,4.4729,0.3818,0.102,Sat,False,1.0,False,47.0
Paytm,Payments,2026-05-24,322,48,267,4,3,0,0,1,7,3,1,1,4.2733,0.3538,0.1491,Sun,False,1.0,False,48.0
Paytm,Payments,2026-05-25,307,50,248,11,1,1,0,2,8,5,2,0,4.2476,0.3584,0.1629,Mon,False,1.0,False,50.0
Paytm,Payments,2026-05-26,283,37,240,10,1,0,0,1,5,3,3,0,4.3534,0.3676,0.1307,Tue,False,1.0,False,37.0
Paytm,Payments,2026-05-27,238,37,195,5,0,0,0,2,3,2,1,0,4.2521,0.3488,0.1555,Wed,False,1.0,False,37.0
Paytm,Payments,2026-05-28,120,31,86,5,0,0,0,0,3,3,1,1,3.9083,0.2851,0.2583,Thu,False,1.0,False,31.0
Paytm,Payments,2026-05-29,303,34,259,6,1,1,0,1,4,2,1,2,4.3828,0.3329,0.1122,Fri,False,1.0,False,34.0
Paytm,Payments,2026-05-30,252,23,220,4,1,0,0,0,4,1,3,1,4.5,0.3709,0.0913,Sat,False,1.0,False,23.0
Paytm,Payments,2026-05-31,145,27,115,4,4,0,0,1,6,2,1,0,4.1448,0.3326,0.1862,Sun,False,1.0,False,27.0
Paytm,Payments,2026-06-01,423,48,368,7,2,0,0,1,4,3,1,1,4.4374,0.3674,0.1135,Mon,False,1.0,False,48.0
Paytm,Payments,2026-06-02,405,46,345,9,1,0,0,1,5,1,6,2,4.4321,0.3533,0.1136,Tue,False,1.0,False,46.0
Paytm,Payments,2026-06-03,366,31,323,3,1,0,0,1,2,0,4,1,4.5383,0.3789,0.0847,Wed,False,1.0,False,31.0
Paytm,Payments,2026-06-04,373,52,311,5,0,0,0,1,7,4,10,2,4.3298,0.3511,0.1394,Thu,False,1.0,False,52.0
Paytm,Payments,2026-06-05,349,40,300,2,0,1,0,0,5,1,1,1,4.4097,0.3583,0.1146,Fri,False,1.0,False,40.0
Paytm,Payments,2026-06-06,335,43,284,4,1,0,0,1,9,0,4,1,4.3612,0.3606,0.1284,Sat,False,1.0,False,43.0
Paytm,Payments,2026-06-07,276,41,227,7,2,0,0,2,9,0,1,1,4.3043,0.3587,0.1486,Sun,False,1.0,False,41.0
Paytm,Payments,2026-06-08,366,41,317,6,1,1,0,1,3,0,2,1,4.4262,0.3795,0.112,Mon,False,1.0,False,41.0
Paytm,Payments,2026-06-09,239,33,194,5,4,0,0,2,5,0,2,1,4.2803,0.3546,0.1381,Tue,False,1.0,False,33.0
Paytm,Payments,2026-06-10,153,50,100,4,2,1,1,3,7,1,3,0,3.6209,0.1954,0.3268,Wed,False,1.0,False,50.0
Paytm,Payments,2026-06-11,294,44,243,7,3,0,1,0,5,1,2,0,4.3061,0.332,0.1497,Thu,False,1.0,False,44.0
Paytm,Payments,2026-06-12,328,37,278,6,1,0,0,2,4,0,2,0,4.375,0.3491,0.1128,Fri,False,1.0,False,37.0
Paytm,Payments,2026-06-13,246,37,202,2,0,0,0,0,2,1,3,1,4.2846,0.3531,0.1504,Sat,False,1.0,False,37.0
Paytm,Payments,2026-06-14,231,32,187,6,1,0,0,0,3,2,5,0,4.2684,0.3064,0.1385,Sun,False,1.0,False,32.0
Paytm,Payments,2026-06-15,296,29,259,7,2,0,0,1,1,1,1,1,4.473,0.3418,0.098,Mon,False,1.0,False,29.0
Paytm,Payments,2026-06-16,284,35,239,3,0,0,0,1,5,1,4,1,4.3838,0.3574,0.1232,Tue,False,1.0,False,35.0
Paytm,Payments,2026-06-17,305,34,270,2,1,0,0,1,2,2,1,2,4.4852,0.3483,0.1115,Wed,False,1.0,False,34.0
Paytm,Payments,2026-06-18,266,23,236,6,1,0,0,1,4,3,1,0,4.5263,0.3722,0.0865,Thu,False,1.0,False,23.0
Paytm,Payments,2026-06-19,289,37,245,3,1,1,1,3,3,2,2,2,4.3875,0.3699,0.128,Fri,False,1.0,False,37.0
Paytm,Payments,2026-06-20,266,34,227,4,3,0,0,0,5,0,1,3,4.3835,0.3385,0.1278,Sat,False,1.0,False,34.0
Paytm,Payments,2026-06-21,236,31,199,7,0,1,0,1,6,2,1,1,4.3475,0.3473,0.1314,Sun,False,1.0,False,31.0
Paytm,Payments,2026-06-22,243,43,189,4,6,1,0,1,6,0,1,0,4.1687,0.3194,0.177,Mon,False,1.0,False,43.0
Paytm,Payments,2026-06-23,294,41,242,6,4,0,0,2,8,0,2,1,4.2789,0.3697,0.1395,Tue,False,1.0,False,41.0
Paytm,Payments,2026-06-24,236,34,191,2,1,0,0,0,5,1,0,4,4.2966,0.3727,0.1441,Wed,False,1.0,False,34.0
Paytm,Payments,2026-06-25,243,25,211,2,2,0,0,0,3,0,0,1,4.4486,0.3639,0.1029,Thu,False,1.0,False,25.0
Paytm,Payments,2026-06-26,133,30,100,4,1,0,0,1,3,1,1,2,3.9549,0.2642,0.2256,Fri,False,1.0,False,30.0
Paytm,Payments,2026-06-27,237,35,192,4,6,0,0,1,3,1,2,1,4.2616,0.333,0.1477,Sat,False,1.0,False,35.0
Paytm,Payments,2026-06-28,189,28,153,8,2,0,0,1,3,1,6,0,4.2804,0.3041,0.1481,Sun,False,1.0,False,28.0
Paytm,Payments,2026-06-29,213,36,171,9,1,1,0,1,3,3,0,1,4.2254,0.3614,0.169,Mon,False,1.0,False,36.0
Paytm,Payments,2026-06-30,235,41,188,6,6,0,0,2,6,2,2,0,4.1617,0.345,0.1745,Tue,False,1.0,False,41.0
Paytm,Payments,2026-07-01,478,51,413,9,1,1,0,0,11,0,5,2,4.4372,0.3806,0.1067,Wed,False,1.0,False,51.0
Paytm,Payments,2026-07-02,314,38,270,8,0,0,1,1,5,1,3,5,4.3885,0.3693,0.121,Thu,False,1.0,False,38.0
Paytm,Payments,2026-07-03,89,30,57,10,1,0,0,1,4,2,2,1,3.6067,0.2246,0.3371,Fri,False,1.0,False,30.0
Paytm,Payments,2026-07-04,157,38,112,5,3,1,0,2,7,0,10,3,3.9108,0.2902,0.242,Sat,False,1.0,False,38.0
Paytm,Payments,2026-07-05,110,32,73,4,3,0,0,2,10,2,2,1,3.7818,0.2814,0.2909,Sun,False,1.0,False,32.0
Paytm,Payments,2026-07-06,116,27,86,7,3,0,0,2,4,0,1,0,3.931,0.2727,0.2328,Mon,False,1.0,False,27.0
Paytm,Payments,2026-07-07,373,40,325,4,1,0,0,0,8,0,4,2,4.496,0.3624,0.1072,Tue,False,1.0,False,40.0
Paytm,Payments,2026-07-08,415,30,381,5,2,0,0,0,6,0,0,0,4.6024,0.4045,0.0723,Wed,False,1.0,False,30.0
Paytm,Payments,2026-07-09,402,41,348,3,0,0,0,0,5,1,2,2,4.4627,0.3809,0.102,Thu,False,1.0,False,41.0
Paytm,Payments,2026-07-10,390,30,351,4,3,0,0,1,0,2,2,2,4.5949,0.3903,0.0769,Fri,False,1.0,False,30.0
Paytm,Payments,2026-07-11,291,37,249,2,4,0,0,1,7,1,4,1,4.4227,0.3525,0.1271,Sat,False,1.0,False,37.0
Paytm,Payments,2026-07-12,294,37,254,4,3,1,0,1,5,1,2,2,4.4116,0.3502,0.1259,Sun,False,1.0,False,37.0
Paytm,Payments,2026-07-13,77,31,45,4,1,0,0,1,5,3,3,0,3.3247,0.222,0.4026,Mon,False,1.0,False,31.0
Paytm,Payments,2026-07-14,213,25,183,6,1,0,0,0,2,0,2,0,4.446,0.3565,0.1174,Tue,False,1.0,False,25.0
Paytm,Payments,2026-07-15,164,29,129,3,4,2,0,1,4,1,7,1,4.1951,0.3477,0.1768,Wed,False,1.0,False,29.0
Paytm,Payments,2026-07-16,391,45,335,2,2,0,0,2,4,1,3,0,4.3964,0.3389,0.1151,Thu,False,1.0,False,45.0
Paytm,Payments,2026-07-17,122,29,90,4,0,1,0,1,2,0,3,3,3.9672,0.2787,0.2377,Fri,False,1.0,False,29.0
Paytm,Payments,2026-07-18,279,44,231,2,2,0,0,0,2,1,2,3,4.3047,0.3625,0.1577,Sat,False,1.0,False,44.0
Paytm,Payments,2026-07-19,268,30,228,6,3,0,0,1,5,0,0,3,4.4291,0.3928,0.1119,Sun,False,1.0,False,30.0
Paytm,Payments,2026-07-20,276,32,236,4,3,0,0,0,3,2,0,0,4.4348,0.3638,0.1159,Mon,False,1.0,False,32.0
Paytm,Payments,2026-07-21,203,26,174,5,0,0,0,0,2,0,3,2,4.4039,0.371,0.1281,Tue,False,1.0,False,26.0
Paytm,Payments,2026-07-22,323,27,295,4,1,0,0,0,5,1,3,1,4.6006,0.3856,0.0836,Wed,False,1.0,False,27.0
Paytm,Payments,2026-07-23,81,33,47,7,2,0,0,0,4,0,2,0,3.3333,0.2187,0.4074,Thu,False,1.0,False,33.0
Paytm,Payments,2026-07-24,251,26,221,3,0,0,0,0,1,1,3,0,4.5139,0.3684,0.1036,Fri,False,1.0,False,26.0
Paytm,Payments,2026-07-25,140,23,114,2,0,0,0,0,0,1,1,1,4.25,0.3167,0.1643,Sat,False,1.0,False,23.0
Paytm,Payments,2026-07-26,241,30,204,2,2,0,1,1,3,1,5,0,4.4108,0.3583,0.1245,Sun,False,1.0,False,30.0
Paytm,Payments,2026-07-27,248,27,218,4,0,1,0,0,6,1,4,2,4.5161,0.3804,0.1089,Mon,False,1.0,False,27.0
Paytm,Payments,2026-07-28,236,27,206,5,0,0,0,1,6,2,1,1,4.4873,0.3695,0.1144,Tue,False,1.0,False,27.0
Paytm,Payments,2026-07-29,253,27,223,2,0,0,1,1,0,0,4,2,4.5138,0.357,0.1067,Wed,False,1.0,False,27.0
Paytm,Payments,2026-07-30,229,28,196,3,4,0,0,1,5,1,3,1,4.4017,0.3472,0.1223,Thu,False,1.0,False,28.0
Paytm,Payments,2026-07-31,301,38,257,7,1,0,0,2,2,2,2,1,4.4053,0.3928,0.1262,Fri,False,1.0,False,38.0
Paytm,Payments,2026-08-01,359,36,314,7,0,0,0,1,3,1,0,1,4.5432,0.3815,0.1003,Sat,False,1.0,False,36.0
Paytm,Payments,2026-08-02,230,38,187,5,0,0,0,1,5,4,5,2,4.2826,0.3252,0.1652,Sun,False,1.0,False,38.0
Paytm,Payments,2026-08-03,305,34,264,5,0,0,0,1,6,2,2,0,4.482,0.332,0.1115,Mon,False,1.0,False,34.0
Paytm,Payments,2026-08-04,289,29,257,5,0,2,0,1,6,0,4,3,4.5363,0.3447,0.1003,Tue,False,1.0,False,29.0
Paytm,Payments,2026-08-05,268,29,236,2,1,0,0,0,4,1,1,0,4.4925,0.344,0.1082,Wed,False,1.0,False,29.0
Paytm,Payments,2026-08-06,274,33,232,3,2,0,0,1,1,2,3,0,4.4124,0.3445,0.1204,Thu,False,1.0,False,33.0
Paytm,Payments,2026-08-07,124,31,86,5,3,0,0,0,5,0,1,0,3.8468,0.2641,0.25,Fri,False,1.0,False,31.0
Paytm,Payments,2026-08-08,137,31,104,5,2,0,0,1,3,1,6,1,4.0292,0.2714,0.2263,Sat,False,1.0,False,31.0
Paytm,Payments,2026-08-09,154,26,125,3,0,0,0,1,5,2,5,1,4.2208,0.3413,0.1688,Sun,False,1.0,False,26.0
Paytm,Payments,2026-08-10,505,36,462,5,1,1,0,1,7,2,4,1,4.6337,0.4111,0.0713,Mon,False,1.0,False,36.0
Paytm,Payments,2026-08-11,361,31,323,5,1,0,0,0,1,4,1,3,4.5873,0.384,0.0859,Tue,False,1.0,False,31.0
Paytm,Payments,2026-08-12,152,24,122,4,1,0,0,0,8,2,0,0,4.2566,0.3131,0.1579,Wed,False,1.0,False,24.0
Paytm,Payments,2026-08-13,293,34,259,3,1,0,0,0,4,2,1,1,4.4846,0.3716,0.116,Thu,False,1.0,False,34.0
Paytm,Payments,2026-08-14,292,22,268,3,0,0,0,0,2,0,3,0,4.6404,0.3708,0.0753,Fri,False,1.0,False,22.0
Paytm,Payments,2026-08-15,231,26,202,2,3,0,0,2,4,0,2,1,4.4805,0.3743,0.1126,Sat,False,1.0,False,26.0
Paytm,Payments,2026-08-16,353,42,307,10,1,1,0,3,1,1,3,0,4.4504,0.3939,0.119,Sun,False,1.0,False,42.0
Paytm,Payments,2026-08-17,264,27,233,6,0,2,0,2,4,0,3,1,4.5076,0.3761,0.1023,Mon,False,1.0,False,27.0
Paytm,Payments,2026-08-18,268,29,232,6,1,1,1,0,2,1,1,1,4.4776,0.384,0.1082,Tue,False,1.0,False,29.0
Paytm,Payments,2026-08-19,259,32,225,7,2,1,0,0,7,1,1,1,4.444,0.377,0.1236,Wed,False,1.0,False,32.0
Paytm,Payments,2026-08-20,235,28,206,9,0,0,0,0,2,1,1,0,4.4681,0.356,0.1191,Thu,False,1.0,False,28.0
Paytm,Payments,2026-08-21,236,32,202,3,0,1,0,0,2,0,1,1,4.4195,0.374,0.1356,Fri,False,1.0,False,32.0
Paytm,Payments,2026-08-22,198,37,161,4,1,0,0,1,2,3,3,1,4.2374,0.347,0.1869,Sat,False,1.0,False,37.0
Paytm,Payments,2026-08-23,185,34,146,4,0,0,1,1,5,1,3,1,4.1892,0.3214,0.1838,Sun,False,1.0,False,34.0
Paytm,Payments,2026-08-24,202,31,168,6,2,1,0,2,6,3,1,2,4.3317,0.3566,0.1535,Mon,False,1.0,False,31.0
Paytm,Payments,2026-08-25,205,26,175,7,1,0,0,1,6,4,1,0,4.4341,0.3562,0.1268,Tue,False,1.0,False,26.0
Paytm,Payments,2026-08-26,108,25,79,4,0,0,0,1,7,1,2,2,3.963,0.2226,0.2315,Wed,False,1.0,False,25.0
Paytm,Payments,2026-08-27,188,24,163,9,0,0,0,0,0,0,2,3,4.4628,0.3702,0.1277,Thu,False,1.0,False,24.0
Paytm,Payments,2026-08-28,190,26,160,6,1,0,0,0,3,2,1,0,4.3632,0.3536,0.1368,Fri,False,1.0,False,26.0
Paytm,Payments,2026-08-29,209,29,178,5,1,0,0,0,5,4,1,1,4.3876,0.3548,0.1388,Sat,False,1.0,False,29.0
Paytm,Payments,2026-08-30,241,41,196,6,1,0,0,0,4,1,6,1,4.2614,0.3378,0.1701,Sun,False,1.0,False,41.0
Paytm,Payments,2026-08-31,235,31,200,6,2,0,0,1,5,2,3,1,4.4,0.3462,0.1319,Mon,False,1.0,False,31.0
Paytm,Payments,2026-09-01,340,41,291,2,2,0,0,1,4,1,5,3,4.4176,0.3486,0.1206,Tue,False,1.0,False,41.0
Paytm,Payments,2026-09-02,340,44,283,7,2,0,0,1,7,1,5,1,4.3794,0.3404,0.1294,Wed,False,1.0,False,44.0
Paytm,Payments,2026-09-03,257,42,211,6,0,0,0,1,7,3,3,2,4.2879,0.339,0.1634,Thu,False,1.0,False,42.0
Paytm,Payments,2026-09-04,415,67,340,6,3,1,0,1,4,3,3,2,4.2699,0.3376,0.1614,Fri,False,1.0,False,67.0
Paytm,Payments,2026-09-05,358,64,281,6,1,0,0,2,3,1,2,0,4.1788,0.3052,0.1788,Sat,False,1.0,False,64.0
Paytm,Payments,2026-09-06,380,64,306,14,4,1,0,1,6,2,5,2,4.2368,0.3183,0.1684,Sun,False,1.0,False,64.0
Paytm,Payments,2026-09-07,495,79,398,13,1,0,0,2,3,4,1,4,4.2222,0.2895,0.1596,Mon,False,1.0,False,79.0
Paytm,Payments,2026-09-08,366,76,282,8,2,0,0,1,4,0,1,3,4.0929,0.3213,0.2077,Tue,False,1.0,False,76.0
Paytm,Payments,2026-09-09,398,67,321,16,1,0,0,1,10,3,4,2,4.2487,0.3043,0.1683,Wed,False,1.0,False,67.0
Paytm,Payments,2026-09-10,410,68,331,16,1,0,0,2,6,4,2,3,4.2293,0.2996,0.1659,Thu,False,1.0,False,68.0
Paytm,Payments,2026-09-11,353,73,274,22,1,0,0,0,12,4,4,5,4.0907,0.3127,0.2068,Fri,False,1.0,False,73.0
Paytm,Payments,2026-09-12,436,80,340,26,4,1,1,2,11,5,4,3,4.1628,0.3179,0.1835,Sat,False,1.0,False,80.0
Paytm,Payments,2026-09-13,379,71,299,22,3,1,0,3,9,3,4,4,4.1768,0.3253,0.1873,Sun,False,1.0,False,71.0
Paytm,Payments,2026-09-14,321,55,256,12,2,0,0,2,5,0,4,2,4.2243,0.3266,0.1713,Mon,False,1.0,False,55.0
Paytm,Payments,2026-09-15,271,55,210,13,0,1,0,0,4,0,1,3,4.1033,0.2724,0.203,Tue,False,1.0,False,55.0
Paytm,Payments,2026-09-16,415,54,352,10,2,1,0,2,5,3,3,3,4.3904,0.339,0.1301,Wed,False,1.0,False,54.0
Paytm,Payments,2026-09-17,327,49,270,6,1,0,0,0,4,1,1,1,4.3119,0.3548,0.1498,Thu,False,1.0,False,49.0
Paytm,Payments,2026-09-18,370,50,314,4,1,0,0,0,3,1,3,3,4.4162,0.3331,0.1351,Fri,False,1.0,False,50.0
Paytm,Payments,2026-09-19,324,36,284,4,0,1,0,0,2,0,1,1,4.4846,0.3519,0.1111,Sat,False,1.0,False,36.0
Paytm,Payments,2026-09-20,340,25,310,3,0,0,0,1,2,3,1,1,4.5941,0.3992,0.0735,Sun,False,1.0,False,25.0
PhonePe,Payments,2026-04-01,1048,83,922,6,3,0,0,1,8,2,2,3,4.4857,0.3806,0.0792,Wed,False,1.0,False,83.0
PhonePe,Payments,2026-04-02,903,57,807,4,2,0,0,3,1,3,2,0,4.5282,0.4054,0.0631,Thu,False,1.0,False,57.0
PhonePe,Payments,2026-04-03,805,81,690,3,2,1,0,2,8,1,2,3,4.4174,0.3929,0.1006,Fri,False,1.0,False,81.0
PhonePe,Payments,2026-04-04,767,73,656,11,1,0,0,0,5,3,3,4,4.4094,0.3818,0.0952,Sat,False,1.0,False,73.0
PhonePe,Payments,2026-04-05,712,53,627,2,1,0,0,0,3,0,3,0,4.4944,0.3962,0.0744,Sun,False,1.0,False,53.0
PhonePe,Payments,2026-04-06,727,59,636,5,2,0,0,0,2,3,3,0,4.4911,0.385,0.0812,Mon,False,1.0,False,59.0
PhonePe,Payments,2026-04-07,719,54,635,3,3,0,1,0,7,2,4,1,4.5146,0.3865,0.0751,Tue,False,1.0,False,54.0
PhonePe,Payments,2026-04-08,746,54,662,3,4,1,0,0,4,0,4,0,4.5456,0.415,0.0724,Wed,False,1.0,False,54.0
PhonePe,Payments,2026-04-09,591,47,520,4,1,0,0,2,3,0,4,1,4.4975,0.4098,0.0795,Thu,False,1.0,False,47.0
PhonePe,Payments,2026-04-10,601,49,523,2,2,0,0,0,5,2,3,1,4.4892,0.3773,0.0815,Fri,False,1.0,False,49.0
PhonePe,Payments,2026-04-11,560,47,475,1,4,1,0,0,4,1,4,1,4.4589,0.395,0.0839,Sat,False,1.0,False,47.0
PhonePe,Payments,2026-04-12,551,46,487,2,3,2,0,0,3,0,3,1,4.4773,0.398,0.0835,Sun,False,1.0,False,46.0
PhonePe,Payments,2026-04-13,604,85,498,0,5,0,0,0,17,1,2,0,4.2351,0.3627,0.1407,Mon,False,1.0,False,85.0
PhonePe,Payments,2026-04-14,566,53,490,1,2,0,0,1,4,0,3,1,4.4117,0.3862,0.0936,Tue,False,1.0,False,53.0
PhonePe,Payments,2026-04-15,572,40,497,0,2,0,1,1,5,2,3,0,4.4773,0.3949,0.0699,Wed,False,1.0,False,40.0
PhonePe,Payments,2026-04-16,537,43,470,2,4,0,0,0,5,0,2,1,4.4916,0.3885,0.0801,Thu,False,1.0,False,43.0
PhonePe,Payments,2026-04-17,641,59,560,7,0,0,0,1,3,0,3,2,4.4399,0.3882,0.092,Fri,False,1.0,False,59.0
PhonePe,Payments,2026-04-18,591,46,524,1,5,0,0,2,9,1,1,0,4.4924,0.4041,0.0778,Sat,False,1.0,False,46.0
PhonePe,Payments,2026-04-19,555,49,483,4,1,0,0,0,3,2,6,3,4.4649,0.4038,0.0883,Sun,False,1.0,False,49.0
PhonePe,Payments,2026-04-20,548,55,475,1,2,0,0,1,6,0,3,0,4.4288,0.3911,0.1004,Mon,False,1.0,False,55.0
PhonePe,Payments,2026-04-21,508,45,444,1,3,0,0,0,11,1,4,0,4.4744,0.3789,0.0886,Tue,False,1.0,False,45.0
PhonePe,Payments,2026-04-22,535,48,467,1,1,0,0,0,4,0,3,1,4.4486,0.3658,0.0897,Wed,False,1.0,False,48.0
PhonePe,Payments,2026-04-23,497,45,431,0,0,0,0,0,3,0,2,1,4.4648,0.3825,0.0905,Thu,False,1.0,False,45.0
PhonePe,Payments,2026-04-24,497,48,440,3,1,1,0,0,3,1,1,3,4.4688,0.3741,0.0966,Fri,False,1.0,False,48.0
PhonePe,Payments,2026-04-25,497,56,420,5,4,0,0,0,3,2,4,2,4.3521,0.356,0.1127,Sat,False,1.0,False,56.0
PhonePe,Payments,2026-04-26,498,46,437,2,4,0,0,2,5,1,3,1,4.502,0.3924,0.0924,Sun,False,1.0,False,46.0
PhonePe,Payments,2026-04-27,506,42,438,2,1,0,0,1,5,1,3,0,4.4545,0.4016,0.083,Mon,False,1.0,False,42.0
PhonePe,Payments,2026-04-28,508,33,453,0,2,0,0,0,2,1,3,1,4.5472,0.4222,0.065,Tue,False,1.0,False,33.0
PhonePe,Payments,2026-04-29,486,49,417,1,5,0,0,0,7,2,2,3,4.4053,0.3718,0.1008,Wed,False,1.0,False,49.0
PhonePe,Payments,2026-04-30,475,41,421,2,0,1,0,0,2,0,6,1,4.4926,0.369,0.0863,Thu,False,1.0,False,41.0
PhonePe,Payments,2026-05-01,533,44,472,2,2,0,0,0,7,2,2,2,4.4841,0.3865,0.0826,Fri,False,1.0,False,44.0
PhonePe,Payments,2026-05-02,577,52,497,5,2,0,0,1,1,1,1,0,4.4437,0.3839,0.0901,Sat,False,1.0,False,52.0
PhonePe,Payments,2026-05-03,564,41,496,2,1,0,0,1,1,0,1,1,4.4858,0.4017,0.0727,Sun,False,1.0,False,41.0
PhonePe,Payments,2026-05-04,550,50,478,4,2,0,0,0,3,0,4,1,4.4545,0.3881,0.0909,Mon,False,1.0,False,50.0
PhonePe,Payments,2026-05-05,566,49,493,1,0,0,1,0,6,0,2,3,4.4788,0.3891,0.0866,Tue,False,1.0,False,49.0
PhonePe,Payments,2026-05-06,581,55,498,4,3,2,0,1,6,3,3,3,4.3976,0.383,0.0947,Wed,False,1.0,False,55.0
PhonePe,Payments,2026-05-07,586,37,525,1,2,1,0,0,5,2,3,0,4.5358,0.4014,0.0631,Thu,False,1.0,False,37.0
PhonePe,Payments,2026-05-08,593,60,509,2,4,0,0,1,6,1,4,0,4.3761,0.3884,0.1012,Fri,False,1.0,False,60.0
PhonePe,Payments,2026-05-09,590,44,522,5,2,0,0,1,4,1,1,0,4.5237,0.3853,0.0746,Sat,False,1.0,False,44.0
PhonePe,Payments,2026-05-10,513,49,446,4,1,0,0,1,4,0,0,1,4.4308,0.3846,0.0955,Sun,False,1.0,False,49.0
PhonePe,Payments,2026-05-11,570,48,498,2,1,1,1,0,2,1,3,1,4.4579,0.3876,0.0842,Mon,False,1.0,False,48.0
PhonePe,Payments,2026-05-12,538,41,473,1,1,0,0,0,3,0,2,2,4.5112,0.3961,0.0762,Tue,False,1.0,False,41.0
PhonePe,Payments,2026-05-13,538,48,476,4,3,0,0,0,2,1,5,1,4.4721,0.3948,0.0892,Wed,False,1.0,False,48.0
PhonePe,Payments,2026-05-14,581,54,507,3,0,1,0,1,4,0,3,2,4.4819,0.3934,0.0929,Thu,False,1.0,False,54.0
PhonePe,Payments,2026-05-15,635,60,552,3,2,0,0,0,3,2,3,2,4.452,0.3939,0.0945,Fri,False,1.0,False,60.0
PhonePe,Payments,2026-05-16,652,53,575,9,2,1,0,0,8,2,4,0,4.5031,0.4104,0.0813,Sat,False,1.0,False,53.0
PhonePe,Payments,2026-05-17,560,47,491,6,3,0,0,1,4,1,2,0,4.4804,0.3768,0.0839,Sun,False,1.0,False,47.0
PhonePe,Payments,2026-05-18,643,52,566,3,0,0,0,1,4,1,3,2,4.4914,0.3819,0.0809,Mon,False,1.0,False,52.0
PhonePe,Payments,2026-05-19,540,44,473,3,2,1,0,1,7,2,7,0,4.4741,0.3805,0.0815,Tue,False,1.0,False,44.0
PhonePe,Payments,2026-05-20,501,53,430,6,1,0,0,0,3,0,5,2,4.3812,0.3632,0.1058,Wed,False,1.0,False,53.0
PhonePe,Payments,2026-05-21,425,38,375,3,3,0,0,2,4,1,2,1,4.52,0.3743,0.0894,Thu,False,1.0,False,38.0
PhonePe,Payments,2026-05-22,452,40,395,1,5,0,0,1,4,0,5,3,4.4867,0.3805,0.0885,Fri,False,1.0,False,40.0
PhonePe,Payments,2026-05-23,419,41,357,1,3,1,0,0,4,2,5,3,4.4081,0.3647,0.0979,Sat,False,1.0,False,41.0
PhonePe,Payments,2026-05-24,412,32,363,1,1,0,0,0,8,3,2,2,4.5194,0.3989,0.0777,Sun,False,1.0,False,32.0
PhonePe,Payments,2026-05-25,438,43,368,2,2,0,0,2,4,0,4,1,4.395,0.3833,0.0982,Mon,False,1.0,False,43.0
PhonePe,Payments,2026-05-26,464,55,391,3,4,0,0,1,6,1,2,0,4.3728,0.3573,0.1185,Tue,False,1.0,False,55.0
PhonePe,Payments,2026-05-27,468,40,410,3,1,0,1,0,6,1,4,2,4.5085,0.3889,0.0855,Wed,False,1.0,False,40.0
PhonePe,Payments,2026-05-28,439,48,376,3,1,0,0,2,4,3,2,0,4.3736,0.3813,0.1093,Thu,False,1.0,False,48.0
PhonePe,Payments,2026-05-29,440,49,372,4,0,0,0,0,4,1,1,1,4.4,0.3632,0.1114,Fri,False,1.0,False,49.0
PhonePe,Payments,2026-05-30,484,45,422,2,1,1,0,0,6,1,5,2,4.4628,0.3863,0.093,Sat,False,1.0,False,45.0
PhonePe,Payments,2026-05-31,433,37,374,1,1,0,0,0,5,0,1,2,4.4642,0.3832,0.0855,Sun,False,1.0,False,37.0
PhonePe,Payments,2026-06-01,484,57,407,4,4,0,0,2,3,0,6,0,4.3595,0.3849,0.1178,Mon,False,1.0,False,57.0
PhonePe,Payments,2026-06-02,435,39,387,1,3,0,0,0,9,0,3,2,4.4828,0.3825,0.0897,Tue,False,1.0,False,39.0
PhonePe,Payments,2026-06-03,469,42,409,1,1,0,0,0,3,1,1,1,4.4606,0.397,0.0896,Wed,False,1.0,False,42.0
PhonePe,Payments,2026-06-04,517,51,450,3,0,0,0,0,9,0,2,1,4.4468,0.3776,0.0986,Thu,False,1.0,False,51.0
PhonePe,Payments,2026-06-05,481,45,414,2,3,1,0,0,6,1,2,0,4.4304,0.3794,0.0936,Fri,False,1.0,False,45.0
PhonePe,Payments,2026-06-06,476,41,416,3,1,0,1,0,2,0,4,0,4.4412,0.397,0.0861,Sat,False,1.0,False,41.0
PhonePe,Payments,2026-06-07,470,44,410,1,2,0,0,1,4,0,0,1,4.4426,0.4046,0.0936,Sun,False,1.0,False,44.0
PhonePe,Payments,2026-06-08,493,54,419,6,1,0,0,1,5,1,2,1,4.3813,0.3703,0.1095,Mon,False,1.0,False,54.0
PhonePe,Payments,2026-06-09,525,48,460,4,2,0,0,0,7,2,2,0,4.4648,0.3814,0.0914,Tue,False,1.0,False,48.0
PhonePe,Payments,2026-06-10,517,57,441,5,2,0,0,3,11,4,5,0,4.3752,0.3575,0.1103,Wed,False,1.0,False,57.0
PhonePe,Payments,2026-06-11,492,45,417,7,1,0,0,0,1,3,1,1,4.3943,0.3823,0.0915,Thu,False,1.0,False,45.0
PhonePe,Payments,2026-06-12,477,48,411,1,0,0,0,1,6,2,5,2,4.3983,0.3838,0.1006,Fri,False,1.0,False,48.0
PhonePe,Payments,2026-06-13,432,44,375,1,1,0,0,0,0,1,5,1,4.4398,0.3808,0.1019,Sat,False,1.0,False,44.0
PhonePe,Payments,2026-06-14,433,49,366,4,2,0,1,1,3,2,5,1,4.3603,0.3767,0.1132,Sun,False,1.0,False,49.0
PhonePe,Payments,2026-06-15,492,43,426,3,3,3,0,0,3,2,1,3,4.4614,0.3813,0.0874,Mon,False,1.0,False,43.0
PhonePe,Payments,2026-06-16,459,50,392,4,1,1,0,0,5,1,2,1,4.4336,0.3695,0.1089,Tue,False,1.0,False,50.0
PhonePe,Payments,2026-06-17,458,87,358,4,3,0,0,1,6,0,6,0,4.1114,0.3178,0.19,Wed,False,1.0,False,87.0
PhonePe,Payments,2026-06-18,441,64,366,2,2,0,1,2,5,3,6,1,4.2857,0.3465,0.1451,Thu,False,1.0,False,64.0
PhonePe,Payments,2026-06-19,554,90,446,2,3,1,0,2,5,3,6,5,4.2094,0.3427,0.1625,Fri,False,1.0,False,90.0
PhonePe,Payments,2026-06-20,527,78,437,3,2,0,0,0,5,0,9,2,4.2429,0.3615,0.148,Sat,False,1.0,False,78.0
PhonePe,Payments,2026-06-21,464,72,379,2,3,0,0,1,6,0,4,2,4.2328,0.3191,0.1552,Sun,False,1.0,False,72.0
PhonePe,Payments,2026-06-22,495,66,403,7,1,0,0,0,2,2,6,1,4.2727,0.3554,0.1333,Mon,False,1.0,False,66.0
PhonePe,Payments,2026-06-23,484,46,427,2,1,0,0,0,3,1,2,0,4.4731,0.406,0.095,Tue,False,1.0,False,46.0
PhonePe,Payments,2026-06-24,485,49,422,5,2,0,0,0,7,3,1,3,4.4309,0.3792,0.101,Wed,False,1.0,False,49.0
PhonePe,Payments,2026-06-25,513,59,436,4,2,0,0,2,8,2,3,1,4.3801,0.386,0.115,Thu,False,1.0,False,59.0
PhonePe,Payments,2026-06-26,441,51,370,5,2,0,0,1,3,1,4,1,4.3673,0.352,0.1156,Fri,False,1.0,False,51.0
PhonePe,Payments,2026-06-27,456,53,392,2,5,0,0,1,8,0,2,2,4.4057,0.3572,0.1162,Sat,False,1.0,False,53.0
PhonePe,Payments,2026-06-28,406,45,350,3,2,0,0,0,4,2,1,1,4.4089,0.3701,0.1108,Sun,False,1.0,False,45.0
PhonePe,Payments,2026-06-29,446,55,375,4,0,0,0,0,7,1,3,2,4.3341,0.3558,0.1233,Mon,False,1.0,False,55.0
PhonePe,Payments,2026-06-30,454,40,397,1,1,1,0,1,6,0,1,1,4.489,0.3738,0.0881,Tue,False,1.0,False,40.0
PhonePe,Payments,2026-07-01,485,52,416,1,0,0,0,1,10,3,5,1,4.3938,0.3659,0.1072,Wed,False,1.0,False,52.0
PhonePe,Payments,2026-07-02,493,49,424,5,4,0,0,0,3,2,2,5,4.4118,0.3798,0.0994,Thu,False,1.0,False,49.0
PhonePe,Payments,2026-07-03,471,62,397,3,6,0,1,0,5,1,2,0,4.3312,0.3588,0.1316,Fri,False,1.0,False,62.0
PhonePe,Payments,2026-07-04,448,47,383,6,2,1,0,1,10,1,2,3,4.3996,0.3719,0.1049,Sat,False,1.0,False,47.0
PhonePe,Payments,2026-07-05,460,49,396,4,1,0,0,3,5,1,3,0,4.3935,0.3951,0.1065,Sun,False,1.0,False,49.0
PhonePe,Payments,2026-07-06,483,49,420,2,3,0,0,0,4,1,3,3,4.4203,0.3828,0.1014,Mon,False,1.0,False,49.0
PhonePe,Payments,2026-07-07,495,53,422,3,2,0,0,0,3,0,2,1,4.3798,0.3756,0.1071,Tue,False,1.0,False,53.0
PhonePe,Payments,2026-07-08,508,69,419,1,1,0,0,0,7,0,6,4,4.2657,0.3536,0.1358,Wed,False,1.0,False,69.0
PhonePe,Payments,2026-07-09,430,48,364,3,2,0,0,0,4,1,3,0,4.3791,0.3743,0.1116,Thu,False,1.0,False,48.0
PhonePe,Payments,2026-07-10,570,73,481,6,4,1,0,0,6,0,8,0,4.3456,0.3447,0.1281,Fri,False,1.0,False,73.0
PhonePe,Payments,2026-07-11,507,44,441,3,2,0,0,3,3,1,5,0,4.4635,0.3729,0.0868,Sat,False,1.0,False,44.0
PhonePe,Payments,2026-07-12,497,56,419,4,3,0,0,1,3,3,2,1,4.3501,0.375,0.1127,Sun,False,1.0,False,56.0
PhonePe,Payments,2026-07-13,505,44,440,1,4,3,0,0,4,1,4,2,4.4554,0.3838,0.0871,Mon,False,1.0,False,44.0
PhonePe,Payments,2026-07-14,537,59,453,7,0,0,0,1,2,1,1,2,4.3818,0.3715,0.1099,Tue,False,1.0,False,59.0
PhonePe,Payments,2026-07-15,512,53,431,3,2,1,0,1,6,0,1,1,4.3926,0.3684,0.1035,Wed,False,1.0,False,53.0
PhonePe,Payments,2026-07-16,569,58,494,3,3,1,0,0,10,1,3,0,4.4218,0.3814,0.1019,Thu,False,1.0,False,58.0
PhonePe,Payments,2026-07-17,474,49,413,1,0,0,0,1,6,0,7,2,4.4114,0.3897,0.1034,Fri,False,1.0,False,49.0
PhonePe,Payments,2026-07-18,531,46,467,2,2,0,0,1,5,1,2,0,4.4878,0.3821,0.0866,Sat,False,1.0,False,46.0
PhonePe,Payments,2026-07-19,434,36,383,0,2,0,0,0,1,0,1,1,4.5115,0.3996,0.0829,Sun,False,1.0,False,36.0
PhonePe,Payments,2026-07-20,411,46,353,0,3,1,0,1,5,0,3,1,4.3625,0.3916,0.1119,Mon,False,1.0,False,46.0
PhonePe,Payments,2026-07-21,395,46,332,1,1,0,0,1,4,0,1,0,4.3595,0.3723,0.1165,Tue,False,1.0,False,46.0
PhonePe,Payments,2026-07-22,442,37,395,3,1,0,0,0,2,1,4,1,4.5271,0.3986,0.0837,Wed,False,1.0,False,37.0
PhonePe,Payments,2026-07-23,490,45,429,0,2,0,0,0,5,0,3,2,4.4306,0.3922,0.0918,Thu,False,1.0,False,45.0
PhonePe,Payments,2026-07-24,459,43,399,3,2,0,0,0,5,1,2,0,4.4619,0.4027,0.0937,Fri,False,1.0,False,43.0
PhonePe,Payments,2026-07-25,436,42,379,4,0,0,0,1,3,1,4,1,4.4862,0.3993,0.0963,Sat,False,1.0,False,42.0
PhonePe,Payments,2026-07-26,407,35,355,2,1,0,0,0,1,2,0,1,4.4496,0.3761,0.086,Sun,False,1.0,False,35.0
PhonePe,Payments,2026-07-27,415,38,364,4,1,0,0,0,6,0,3,2,4.4578,0.4105,0.0916,Mon,False,1.0,False,38.0
PhonePe,Payments,2026-07-28,468,48,402,1,3,1,0,0,5,1,2,0,4.4167,0.3772,0.1026,Tue,False,1.0,False,48.0
PhonePe,Payments,2026-07-29,510,40,452,1,1,0,0,0,3,1,2,2,4.5039,0.3988,0.0784,Wed,False,1.0,False,40.0
PhonePe,Payments,2026-07-30,489,50,418,1,2,0,0,0,4,2,4,1,4.4192,0.389,0.1022,Thu,False,1.0,False,50.0
PhonePe,Payments,2026-07-31,525,37,476,4,1,1,0,0,4,3,2,2,4.5771,0.4015,0.0705,Fri,False,1.0,False,37.0
PhonePe,Payments,2026-08-01,535,35,472,2,1,0,0,2,3,0,2,1,4.5103,0.4007,0.0654,Sat,False,1.0,False,35.0
PhonePe,Payments,2026-08-02,499,44,426,2,5,0,1,2,5,3,2,1,4.4349,0.4074,0.0882,Sun,False,1.0,False,44.0
PhonePe,Payments,2026-08-03,543,44,479,3,2,1,0,1,5,4,5,1,4.4825,0.3834,0.081,Mon,False,1.0,False,44.0
PhonePe,Payments,2026-08-04,543,53,471,0,1,0,1,1,2,0,3,1,4.4567,0.3922,0.0976,Tue,False,1.0,False,53.0
PhonePe,Payments,2026-08-05,531,51,460,3,0,0,0,0,4,2,3,2,4.4388,0.3896,0.096,Wed,False,1.0,False,51.0
PhonePe,Payments,2026-08-06,489,44,428,1,1,1,0,1,5,1,5,1,4.454,0.3827,0.09,Thu,False,1.0,False,44.0
PhonePe,Payments,2026-08-07,482,50,419,3,2,0,0,0,2,0,4,1,4.4212,0.383,0.1037,Fri,False,1.0,False,50.0
PhonePe,Payments,2026-08-08,474,50,411,1,1,0,0,1,4,1,4,0,4.4473,0.3814,0.1055,Sat,False,1.0,False,50.0
PhonePe,Payments,2026-08-09,449,40,392,0,0,0,0,1,5,0,9,0,4.4543,0.3732,0.0891,Sun,False,1.0,False,40.0
PhonePe,Payments,2026-08-10,501,50,438,2,0,0,0,1,7,1,3,0,4.4391,0.3749,0.0998,Mon,False,1.0,False,50.0
PhonePe,Payments,2026-08-11,501,46,431,5,2,0,0,0,2,3,1,2,4.3952,0.3837,0.0918,Tue,False,1.0,False,46.0
PhonePe,Payments,2026-08-12,525,48,456,2,3,0,0,1,8,1,4,1,4.44,0.3676,0.0914,Wed,False,1.0,False,48.0
PhonePe,Payments,2026-08-13,501,40,441,0,2,0,0,0,4,2,3,2,4.505,0.3952,0.0798,Thu,False,1.0,False,40.0
PhonePe,Payments,2026-08-14,526,45,459,4,1,1,0,0,7,2,3,3,4.4772,0.3857,0.0856,Fri,False,1.0,False,45.0
PhonePe,Payments,2026-08-15,432,34,381,1,2,0,0,0,3,0,3,1,4.544,0.3628,0.0787,Sat,False,1.0,False,34.0
PhonePe,Payments,2026-08-16,446,26,406,1,3,0,0,1,5,0,5,0,4.5987,0.4035,0.0583,Sun,False,1.0,False,26.0
PhonePe,Payments,2026-08-17,444,42,382,0,1,0,0,1,6,1,3,2,4.4099,0.378,0.0946,Mon,False,1.0,False,42.0
PhonePe,Payments,2026-08-18,476,43,413,6,3,0,0,1,7,1,3,0,4.4559,0.3645,0.0903,Tue,False,1.0,False,43.0
PhonePe,Payments,2026-08-19,500,44,430,2,2,0,0,1,5,0,3,2,4.46,0.3927,0.088,Wed,False,1.0,False,44.0
PhonePe,Payments,2026-08-20,491,43,432,1,5,1,0,1,5,0,5,3,4.4908,0.386,0.0876,Thu,False,1.0,False,43.0
PhonePe,Payments,2026-08-21,405,44,346,4,2,0,0,0,2,0,3,2,4.3802,0.3972,0.1086,Fri,False,1.0,False,44.0
PhonePe,Payments,2026-08-22,462,43,402,2,2,0,0,0,5,1,2,0,4.4567,0.3941,0.0931,Sat,False,1.0,False,43.0
PhonePe,Payments,2026-08-23,435,39,382,2,0,0,0,0,3,0,6,0,4.4644,0.3813,0.0897,Sun,False,1.0,False,39.0
PhonePe,Payments,2026-08-24,441,41,375,1,3,0,0,0,4,2,3,3,4.3764,0.3881,0.093,Mon,False,1.0,False,41.0
PhonePe,Payments,2026-08-25,407,44,350,3,1,1,0,0,3,2,6,0,4.3857,0.3801,0.1081,Tue,False,1.0,False,44.0
PhonePe,Payments,2026-08-26,448,36,397,1,2,2,0,1,3,1,4,1,4.5134,0.3779,0.0804,Wed,False,1.0,False,36.0
PhonePe,Payments,2026-08-27,415,31,366,4,0,1,0,0,7,1,0,3,4.5229,0.405,0.0747,Thu,False,1.0,False,31.0
PhonePe,Payments,2026-08-28,401,42,343,2,5,1,0,0,3,2,3,0,4.4015,0.3783,0.1047,Fri,False,1.0,False,42.0
PhonePe,Payments,2026-08-29,407,33,361,5,4,1,0,2,6,1,4,1,4.5037,0.3762,0.0811,Sat,False,1.0,False,33.0
PhonePe,Payments,2026-08-30,430,44,372,4,2,0,0,1,8,1,3,1,4.4256,0.399,0.1023,Sun,False,1.0,False,44.0
PhonePe,Payments,2026-08-31,471,53,403,3,6,0,0,0,6,0,4,4,4.3779,0.3778,0.1125,Mon,False,1.0,False,53.0
PhonePe,Payments,2026-09-01,527,61,449,2,2,0,0,1,7,0,4,1,4.37,0.3722,0.1157,Tue,False,1.0,False,61.0
PhonePe,Payments,2026-09-02,495,43,435,5,3,0,0,1,5,1,1,1,4.4828,0.3625,0.0869,Wed,False,1.0,False,43.0
PhonePe,Payments,2026-09-03,546,46,478,0,3,0,0,0,11,1,3,1,4.4652,0.3518,0.0842,Thu,False,1.0,False,46.0
PhonePe,Payments,2026-09-04,489,49,423,3,2,0,0,1,4,2,1,1,4.4315,0.351,0.1002,Fri,False,1.0,False,49.0
PhonePe,Payments,2026-09-05,548,66,457,5,5,0,0,1,8,0,2,1,4.3412,0.3422,0.1204,Sat,False,1.0,False,66.0
PhonePe,Payments,2026-09-06,556,65,468,3,4,0,0,0,8,1,4,0,4.3597,0.357,0.1169,Sun,False,1.0,False,65.0
PhonePe,Payments,2026-09-07,543,52,473,5,0,0,0,3,3,1,1,0,4.453,0.3699,0.0958,Mon,False,1.0,False,52.0
PhonePe,Payments,2026-09-08,568,49,492,3,1,0,0,0,6,1,3,0,4.4401,0.3665,0.0863,Tue,False,1.0,False,49.0
PhonePe,Payments,2026-09-09,505,43,444,1,1,0,0,1,3,0,2,3,4.503,0.3749,0.0851,Wed,False,1.0,False,43.0
PhonePe,Payments,2026-09-10,483,50,413,1,0,0,0,0,4,0,1,1,4.4079,0.3457,0.1035,Thu,False,1.0,False,50.0
PhonePe,Payments,2026-09-11,446,46,377,2,0,1,0,0,6,1,1,1,4.3991,0.3394,0.1031,Fri,False,1.0,False,46.0
PhonePe,Payments,2026-09-12,460,41,399,2,1,0,0,1,2,1,6,2,4.4565,0.351,0.0891,Sat,False,1.0,False,41.0
PhonePe,Payments,2026-09-13,423,34,376,1,2,1,0,0,4,1,3,1,4.4728,0.3601,0.0804,Sun,False,1.0,False,34.0
PhonePe,Payments,2026-09-14,410,33,363,2,0,1,0,0,3,3,1,0,4.5244,0.3583,0.0805,Mon,False,1.0,False,33.0
PhonePe,Payments,2026-09-15,540,50,468,4,1,0,0,1,9,4,3,0,4.45,0.3548,0.0926,Tue,False,1.0,False,50.0
PhonePe,Payments,2026-09-16,578,76,475,5,1,0,0,0,7,0,3,2,4.2855,0.3419,0.1315,Wed,False,1.0,False,76.0
PhonePe,Payments,2026-09-17,526,88,418,3,3,1,0,0,7,0,5,5,4.1882,0.3307,0.1673,Thu,False,1.0,False,88.0
PhonePe,Payments,2026-09-18,608,196,400,7,4,0,0,0,5,0,7,2,3.5872,0.2227,0.3224,Fri,False,1.0,False,196.0
PhonePe,Payments,2026-09-19,508,84,406,3,1,0,0,1,7,1,2,3,4.1752,0.3066,0.1654,Sat,False,1.0,False,84.0
PhonePe,Payments,2026-09-20,398,45,340,0,1,1,0,2,3,1,2,0,4.3869,0.3724,0.1131,Sun,False,1.0,False,45.0
Google Pay,Payments,2026-04-01,248,42,187,1,4,0,0,0,2,1,0,1,4.1169,0.2933,0.1694,Wed,False,1.0,False,42.0
Google Pay,Payments,2026-04-02,183,23,153,3,3,0,0,2,1,0,0,1,4.3333,0.3317,0.1257,Thu,False,1.0,False,23.0
Google Pay,Payments,2026-04-03,155,34,115,3,4,0,0,1,5,0,1,2,4.0129,0.2968,0.2194,Fri,False,1.0,False,34.0
Google Pay,Payments,2026-04-04,141,34,103,2,0,0,0,1,1,0,4,0,3.9645,0.2897,0.2411,Sat,False,1.0,False,34.0
Google Pay,Payments,2026-04-05,108,24,82,2,0,0,0,1,2,0,1,0,3.9907,0.3089,0.2222,Sun,False,1.0,False,24.0
Google Pay,Payments,2026-04-06,140,28,108,1,2,0,0,0,2,0,1,0,4.1071,0.3226,0.2,Mon,False,1.0,False,28.0
Google Pay,Payments,2026-04-07,132,28,98,2,3,0,0,1,4,0,6,0,4.0,0.2772,0.2121,Tue,False,1.0,False,28.0
Google Pay,Payments,2026-04-08,149,50,92,3,1,0,1,0,5,3,13,1,3.5235,0.1888,0.3356,Wed,False,1.0,False,50.0
Google Pay,Payments,2026-04-09,185,75,97,6,2,0,0,0,3,0,33,1,3.173,0.1115,0.4054,Thu,False,1.0,False,75.0
Google Pay,Payments,2026-04-10,142,45,93,2,0,0,0,0,4,0,5,3,3.5915,0.2606,0.3169,Fri,False,1.0,False,45.0
Google Pay,Payments,2026-04-11,112,34,72,4,1,0,0,0,1,1,8,1,3.625,0.2431,0.3036,Sat,False,1.0,False,34.0
Google Pay,Payments,2026-04-12,98,22,69,1,1,0,0,0,0,0,4,0,3.9388,0.318,0.2245,Sun,False,1.0,False,22.0
Google Pay,Payments,2026-04-13,143,64,75,1,2,1,0,0,16,2,1,0,3.1399,0.1689,0.4476,Mon,False,1.0,False,64.0
Google Pay,Payments,2026-04-14,102,30,69,2,1,0,0,0,2,0,2,1,3.7451,0.2409,0.2941,Tue,False,1.0,False,30.0
Google Pay,Payments,2026-04-15,87,23,58,0,1,0,0,1,2,0,2,1,3.7241,0.2683,0.2644,Wed,False,1.0,False,23.0
Google Pay,Payments,2026-04-16,92,28,58,2,4,0,0,1,3,1,5,0,3.587,0.1989,0.3043,Thu,False,1.0,False,28.0
Google Pay,Payments,2026-04-17,85,22,58,0,3,0,0,0,0,0,2,0,3.8,0.3229,0.2588,Fri,False,1.0,False,22.0
Google Pay,Payments,2026-04-18,92,19,72,3,1,0,0,2,2,1,2,0,4.1304,0.285,0.2065,Sat,False,1.0,False,19.0
Google Pay,Payments,2026-04-19,89,19,67,1,1,0,0,0,2,1,4,0,4.0562,0.289,0.2135,Sun,False,1.0,False,19.0
Google Pay,Payments,2026-04-20,85,25,60,0,3,0,0,1,2,0,3,0,3.7647,0.2356,0.2941,Mon,False,1.0,False,25.0
Google Pay,Payments,2026-04-21,84,16,61,5,0,0,0,0,0,0,0,1,4.0357,0.2845,0.1905,Tue,False,1.0,False,16.0
Google Pay,Payments,2026-04-22,105,27,76,7,3,0,1,0,2,1,0,2,3.9143,0.2895,0.2571,Wed,False,1.0,False,27.0
Google Pay,Payments,2026-04-23,121,28,86,7,1,1,0,0,1,0,0,0,3.8926,0.2688,0.2314,Thu,False,1.0,False,28.0
Google Pay,Payments,2026-04-24,145,42,93,11,3,1,0,0,1,0,1,1,3.6759,0.2478,0.2897,Fri,False,1.0,False,42.0
Google Pay,Payments,2026-04-25,148,26,113,7,2,1,0,0,1,0,3,1,4.1351,0.2832,0.1757,Sat,False,1.0,False,26.0
Google Pay,Payments,2026-04-26,125,42,75,13,3,0,0,0,2,1,1,2,3.504,0.207,0.336,Sun,False,1.0,False,42.0
Google Pay,Payments,2026-04-27,166,42,111,11,0,0,0,1,3,1,6,1,3.7771,0.2835,0.253,Mon,False,1.0,False,42.0
Google Pay,Payments,2026-04-28,141,38,96,6,2,0,0,0,3,1,1,1,3.7801,0.2606,0.2695,Tue,False,1.0,False,38.0
Google Pay,Payments,2026-04-29,163,40,117,14,3,0,0,0,3,0,2,1,3.9141,0.2573,0.2454,Wed,False,1.0,False,40.0
Google Pay,Payments,2026-04-30,156,42,106,14,2,0,0,0,4,0,0,4,3.7885,0.2995,0.2692,Thu,False,1.0,False,42.0
Google Pay,Payments,2026-05-01,123,41,80,7,1,0,0,1,2,0,3,2,3.626,0.2914,0.3333,Fri,False,1.0,False,41.0
Google Pay,Payments,2026-05-02,154,36,110,7,2,0,0,0,2,0,1,1,3.9221,0.3008,0.2338,Sat,False,1.0,False,36.0
Google Pay,Payments,2026-05-03,148,32,107,7,1,1,0,0,4,0,2,2,3.9392,0.2919,0.2162,Sun,False,1.0,False,32.0
Google Pay,Payments,2026-05-04,130,43,83,11,3,0,0,0,0,0,1,0,3.6231,0.2334,0.3308,Mon,False,1.0,False,43.0
Google Pay,Payments,2026-05-05,129,37,87,4,1,0,0,0,1,0,1,1,3.7752,0.2252,0.2868,Tue,False,1.0,False,37.0
Google Pay,Payments,2026-05-06,130,25,100,4,0,1,0,0,3,0,0,0,4.0769,0.2828,0.1923,Wed,False,1.0,False,25.0
Google Pay,Payments,2026-05-07,85,22,62,1,3,0,0,1,1,0,1,1,3.8706,0.34,0.2588,Thu,False,1.0,False,22.0
Google Pay,Payments,2026-05-08,106,25,75,3,2,1,1,3,2,0,2,0,3.8774,0.2676,0.2358,Fri,False,1.0,False,25.0
Google Pay,Payments,2026-05-09,112,28,82,1,1,0,0,0,1,0,0,2,3.9107,0.2957,0.25,Sat,False,1.0,False,28.0
Google Pay,Payments,2026-05-10,108,25,77,2,3,0,0,1,2,0,2,1,3.9444,0.3067,0.2315,Sun,False,1.0,False,25.0
Google Pay,Payments,2026-05-11,99,30,68,0,1,0,0,0,3,0,0,0,3.6869,0.2671,0.303,Mon,False,1.0,False,30.0
Google Pay,Payments,2026-05-12,122,24,85,0,1,0,0,0,1,0,3,1,3.9836,0.3319,0.1967,Tue,False,1.0,False,24.0
Google Pay,Payments,2026-05-13,123,20,97,2,0,0,0,0,1,1,1,0,4.1789,0.3085,0.1626,Wed,False,1.0,False,20.0
Google Pay,Payments,2026-05-14,91,28,60,2,2,0,0,0,1,0,0,1,3.6484,0.2374,0.3077,Thu,False,1.0,False,28.0
Google Pay,Payments,2026-05-15,115,20,91,3,0,0,0,0,2,0,2,1,4.1826,0.2904,0.1739,Fri,False,1.0,False,20.0
Google Pay,Payments,2026-05-16,119,26,91,1,1,0,0,1,2,0,0,0,4.0336,0.3033,0.2185,Sat,False,1.0,False,26.0
Google Pay,Payments,2026-05-17,114,26,84,1,0,0,0,1,2,1,0,2,3.9298,0.2967,0.2281,Sun,False,1.0,False,26.0
Google Pay,Payments,2026-05-18,753,294,428,120,2,0,0,2,8,6,1,21,3.3519,0.1647,0.3904,Mon,False,1.0,False,294.0
Google Pay,Payments,2026-05-19,310,120,173,37,2,0,0,1,4,0,4,6,3.3194,0.1833,0.3871,Tue,False,1.0,False,120.0
Google Pay,Payments,2026-05-20,173,57,107,15,1,0,0,0,1,2,0,1,3.5723,0.2112,0.3295,Wed,False,1.0,False,57.0
Google Pay,Payments,2026-05-21,121,42,68,2,1,0,0,0,3,1,2,0,3.4628,0.1465,0.3471,Thu,False,1.0,False,42.0
Google Pay,Payments,2026-05-22,106,23,78,3,2,0,0,0,3,2,3,0,3.9811,0.3041,0.217,Fri,False,1.0,False,23.0
Google Pay,Payments,2026-05-23,87,19,66,3,2,0,0,2,3,0,0,0,4.069,0.3429,0.2184,Sat,False,1.0,False,19.0
Google Pay,Payments,2026-05-24,102,21,77,3,1,0,1,3,3,2,2,0,4.0588,0.2733,0.2059,Sun,False,1.0,False,21.0
Google Pay,Payments,2026-05-25,67,17,48,1,2,0,0,0,2,1,0,0,3.8358,0.2672,0.2537,Mon,False,1.0,False,17.0
Google Pay,Payments,2026-05-26,77,15,60,1,0,0,0,1,1,2,1,0,4.1039,0.242,0.1948,Tue,False,1.0,False,15.0
Google Pay,Payments,2026-05-27,71,12,57,0,0,0,0,0,1,1,0,0,4.2817,0.3711,0.169,Wed,False,1.0,False,12.0
Google Pay,Payments,2026-05-28,88,12,73,2,0,0,0,0,0,0,1,0,4.3068,0.2934,0.1364,Thu,False,1.0,False,12.0
Google Pay,Payments,2026-05-29,95,22,68,4,1,0,0,0,2,0,0,1,3.9158,0.2851,0.2316,Fri,False,1.0,False,22.0
Google Pay,Payments,2026-05-30,90,22,68,0,1,0,0,0,2,0,1,1,4.0,0.3057,0.2444,Sat,False,1.0,False,22.0
Google Pay,Payments,2026-05-31,101,28,65,4,1,0,0,1,3,0,2,1,3.6634,0.2427,0.2772,Sun,False,1.0,False,28.0
Google Pay,Payments,2026-06-01,113,13,94,2,1,1,0,0,1,1,1,2,4.3274,0.3279,0.115,Mon,False,1.0,False,13.0
Google Pay,Payments,2026-06-02,104,35,65,2,0,0,0,1,4,1,2,1,3.5096,0.2306,0.3365,Tue,False,1.0,False,35.0
Google Pay,Payments,2026-06-03,93,19,69,0,1,0,0,1,2,1,2,1,3.9892,0.3129,0.2043,Wed,False,1.0,False,19.0
Google Pay,Payments,2026-06-04,91,18,70,0,3,0,0,1,5,0,0,0,4.0989,0.2784,0.1978,Thu,False,1.0,False,18.0
Google Pay,Payments,2026-06-05,89,20,62,4,1,0,0,0,0,0,1,1,3.9101,0.2877,0.2247,Fri,False,1.0,False,20.0
Google Pay,Payments,2026-06-06,101,18,77,1,1,0,0,0,4,0,1,3,4.1287,0.3269,0.1782,Sat,False,1.0,False,18.0
Google Pay,Payments,2026-06-07,86,24,61,5,1,0,0,0,1,0,1,2,3.8256,0.2906,0.2791,Sun,False,1.0,False,24.0
Google Pay,Payments,2026-06-08,100,29,64,1,2,0,0,2,1,1,1,2,3.61,0.2744,0.29,Mon,False,1.0,False,29.0
Google Pay,Payments,2026-06-09,93,27,62,2,2,0,0,3,1,0,2,0,3.7097,0.2141,0.2903,Tue,False,1.0,False,27.0
Google Pay,Payments,2026-06-10,91,27,59,2,5,0,0,0,4,0,6,0,3.7143,0.2029,0.2967,Wed,False,1.0,False,27.0
Google Pay,Payments,2026-06-11,80,25,53,1,3,1,0,0,3,0,2,0,3.6625,0.2029,0.3125,Thu,False,1.0,False,25.0
Google Pay,Payments,2026-06-12,100,26,70,3,1,0,0,1,1,1,0,3,3.86,0.3112,0.26,Fri,False,1.0,False,26.0
Google Pay,Payments,2026-06-13,117,24,90,3,1,0,0,0,2,3,0,0,4.0513,0.2948,0.2051,Sat,False,1.0,False,24.0
Google Pay,Payments,2026-06-14,101,28,70,1,1,0,0,1,4,0,5,2,3.7723,0.2395,0.2772,Sun,False,1.0,False,28.0
Google Pay,Payments,2026-06-15,105,26,74,2,0,0,0,0,1,0,3,0,3.8857,0.2796,0.2476,Mon,False,1.0,False,26.0
Google Pay,Payments,2026-06-16,121,33,82,2,0,0,0,0,0,2,0,0,3.6942,0.3048,0.2727,Tue,False,1.0,False,33.0
Google Pay,Payments,2026-06-17,99,23,71,1,2,0,0,0,1,0,0,1,3.9495,0.2907,0.2323,Wed,False,1.0,False,23.0
Google Pay,Payments,2026-06-18,110,33,73,1,1,0,0,0,2,2,1,0,3.7273,0.2629,0.3,Thu,False,1.0,False,33.0
Google Pay,Payments,2026-06-19,97,21,72,0,2,0,0,1,1,1,0,1,4.0206,0.2922,0.2165,Fri,False,1.0,False,21.0
Google Pay,Payments,2026-06-20,103,28,65,2,2,0,0,1,2,1,0,0,3.699,0.2642,0.2718,Sat,False,1.0,False,28.0
Google Pay,Payments,2026-06-21,78,23,54,5,0,1,0,2,1,0,2,1,3.7308,0.3232,0.2949,Sun,False,1.0,False,23.0
Google Pay,Payments,2026-06-22,88,24,60,4,0,1,0,0,2,0,1,0,3.7386,0.2866,0.2727,Mon,False,1.0,False,24.0
Google Pay,Payments,2026-06-23,96,19,73,5,1,0,0,0,1,0,1,1,4.1042,0.3324,0.1979,Tue,False,1.0,False,19.0
Google Pay,Payments,2026-06-24,94,22,66,3,3,0,0,1,1,2,0,1,3.9362,0.2472,0.234,Wed,False,1.0,False,22.0
Google Pay,Payments,2026-06-25,110,20,87,0,1,1,0,0,3,0,3,0,4.1273,0.3475,0.1818,Thu,False,1.0,False,20.0
Google Pay,Payments,2026-06-26,84,16,65,1,0,0,0,0,2,0,1,0,4.0952,0.3087,0.1905,Fri,False,1.0,False,16.0
Google Pay,Payments,2026-06-27,87,18,64,1,2,0,1,0,3,0,0,1,3.9425,0.3049,0.2069,Sat,False,1.0,False,18.0
Google Pay,Payments,2026-06-28,72,19,53,1,1,0,0,0,0,0,1,0,3.9028,0.2505,0.2639,Sun,False,1.0,False,19.0
Google Pay,Payments,2026-06-29,89,25,63,1,2,0,0,0,0,0,2,0,3.809,0.2935,0.2809,Mon,False,1.0,False,25.0
Google Pay,Payments,2026-06-30,100,22,72,0,0,0,0,0,3,1,1,1,3.95,0.2643,0.22,Tue,False,1.0,False,22.0
Google Pay,Payments,2026-07-01,104,26,75,5,2,0,0,1,2,1,0,0,3.9327,0.3024,0.25,Wed,False,1.0,False,26.0
Google Pay,Payments,2026-07-02,103,28,73,3,0,0,0,0,1,0,0,0,3.8155,0.2827,0.2718,Thu,False,1.0,False,28.0
Google Pay,Payments,2026-07-03,82,20,60,2,1,0,0,0,0,1,2,3,3.9268,0.3066,0.2439,Fri,False,1.0,False,20.0
Google Pay,Payments,2026-07-04,77,11,58,1,0,0,0,0,1,1,1,1,4.1169,0.3585,0.1429,Sat,False,1.0,False,11.0
Google Pay,Payments,2026-07-05,85,20,62,2,0,0,0,1,1,0,0,3,3.9294,0.2691,0.2353,Sun,False,1.0,False,20.0
Google Pay,Payments,2026-07-06,92,16,74,1,1,0,0,1,3,0,0,0,4.25,0.3409,0.1739,Mon,False,1.0,False,16.0
Google Pay,Payments,2026-07-07,82,20,57,2,1,0,0,0,0,1,3,0,3.7805,0.204,0.2439,Tue,False,1.0,False,20.0
Google Pay,Payments,2026-07-08,85,21,61,1,2,0,0,0,1,0,0,0,3.9294,0.2394,0.2471,Wed,False,1.0,False,21.0
Google Pay,Payments,2026-07-09,101,20,76,5,0,0,0,0,0,0,0,1,4.0693,0.3273,0.198,Thu,False,1.0,False,20.0
Google Pay,Payments,2026-07-10,106,25,80,2,0,0,0,1,2,0,1,0,4.0,0.2652,0.2358,Fri,False,1.0,False,25.0
Google Pay,Payments,2026-07-11,104,19,78,0,1,0,0,0,1,1,1,0,4.0385,0.3052,0.1827,Sat,False,1.0,False,19.0
Google Pay,Payments,2026-07-12,107,28,72,1,1,0,1,1,3,1,2,0,3.785,0.2768,0.2617,Sun,False,1.0,False,28.0
Google Pay,Payments,2026-07-13,97,20,72,0,2,0,0,0,0,0,1,0,4.0515,0.309,0.2062,Mon,False,1.0,False,20.0
Google Pay,Payments,2026-07-14,87,17,67,1,0,0,0,1,2,0,0,1,4.092,0.2642,0.1954,Tue,False,1.0,False,17.0
Google Pay,Payments,2026-07-15,105,25,76,2,0,0,0,0,1,1,1,0,3.8952,0.2358,0.2381,Wed,False,1.0,False,25.0
Google Pay,Payments,2026-07-16,113,45,67,1,2,0,0,2,7,0,0,2,3.3982,0.2188,0.3982,Thu,False,1.0,False,45.0
Google Pay,Payments,2026-07-17,96,20,68,0,0,0,0,0,1,0,0,1,3.9479,0.282,0.2083,Fri,False,1.0,False,20.0
Google Pay,Payments,2026-07-18,85,21,61,2,1,0,0,1,2,0,0,0,3.8941,0.2717,0.2471,Sat,False,1.0,False,21.0
Google Pay,Payments,2026-07-19,102,22,75,2,3,0,0,0,0,1,0,1,3.9706,0.3544,0.2157,Sun,False,1.0,False,22.0
Google Pay,Payments,2026-07-20,81,16,59,0,0,0,0,0,0,0,0,0,4.0247,0.328,0.1975,Mon,False,1.0,False,16.0
Google Pay,Payments,2026-07-21,82,15,65,0,0,0,1,0,2,0,0,0,4.1463,0.2987,0.1829,Tue,False,1.0,False,15.0
Google Pay,Payments,2026-07-22,74,14,58,0,1,0,0,1,0,0,1,1,4.1486,0.2823,0.1892,Wed,False,1.0,False,14.0
Google Pay,Payments,2026-07-23,77,19,53,1,0,0,0,1,2,0,1,0,3.8182,0.2354,0.2468,Thu,False,1.0,False,19.0
Google Pay,Payments,2026-07-24,84,12,67,0,0,0,0,0,3,0,2,0,4.1429,0.3455,0.1429,Fri,False,1.0,False,12.0
Google Pay,Payments,2026-07-25,84,18,64,0,0,0,0,2,1,1,2,0,3.9643,0.313,0.2143,Sat,False,1.0,False,18.0
Google Pay,Payments,2026-07-26,76,13,59,2,0,0,0,0,1,0,0,0,4.1711,0.2977,0.1711,Sun,False,1.0,False,13.0
Google Pay,Payments,2026-07-27,68,10,53,1,0,0,0,0,0,0,1,0,4.2353,0.3972,0.1471,Mon,False,1.0,False,10.0
Google Pay,Payments,2026-07-28,76,15,55,1,2,0,0,0,1,0,2,1,4.0,0.32,0.1974,Tue,False,1.0,False,15.0
Google Pay,Payments,2026-07-29,88,16,67,3,0,0,0,0,2,0,1,0,4.0455,0.3076,0.1818,Wed,False,1.0,False,16.0
Google Pay,Payments,2026-07-30,95,27,64,4,2,1,0,0,3,1,1,0,3.7579,0.2649,0.2842,Thu,False,1.0,False,27.0
Google Pay,Payments,2026-07-31,93,13,78,0,1,0,0,0,1,0,1,0,4.2903,0.3326,0.1398,Fri,False,1.0,False,13.0
Google Pay,Payments,2026-08-01,117,23,91,2,1,0,0,0,1,1,2,0,4.0684,0.3552,0.1966,Sat,False,1.0,False,23.0
Google Pay,Payments,2026-08-02,97,15,79,2,0,0,0,0,1,0,0,0,4.2577,0.3403,0.1546,Sun,False,1.0,False,15.0
Google Pay,Payments,2026-08-03,69,18,46,4,1,0,0,1,1,1,0,1,3.7971,0.2604,0.2609,Mon,False,1.0,False,18.0
Google Pay,Payments,2026-08-04,105,21,79,1,0,0,0,0,1,1,0,0,4.0476,0.3243,0.2,Tue,False,1.0,False,21.0
Google Pay,Payments,2026-08-05,88,19,65,1,0,0,0,0,3,0,2,1,3.9545,0.3274,0.2159,Wed,False,1.0,False,19.0
Google Pay,Payments,2026-08-06,80,17,58,1,0,0,0,0,1,0,0,1,3.975,0.2824,0.2125,Thu,False,1.0,False,17.0
Google Pay,Payments,2026-08-07,86,19,64,0,1,0,0,0,1,1,0,1,3.9884,0.2437,0.2209,Fri,False,1.0,False,19.0
Google Pay,Payments,2026-08-08,95,22,72,1,1,0,0,1,0,1,1,1,4.0211,0.2845,0.2316,Sat,False,1.0,False,22.0
Google Pay,Payments,2026-08-09,78,19,58,2,1,0,0,1,1,0,1,1,3.9487,0.2973,0.2436,Sun,False,1.0,False,19.0
Google Pay,Payments,2026-08-10,83,21,56,0,2,0,1,0,1,0,0,1,3.8072,0.2711,0.253,Mon,False,1.0,False,21.0
Google Pay,Payments,2026-08-11,99,25,69,2,1,0,0,1,0,0,0,2,3.8283,0.2571,0.2525,Tue,False,1.0,False,25.0
Google Pay,Payments,2026-08-12,83,25,55,0,0,0,0,1,2,0,3,0,3.6747,0.2081,0.3012,Wed,False,1.0,False,25.0
Google Pay,Payments,2026-08-13,92,19,69,1,4,1,0,1,1,1,0,0,4.0761,0.3434,0.2065,Thu,False,1.0,False,19.0
Google Pay,Payments,2026-08-14,79,20,56,2,0,1,0,0,1,0,2,0,3.7848,0.2685,0.2532,Fri,False,1.0,False,20.0
Google Pay,Payments,2026-08-15,87,15,69,0,1,0,0,0,0,0,1,1,4.1609,0.3087,0.1724,Sat,False,1.0,False,15.0
Google Pay,Payments,2026-08-16,67,21,44,0,2,0,0,0,3,0,1,0,3.6269,0.2589,0.3134,Sun,False,1.0,False,21.0
Google Pay,Payments,2026-08-17,79,22,56,2,4,0,0,0,2,0,1,0,3.8354,0.2667,0.2785,Mon,False,1.0,False,22.0
Google Pay,Payments,2026-08-18,62,20,37,1,3,0,0,0,0,0,2,0,3.5323,0.1559,0.3226,Tue,False,1.0,False,20.0
Google Pay,Payments,2026-08-19,82,18,59,3,2,0,0,2,2,0,0,0,3.9268,0.343,0.2195,Wed,False,1.0,False,18.0
Google Pay,Payments,2026-08-20,89,18,68,1,4,0,0,1,1,0,1,0,4.0674,0.3093,0.2022,Thu,False,1.0,False,18.0
Google Pay,Payments,2026-08-21,88,20,60,2,2,1,0,0,1,0,1,0,3.8977,0.2295,0.2273,Fri,False,1.0,False,20.0
Google Pay,Payments,2026-08-22,72,11,57,0,0,0,0,0,1,0,0,0,4.2083,0.3052,0.1528,Sat,False,1.0,False,11.0
Google Pay,Payments,2026-08-23,70,11,57,1,1,0,0,1,0,0,1,0,4.2143,0.3294,0.1571,Sun,False,1.0,False,11.0
Google Pay,Payments,2026-08-24,80,17,58,0,1,0,0,0,1,1,0,0,3.925,0.2442,0.2125,Mon,False,1.0,False,17.0
Google Pay,Payments,2026-08-25,61,15,46,0,2,0,0,0,1,0,0,0,3.9672,0.3249,0.2459,Tue,False,1.0,False,15.0
Google Pay,Payments,2026-08-26,69,13,56,0,0,0,0,1,0,0,0,1,4.1739,0.3889,0.1884,Wed,False,1.0,False,13.0
Google Pay,Payments,2026-08-27,107,24,78,2,1,0,0,1,3,1,2,0,3.9907,0.3135,0.2243,Thu,False,1.0,False,24.0
Google Pay,Payments,2026-08-28,113,24,87,1,0,0,0,1,1,0,0,0,4.0442,0.3171,0.2124,Fri,False,1.0,False,24.0
Google Pay,Payments,2026-08-29,100,14,82,0,0,0,0,0,2,0,1,2,4.25,0.3355,0.14,Sat,False,1.0,False,14.0
Google Pay,Payments,2026-08-30,89,14,72,2,3,0,0,1,1,0,0,1,4.2135,0.3115,0.1573,Sun,False,1.0,False,14.0
Google Pay,Payments,2026-08-31,107,21,83,1,3,0,0,0,1,0,1,0,4.1495,0.3214,0.1963,Mon,False,1.0,False,21.0
Google Pay,Payments,2026-09-01,127,19,101,2,1,0,0,0,4,0,1,1,4.252,0.3407,0.1496,Tue,False,1.0,False,19.0
Google Pay,Payments,2026-09-02,143,29,107,4,0,0,0,0,2,1,1,1,4.035,0.2751,0.2028,Wed,False,1.0,False,29.0
Google Pay,Payments,2026-09-03,212,36,170,2,1,0,0,0,2,0,1,0,4.2453,0.3238,0.1698,Thu,False,1.0,False,36.0
Google Pay,Payments,2026-09-04,278,31,243,0,0,0,0,0,3,1,0,1,4.4353,0.3338,0.1115,Fri,False,1.0,False,31.0
Google Pay,Payments,2026-09-05,271,42,216,4,2,1,0,1,5,0,4,1,4.2768,0.3097,0.155,Sat,False,1.0,False,42.0
Google Pay,Payments,2026-09-06,251,38,205,2,4,1,0,0,4,0,3,1,4.255,0.3351,0.1514,Sun,False,1.0,False,38.0
Google Pay,Payments,2026-09-07,210,31,165,0,3,0,0,1,5,1,2,0,4.1905,0.2964,0.1476,Mon,False,1.0,False,31.0
Google Pay,Payments,2026-09-08,226,19,195,1,1,0,0,2,1,0,0,1,4.4867,0.3831,0.0841,Tue,False,1.0,False,19.0
Google Pay,Payments,2026-09-09,223,39,169,1,1,0,0,0,4,3,1,1,4.139,0.3104,0.1749,Wed,False,1.0,False,39.0
Google Pay,Payments,2026-09-10,215,33,172,2,2,0,0,0,2,2,1,2,4.186,0.2749,0.1535,Thu,False,1.0,False,33.0
Google Pay,Payments,2026-09-11,176,21,147,0,2,0,0,0,1,1,1,0,4.358,0.3165,0.1193,Fri,False,1.0,False,21.0
Google Pay,Payments,2026-09-12,158,19,132,0,2,0,0,0,2,0,1,1,4.3228,0.2773,0.1203,Sat,False,1.0,False,19.0
Google Pay,Payments,2026-09-13,158,24,131,0,0,1,0,0,0,1,2,1,4.2911,0.2815,0.1519,Sun,False,1.0,False,24.0
Google Pay,Payments,2026-09-14,169,23,138,1,0,0,0,0,1,1,1,2,4.2485,0.2724,0.1361,Mon,False,1.0,False,23.0
Google Pay,Payments,2026-09-15,172,36,129,3,2,0,0,0,0,0,0,1,4.0,0.2709,0.2093,Tue,False,1.0,False,36.0
Google Pay,Payments,2026-09-16,221,51,161,1,2,0,0,1,3,0,0,0,3.9593,0.2617,0.2308,Wed,False,1.0,False,51.0
Google Pay,Payments,2026-09-17,161,34,121,1,0,0,0,0,1,0,2,0,3.9938,0.3141,0.2112,Thu,False,1.0,False,34.0
Google Pay,Payments,2026-09-18,137,31,99,1,2,0,0,1,2,0,0,1,3.9124,0.2185,0.2263,Fri,False,1.0,False,31.0
Google Pay,Payments,2026-09-19,143,19,120,1,1,0,0,0,1,0,0,0,4.3147,0.3234,0.1329,Sat,False,1.0,False,19.0
Google Pay,Payments,2026-09-20,142,29,106,1,1,0,0,0,1,0,1,0,4.0352,0.3136,0.2042,Sun,False,1.0,False,29.0
