app_name,domain,app_version,first_seen,first_seen_10th_review,last_seen,reviews,days_present,mean_rating,neg_share,first_seen_censored,min_reviews_ok,release_order,is_new_release,use_for_update_impact
Swiggy,Food & Grocery,3.9.0,2026-04-01,,2026-04-01,1,1,1.0,1.0,True,False,1,False,False
Swiggy,Food & Grocery,4.100.0,2026-04-01,2026-04-06,2026-09-11,89,69,3.742,0.2697,True,True,2,False,False
Swiggy,Food & Grocery,4.101.1,2026-04-01,2026-04-20,2026-09-19,35,28,3.029,0.4286,True,True,3,False,False
Swiggy,Food & Grocery,4.101.2,2026-04-01,2026-04-06,2026-09-20,124,89,3.565,0.3145,True,True,4,False,False
Swiggy,Food & Grocery,4.102.1,2026-04-01,2026-04-04,2026-09-13,133,77,3.316,0.391,True,True,5,False,False
Swiggy,Food & Grocery,4.102.2,2026-04-01,,2026-06-15,9,9,3.333,0.4444,True,False,6,False,False
Swiggy,Food & Grocery,4.102.3,2026-04-01,2026-04-07,2026-09-16,101,60,3.554,0.3168,True,True,7,False,False
Swiggy,Food & Grocery,4.103.2,2026-04-01,2026-04-02,2026-09-19,232,95,3.418,0.375,True,True,8,False,False
Swiggy,Food & Grocery,4.103.3,2026-04-01,2026-04-19,2026-08-17,24,21,3.083,0.4583,True,False,9,False,False
Swiggy,Food & Grocery,4.103.4,2026-04-01,2026-04-02,2026-09-13,150,72,3.607,0.3067,True,True,10,False,False
Swiggy,Food & Grocery,4.104.0,2026-04-01,2026-04-01,2026-09-18,658,126,3.746,0.2766,True,True,11,False,False
Swiggy,Food & Grocery,4.105.1,2026-04-01,2026-04-01,2026-09-19,118,51,3.576,0.3305,True,True,12,False,False
Swiggy,Food & Grocery,4.105.2,2026-04-01,2026-04-01,2026-09-18,2926,128,3.563,0.3192,True,True,13,False,False
Swiggy,Food & Grocery,4.43.1,2026-04-01,2026-08-17,2026-09-11,11,11,2.182,0.7273,True,False,14,False,False
Swiggy,Food & Grocery,4.48.1,2026-04-01,,2026-08-13,8,8,2.625,0.5,True,False,15,False,False
Swiggy,Food & Grocery,4.80.2,2026-04-01,2026-05-10,2026-09-20,26,24,2.231,0.6923,True,False,16,False,False
Swiggy,Food & Grocery,4.88.1,2026-04-01,2026-06-16,2026-09-17,19,18,3.474,0.3684,True,False,17,False,False
Swiggy,Food & Grocery,4.93.3,2026-04-01,2026-08-16,2026-09-06,11,11,4.0,0.1818,True,False,18,False,False
Swiggy,Food & Grocery,4.94.0,2026-04-01,2026-04-15,2026-09-15,91,67,3.319,0.3846,True,True,19,False,False
Swiggy,Food & Grocery,4.95.3,2026-04-01,2026-05-11,2026-08-18,24,20,3.75,0.25,True,False,20,False,False
Swiggy,Food & Grocery,4.96.2,2026-04-01,2026-07-07,2026-09-11,16,16,3.25,0.375,True,False,21,False,False
Swiggy,Food & Grocery,4.96.4,2026-04-01,2026-04-10,2026-09-14,82,62,3.122,0.4024,True,True,22,False,False
Swiggy,Food & Grocery,4.98.0,2026-04-01,2026-04-17,2026-09-18,51,42,3.471,0.3137,True,True,23,False,False
Swiggy,Food & Grocery,4.99.0,2026-04-01,2026-04-09,2026-09-20,105,70,2.943,0.4762,True,True,24,False,False
Swiggy,Food & Grocery,4.99.1,2026-04-01,2026-04-04,2026-09-20,123,81,3.65,0.2927,True,True,25,False,False
Swiggy,Food & Grocery,2.3.11,2026-04-02,,2026-08-24,3,3,1.667,0.6667,False,False,26,False,False
Swiggy,Food & Grocery,3.75.3,2026-04-02,,2026-09-19,6,6,1.0,1.0,False,False,27,False,False
Swiggy,Food & Grocery,4.101.0,2026-04-02,2026-04-12,2026-09-05,54,46,3.63,0.3148,False,True,28,False,False
Swiggy,Food & Grocery,4.15.0,2026-04-02,,2026-07-24,7,7,1.0,1.0,False,False,29,False,False
Swiggy,Food & Grocery,4.16.4,2026-04-02,,2026-04-02,1,1,1.0,1.0,False,False,30,False,False
Swiggy,Food & Grocery,4.73.2,2026-04-02,2026-07-04,2026-09-06,16,15,2.75,0.5625,False,False,31,False,False
Swiggy,Food & Grocery,4.82.1,2026-04-02,2026-04-19,2026-09-18,59,48,2.881,0.5085,False,True,32,False,False
Swiggy,Food & Grocery,4.87.0,2026-04-02,2026-06-09,2026-09-16,22,20,2.773,0.5,False,False,33,False,False
Swiggy,Food & Grocery,4.89.2,2026-04-02,2026-05-10,2026-08-28,26,20,3.577,0.3462,False,False,34,False,False
Swiggy,Food & Grocery,4.93.4,2026-04-02,2026-05-06,2026-09-14,48,42,3.25,0.375,False,True,35,False,False
Swiggy,Food & Grocery,4.95.1,2026-04-02,2026-05-07,2026-09-12,39,33,2.897,0.5128,False,True,36,False,False
Swiggy,Food & Grocery,4.97.1,2026-04-02,2026-04-23,2026-09-17,29,29,3.103,0.4483,False,False,37,False,False
Swiggy,Food & Grocery,4.11.1,2026-04-03,,2026-07-24,7,7,1.857,0.8571,False,False,38,False,False
Swiggy,Food & Grocery,4.23.2,2026-04-03,2026-08-07,2026-08-07,10,9,2.8,0.5,False,False,39,False,False
Swiggy,Food & Grocery,4.47.1,2026-04-03,,2026-07-08,6,6,2.333,0.6667,False,False,40,False,False
Swiggy,Food & Grocery,4.51.2,2026-04-03,2026-08-30,2026-09-13,12,12,1.5,0.9167,False,False,41,False,False
Swiggy,Food & Grocery,4.55.2,2026-04-03,,2026-08-30,5,5,1.0,1.0,False,False,42,False,False
Swiggy,Food & Grocery,4.72.2,2026-04-03,2026-05-13,2026-09-17,28,25,2.357,0.6429,False,False,43,False,False
Swiggy,Food & Grocery,4.75.2,2026-04-03,2026-06-13,2026-09-11,31,29,2.516,0.5806,False,True,44,False,False
Swiggy,Food & Grocery,4.79.0,2026-04-03,,2026-07-10,4,4,2.0,0.75,False,False,45,False,False
Swiggy,Food & Grocery,4.84.1,2026-04-03,2026-08-01,2026-08-09,11,11,2.636,0.5455,False,False,46,False,False
Swiggy,Food & Grocery,4.84.2,2026-04-03,2026-05-15,2026-09-14,30,26,2.567,0.6,False,True,47,False,False
Swiggy,Food & Grocery,4.91.1,2026-04-03,2026-05-06,2026-09-12,56,47,3.161,0.4286,False,True,48,False,False
Swiggy,Food & Grocery,4.92.0,2026-04-03,2026-04-26,2026-09-20,61,49,2.984,0.459,False,True,49,False,False
Swiggy,Food & Grocery,4.95.0,2026-04-03,,2026-09-19,5,5,3.2,0.4,False,False,50,False,False
Swiggy,Food & Grocery,3.73.0,2026-04-04,,2026-08-03,9,9,2.889,0.5556,False,False,51,False,False
Swiggy,Food & Grocery,4.106.0,2026-04-04,,2026-04-04,1,1,5.0,0.0,False,False,52,False,False
Swiggy,Food & Grocery,4.106.1,2026-04-04,2026-04-05,2026-09-12,5193,134,3.584,0.316,False,True,53,True,True
Swiggy,Food & Grocery,4.60.1,2026-04-04,2026-05-29,2026-09-17,20,20,1.95,0.75,False,False,54,False,False
Swiggy,Food & Grocery,4.84.0,2026-04-04,2026-06-28,2026-09-15,16,15,2.75,0.5,False,False,55,False,False
Swiggy,Food & Grocery,4.86.1,2026-04-04,2026-05-09,2026-09-15,33,30,2.909,0.5152,False,True,56,False,False
Swiggy,Food & Grocery,2.3.22,2026-04-05,,2026-04-05,1,1,1.0,1.0,False,False,57,False,False
Swiggy,Food & Grocery,3.71.1,2026-04-05,,2026-08-10,3,3,3.667,0.3333,False,False,58,False,False
Swiggy,Food & Grocery,4.32.2,2026-04-05,2026-09-15,2026-09-15,10,8,1.8,0.8,False,False,59,False,False
Swiggy,Food & Grocery,4.36.2,2026-04-05,,2026-04-05,1,1,5.0,0.0,False,False,60,False,False
Swiggy,Food & Grocery,4.44.1,2026-04-05,,2026-08-01,5,5,1.8,0.8,False,False,61,False,False
Swiggy,Food & Grocery,4.62.0,2026-04-05,,2026-07-24,3,2,1.0,1.0,False,False,62,False,False
Swiggy,Food & Grocery,4.62.1,2026-04-05,,2026-07-01,6,6,1.667,0.8333,False,False,63,False,False
Swiggy,Food & Grocery,4.64.2,2026-04-05,,2026-08-19,9,9,1.667,0.7778,False,False,64,False,False
Swiggy,Food & Grocery,4.71.1,2026-04-05,2026-05-17,2026-09-19,25,23,2.08,0.68,False,False,65,False,False
Swiggy,Food & Grocery,4.74.2,2026-04-05,,2026-08-27,7,7,2.0,0.7143,False,False,66,False,False
Swiggy,Food & Grocery,4.79.2,2026-04-05,2026-05-20,2026-09-10,36,31,2.306,0.6667,False,True,67,False,False
Swiggy,Food & Grocery,4.81.3,2026-04-05,2026-05-18,2026-09-11,26,22,2.808,0.5385,False,False,68,False,False
Swiggy,Food & Grocery,4.90.1,2026-04-05,2026-04-21,2026-09-16,22,17,3.364,0.3636,False,False,69,False,False
Swiggy,Food & Grocery,4.95.4,2026-04-05,2026-08-26,2026-08-26,10,9,3.8,0.3,False,False,70,False,False
Swiggy,Food & Grocery,3.5.0,2026-04-06,,2026-04-06,1,1,1.0,1.0,False,False,71,False,False
Swiggy,Food & Grocery,3.74.2,2026-04-06,,2026-09-13,3,3,2.333,0.6667,False,False,72,False,False
Swiggy,Food & Grocery,4.24.2,2026-04-06,,2026-09-17,8,8,2.0,0.75,False,False,73,False,False
Swiggy,Food & Grocery,4.37.2,2026-04-06,,2026-09-20,7,7,1.714,0.8571,False,False,74,False,False
Swiggy,Food & Grocery,4.78.1,2026-04-06,,2026-09-19,7,7,2.714,0.5714,False,False,75,False,False
Swiggy,Food & Grocery,4.82.0,2026-04-06,,2026-08-31,8,8,2.5,0.625,False,False,76,False,False
Swiggy,Food & Grocery,4.91.0,2026-04-06,,2026-08-01,4,4,4.5,0.0,False,False,77,False,False
Swiggy,Food & Grocery,4.93.2,2026-04-06,2026-06-11,2026-08-26,19,17,3.526,0.3158,False,False,78,False,False
Swiggy,Food & Grocery,4.97.0,2026-04-06,,2026-08-21,8,8,3.125,0.5,False,False,79,False,False
Swiggy,Food & Grocery,4.31.1,2026-04-07,,2026-09-04,8,8,1.5,0.875,False,False,80,False,False
Swiggy,Food & Grocery,4.56.0,2026-04-07,2026-09-15,2026-09-15,10,10,1.4,0.9,False,False,81,False,False
Swiggy,Food & Grocery,4.78.2,2026-04-07,2026-06-08,2026-09-15,19,17,2.263,0.6316,False,False,82,False,False
Swiggy,Food & Grocery,4.89.0,2026-04-07,2026-06-27,2026-09-20,17,15,2.941,0.4706,False,False,83,False,False
Swiggy,Food & Grocery,3.81.0,2026-04-08,,2026-08-10,2,2,1.0,1.0,False,False,84,False,False
Swiggy,Food & Grocery,4.20.1,2026-04-08,,2026-08-19,6,5,2.333,0.6667,False,False,85,False,False
Swiggy,Food & Grocery,4.69.2,2026-04-08,2026-06-14,2026-08-31,12,10,2.167,0.6667,False,False,86,False,False
Swiggy,Food & Grocery,4.90.0,2026-04-08,,2026-07-24,2,2,3.5,0.5,False,False,87,False,False
Swiggy,Food & Grocery,3.69.3,2026-04-09,,2026-06-18,2,2,1.0,1.0,False,False,88,False,False
Swiggy,Food & Grocery,4.39.1,2026-04-09,2026-08-24,2026-08-24,10,10,3.0,0.5,False,False,89,False,False
Swiggy,Food & Grocery,4.42.0,2026-04-09,2026-07-13,2026-09-15,13,12,2.0,0.7692,False,False,90,False,False
Swiggy,Food & Grocery,4.70.2,2026-04-09,2026-09-17,2026-09-17,10,10,2.8,0.5,False,False,91,False,False
Swiggy,Food & Grocery,4.16.5,2026-04-10,,2026-09-01,2,2,1.0,1.0,False,False,92,False,False
Swiggy,Food & Grocery,4.25.2,2026-04-10,,2026-08-30,9,9,2.222,0.6667,False,False,93,False,False
Swiggy,Food & Grocery,4.30.2,2026-04-10,,2026-06-21,3,3,1.0,1.0,False,False,94,False,False
Swiggy,Food & Grocery,4.4.1,2026-04-10,,2026-04-10,1,1,1.0,1.0,False,False,95,False,False
Swiggy,Food & Grocery,3.53.1,2026-04-11,,2026-04-11,1,1,1.0,1.0,False,False,96,False,False
Swiggy,Food & Grocery,3.75.2,2026-04-11,,2026-04-11,1,1,1.0,1.0,False,False,97,False,False
Swiggy,Food & Grocery,4.44.0,2026-04-11,,2026-09-02,5,5,1.0,1.0,False,False,98,False,False
Swiggy,Food & Grocery,4.52.3,2026-04-11,2026-08-06,2026-08-27,13,13,1.923,0.7692,False,False,99,False,False
Swiggy,Food & Grocery,4.76.0,2026-04-11,,2026-07-24,3,3,2.333,0.6667,False,False,100,False,False
Swiggy,Food & Grocery,4.0.4,2026-04-12,,2026-07-24,6,6,3.0,0.5,False,False,101,False,False
Swiggy,Food & Grocery,4.58.0,2026-04-12,2026-06-19,2026-09-20,17,17,1.765,0.7647,False,False,102,False,False
Swiggy,Food & Grocery,4.61.2,2026-04-12,,2026-04-12,1,1,1.0,1.0,False,False,103,False,False
Swiggy,Food & Grocery,4.77.3,2026-04-12,2026-08-23,2026-09-11,13,13,3.154,0.3846,False,False,104,False,False
Swiggy,Food & Grocery,4.12.5,2026-04-13,,2026-07-29,5,5,1.8,0.8,False,False,105,False,False
Swiggy,Food & Grocery,4.66.0,2026-04-13,,2026-09-07,9,8,1.889,0.7778,False,False,106,False,False
Swiggy,Food & Grocery,4.83.2,2026-04-13,,2026-08-30,3,3,2.333,0.6667,False,False,107,False,False
Swiggy,Food & Grocery,4.96.3,2026-04-13,,2026-08-19,6,6,3.333,0.3333,False,False,108,False,False
Swiggy,Food & Grocery,3.66.5,2026-04-14,,2026-08-25,6,6,2.333,0.6667,False,False,109,False,False
Swiggy,Food & Grocery,4.20.2,2026-04-14,,2026-04-14,1,1,5.0,0.0,False,False,110,False,False
Swiggy,Food & Grocery,4.49.1,2026-04-14,,2026-09-15,8,8,1.5,0.875,False,False,111,False,False
Swiggy,Food & Grocery,4.81.1,2026-04-14,2026-06-26,2026-09-08,19,19,3.421,0.3684,False,False,112,False,False
Swiggy,Food & Grocery,4.83.4,2026-04-14,2026-05-27,2026-09-15,32,27,3.219,0.4062,False,True,113,False,False
Swiggy,Food & Grocery,3.3.0,2026-04-15,,2026-05-26,2,2,1.0,1.0,False,False,114,False,False
Swiggy,Food & Grocery,4.10.2,2026-04-15,,2026-07-25,4,4,1.5,0.75,False,False,115,False,False
Swiggy,Food & Grocery,4.36.3,2026-04-15,,2026-09-10,6,6,2.833,0.5,False,False,116,False,False
Swiggy,Food & Grocery,4.46.4,2026-04-15,,2026-08-06,4,4,3.0,0.5,False,False,117,False,False
Swiggy,Food & Grocery,4.68.2,2026-04-15,2026-09-18,2026-09-18,11,10,2.727,0.5455,False,False,118,False,False
Swiggy,Food & Grocery,4.73.1,2026-04-16,2026-07-26,2026-09-09,14,14,2.357,0.6429,False,False,119,False,False
Swiggy,Food & Grocery,4.8.0,2026-04-16,,2026-09-06,5,5,1.6,0.8,False,False,120,False,False
Swiggy,Food & Grocery,4.93.1,2026-04-16,2026-09-01,2026-09-04,11,11,2.091,0.7273,False,False,121,False,False
Swiggy,Food & Grocery,3.82.0,2026-04-17,,2026-06-22,6,6,1.667,0.8333,False,False,122,False,False
Swiggy,Food & Grocery,4.107.0,2026-04-17,2026-04-18,2026-04-20,16,4,3.875,0.25,False,False,123,False,False
Swiggy,Food & Grocery,4.35.3,2026-04-17,,2026-08-16,6,6,1.0,1.0,False,False,124,False,False
Swiggy,Food & Grocery,4.38.1,2026-04-17,2026-07-03,2026-09-19,15,15,2.067,0.7333,False,False,125,False,False
Swiggy,Food & Grocery,4.61.4,2026-04-17,2026-07-16,2026-09-20,14,14,1.857,0.7857,False,False,126,False,False
Swiggy,Food & Grocery,4.22.0,2026-04-18,2026-09-05,2026-09-17,12,11,2.583,0.5833,False,False,127,False,False
Swiggy,Food & Grocery,4.66.2,2026-04-18,2026-08-04,2026-09-04,14,13,2.071,0.7143,False,False,128,False,False
Swiggy,Food & Grocery,4.67.3,2026-04-18,2026-06-29,2026-09-06,17,16,1.765,0.8235,False,False,129,False,False
Swiggy,Food & Grocery,4.74.3,2026-04-18,2026-09-16,2026-09-16,10,9,2.1,0.7,False,False,130,False,False
Swiggy,Food & Grocery,3.65.5,2026-04-19,,2026-05-13,2,2,1.0,1.0,False,False,131,False,False
Swiggy,Food & Grocery,4.107.1,2026-04-19,2026-04-19,2026-09-07,488,81,2.74,0.5369,False,True,132,True,True
Swiggy,Food & Grocery,4.34.0,2026-04-19,2026-07-24,2026-07-24,10,9,2.6,0.6,False,False,133,False,False
Swiggy,Food & Grocery,4.51.1,2026-04-19,,2026-08-23,3,3,3.667,0.3333,False,False,134,False,False
Swiggy,Food & Grocery,3.10.0,2026-04-20,,2026-09-13,6,6,1.0,1.0,False,False,135,False,False
Swiggy,Food & Grocery,4.5.0,2026-04-20,,2026-07-24,2,2,1.0,1.0,False,False,136,False,False
Swiggy,Food & Grocery,4.50.1,2026-04-20,,2026-09-05,2,2,1.0,1.0,False,False,137,False,False
Swiggy,Food & Grocery,3.56.1,2026-04-21,,2026-06-10,2,2,3.0,0.5,False,False,138,False,False
Swiggy,Food & Grocery,4.63.1,2026-04-21,2026-08-02,2026-08-03,11,11,1.727,0.8182,False,False,139,False,False
Swiggy,Food & Grocery,4.85.2,2026-04-21,2026-06-19,2026-09-14,19,19,3.158,0.4211,False,False,140,False,False
Swiggy,Food & Grocery,4.53.1,2026-04-22,,2026-06-24,7,6,2.857,0.4286,False,False,141,False,False
Swiggy,Food & Grocery,4.65.1,2026-04-22,2026-08-20,2026-08-22,11,10,2.0,0.7273,False,False,142,False,False
Swiggy,Food & Grocery,4.107.2,2026-04-23,2026-04-23,2026-09-14,870,102,2.382,0.6391,False,True,143,True,True
Swiggy,Food & Grocery,3.59.0,2026-04-24,,2026-04-24,1,1,1.0,1.0,False,False,144,False,False
Swiggy,Food & Grocery,4.57.2,2026-04-24,,2026-09-18,8,8,1.875,0.75,False,False,145,False,False
Swiggy,Food & Grocery,4.26.1,2026-04-25,,2026-06-23,2,2,1.0,1.0,False,False,146,False,False
Swiggy,Food & Grocery,4.47.0,2026-04-26,,2026-04-26,1,1,1.0,1.0,False,False,147,False,False
Swiggy,Food & Grocery,4.76.4,2026-04-27,,2026-09-19,8,8,3.5,0.375,False,False,148,False,False
Swiggy,Food & Grocery,4.85.1,2026-04-27,,2026-08-30,6,6,2.333,0.6667,False,False,149,False,False
Swiggy,Food & Grocery,4.107.3,2026-04-28,2026-04-29,2026-09-14,1195,103,2.785,0.528,False,True,150,True,True
Swiggy,Food & Grocery,4.13.1,2026-04-28,,2026-05-22,4,3,1.0,1.0,False,False,151,False,False
Swiggy,Food & Grocery,4.14.1,2026-04-29,,2026-06-22,5,5,1.0,1.0,False,False,152,False,False
Swiggy,Food & Grocery,4.7.0,2026-04-29,,2026-06-21,3,3,1.0,1.0,False,False,153,False,False
Swiggy,Food & Grocery,3.76.2,2026-04-30,,2026-07-23,5,5,2.6,0.6,False,False,154,False,False
Swiggy,Food & Grocery,3.77.1,2026-04-30,,2026-07-23,4,4,3.25,0.5,False,False,155,False,False
Swiggy,Food & Grocery,2.3.12,2026-05-01,,2026-05-01,1,1,1.0,1.0,False,False,156,False,False
Swiggy,Food & Grocery,3.19.1,2026-05-01,,2026-05-01,1,1,1.0,1.0,False,False,157,False,False
Swiggy,Food & Grocery,4.1.1,2026-05-01,,2026-09-17,3,3,1.0,1.0,False,False,158,False,False
Swiggy,Food & Grocery,4.108.0,2026-05-02,2026-05-03,2026-09-20,4028,115,3.555,0.3203,False,True,159,True,True
Swiggy,Food & Grocery,4.17.0,2026-05-02,,2026-09-01,7,7,1.0,1.0,False,False,160,False,False
Swiggy,Food & Grocery,4.18.2,2026-05-03,,2026-07-06,5,5,1.0,1.0,False,False,161,False,False
Swiggy,Food & Grocery,4.70.4,2026-05-03,,2026-08-24,5,5,2.4,0.6,False,False,162,False,False
Swiggy,Food & Grocery,2.3.4,2026-05-05,,2026-05-05,1,1,1.0,1.0,False,False,163,False,False
Swiggy,Food & Grocery,3.52.0,2026-05-06,,2026-05-06,1,1,1.0,1.0,False,False,164,False,False
Swiggy,Food & Grocery,3.70.2,2026-05-06,,2026-09-14,6,6,1.833,0.8333,False,False,165,False,False
Swiggy,Food & Grocery,4.27.1,2026-05-06,,2026-09-17,4,4,3.0,0.5,False,False,166,False,False
Swiggy,Food & Grocery,4.7.7,2026-05-06,,2026-07-05,2,2,1.0,1.0,False,False,167,False,False
Swiggy,Food & Grocery,2.3.24,2026-05-07,,2026-05-12,2,2,3.0,0.5,False,False,168,False,False
Swiggy,Food & Grocery,3.80.2,2026-05-07,,2026-09-12,5,5,1.4,0.8,False,False,169,False,False
Swiggy,Food & Grocery,4.3.1,2026-05-07,,2026-08-11,2,2,1.0,1.0,False,False,170,False,False
Swiggy,Food & Grocery,4.40.2,2026-05-07,,2026-08-09,8,8,2.125,0.75,False,False,171,False,False
Swiggy,Food & Grocery,4.59.2,2026-05-07,,2026-09-16,6,6,1.5,0.8333,False,False,172,False,False
Swiggy,Food & Grocery,3.72.1,2026-05-08,,2026-05-08,1,1,1.0,1.0,False,False,173,False,False
Swiggy,Food & Grocery,4.54.0,2026-05-09,,2026-08-01,9,8,1.889,0.7778,False,False,174,False,False
Swiggy,Food & Grocery,4.88.0,2026-05-09,,2026-06-17,2,2,2.5,0.5,False,False,175,False,False
Swiggy,Food & Grocery,3.79.0,2026-05-10,,2026-06-22,2,2,3.0,0.5,False,False,176,False,False
Swiggy,Food & Grocery,4.78.0,2026-05-10,,2026-08-25,6,6,2.167,0.6667,False,False,177,False,False
Swiggy,Food & Grocery,4.36.1,2026-05-11,,2026-05-11,1,1,1.0,1.0,False,False,178,False,False
Swiggy,Food & Grocery,3.16.0,2026-05-12,,2026-09-04,2,2,1.0,1.0,False,False,179,False,False
Swiggy,Food & Grocery,4.108.1,2026-05-12,2026-05-13,2026-09-19,3380,98,3.608,0.3104,False,True,180,True,True
Swiggy,Food & Grocery,4.35.4,2026-05-12,,2026-08-18,6,6,2.667,0.5,False,False,181,False,False
Swiggy,Food & Grocery,3.57.1,2026-05-14,,2026-06-25,2,2,3.0,0.5,False,False,182,False,False
Swiggy,Food & Grocery,4.21.0,2026-05-14,,2026-06-27,2,2,3.0,0.5,False,False,183,False,False
Swiggy,Food & Grocery,4.45.0,2026-05-14,,2026-07-21,3,3,2.333,0.6667,False,False,184,False,False
Swiggy,Food & Grocery,4.21.2,2026-05-16,,2026-07-18,5,5,2.6,0.6,False,False,185,False,False
Swiggy,Food & Grocery,4.45.1,2026-05-17,,2026-09-16,4,4,2.0,0.75,False,False,186,False,False
Swiggy,Food & Grocery,4.77.2,2026-05-17,,2026-09-15,6,6,2.333,0.6667,False,False,187,False,False
Swiggy,Food & Grocery,2.0.1,2026-05-18,,2026-05-18,1,1,1.0,1.0,False,False,188,False,False
Swiggy,Food & Grocery,4.37.0,2026-05-18,,2026-05-18,1,1,1.0,1.0,False,False,189,False,False
Swiggy,Food & Grocery,4.46.0,2026-05-18,,2026-07-19,5,4,1.8,0.8,False,False,190,False,False
Swiggy,Food & Grocery,4.109.0,2026-05-19,2026-05-21,2026-05-25,14,6,3.643,0.2857,False,False,191,False,False
Swiggy,Food & Grocery,4.109.1,2026-05-20,2026-05-21,2026-09-20,7758,116,3.7,0.284,False,True,192,True,True
Swiggy,Food & Grocery,4.20.0,2026-05-21,,2026-08-08,2,2,2.5,0.5,False,False,193,False,False
Swiggy,Food & Grocery,4.28.2,2026-05-24,,2026-08-02,2,2,3.0,0.5,False,False,194,False,False
Swiggy,Food & Grocery,4.41.1,2026-05-24,,2026-08-24,3,3,1.0,1.0,False,False,195,False,False
Swiggy,Food & Grocery,4.41.2,2026-05-24,,2026-09-17,5,5,1.8,0.8,False,False,196,False,False
Swiggy,Food & Grocery,3.48.4,2026-05-26,,2026-05-26,1,1,1.0,1.0,False,False,197,False,False
Swiggy,Food & Grocery,1.7.6,2026-05-27,,2026-09-04,2,2,1.0,1.0,False,False,198,False,False
Swiggy,Food & Grocery,3.41.1,2026-05-28,,2026-05-28,1,1,1.0,1.0,False,False,199,False,False
Swiggy,Food & Grocery,3.14.2,2026-05-29,,2026-08-01,2,2,1.0,1.0,False,False,200,False,False
Swiggy,Food & Grocery,4.16.3,2026-05-29,,2026-05-31,2,2,1.0,1.0,False,False,201,False,False
Swiggy,Food & Grocery,3.58.0,2026-06-02,,2026-06-02,1,1,1.0,1.0,False,False,202,False,False
Swiggy,Food & Grocery,4.29.1,2026-06-02,,2026-09-17,4,4,2.5,0.5,False,False,203,False,False
Swiggy,Food & Grocery,4.8.2,2026-06-02,,2026-08-05,3,3,1.0,1.0,False,False,204,False,False
Swiggy,Food & Grocery,4.110.0,2026-06-03,2026-06-04,2026-09-11,544,46,3.869,0.2463,False,True,205,True,True
Swiggy,Food & Grocery,4.96.1,2026-06-03,,2026-08-01,6,6,2.333,0.6667,False,False,206,False,False
Swiggy,Food & Grocery,4.57.3,2026-06-06,,2026-06-06,1,1,1.0,1.0,False,False,207,False,False
Swiggy,Food & Grocery,4.12.4,2026-06-07,,2026-08-10,2,2,2.0,0.5,False,False,208,False,False
Swiggy,Food & Grocery,3.4.0,2026-06-08,,2026-08-21,5,4,1.8,0.8,False,False,209,False,False
Swiggy,Food & Grocery,3.49.3,2026-06-08,,2026-06-08,1,1,5.0,0.0,False,False,210,False,False
Swiggy,Food & Grocery,4.110.1,2026-06-08,2026-06-09,2026-09-20,4314,98,3.697,0.2865,False,True,211,True,True
Swiggy,Food & Grocery,4.14.3,2026-06-09,,2026-06-09,1,1,5.0,0.0,False,False,212,False,False
Swiggy,Food & Grocery,4.102.0,2026-06-14,,2026-08-02,2,2,3.0,0.5,False,False,213,False,False
Swiggy,Food & Grocery,4.29.0,2026-06-14,,2026-07-10,2,2,1.0,1.0,False,False,214,False,False
Swiggy,Food & Grocery,3.2.0,2026-06-17,,2026-06-17,1,1,1.0,1.0,False,False,215,False,False
Swiggy,Food & Grocery,4.111.0,2026-06-17,2026-06-18,2026-09-15,1189,61,3.614,0.307,False,True,216,True,True
Swiggy,Food & Grocery,2.3.16,2026-06-20,,2026-06-20,1,1,1.0,1.0,False,False,217,False,False
Swiggy,Food & Grocery,4.40.0,2026-06-21,,2026-07-13,2,2,1.0,1.0,False,False,218,False,False
Swiggy,Food & Grocery,4.80.1,2026-06-21,,2026-06-21,1,1,5.0,0.0,False,False,219,False,False
Swiggy,Food & Grocery,2.2.8,2026-06-22,,2026-06-22,1,1,2.0,1.0,False,False,220,False,False
Swiggy,Food & Grocery,4.76.3,2026-06-22,,2026-06-22,1,1,4.0,0.0,False,False,221,False,False
Swiggy,Food & Grocery,4.111.1,2026-06-24,2026-06-24,2026-09-20,4852,88,3.693,0.2863,False,True,222,True,True
Swiggy,Food & Grocery,4.33.1,2026-06-24,,2026-08-14,4,4,1.0,1.0,False,False,223,False,False
Swiggy,Food & Grocery,4.19.2,2026-06-26,,2026-09-05,7,7,1.571,0.8571,False,False,224,False,False
Swiggy,Food & Grocery,3.39.0,2026-06-30,,2026-06-30,1,1,1.0,1.0,False,False,225,False,False
Swiggy,Food & Grocery,4.68.1,2026-07-01,,2026-07-01,1,1,1.0,1.0,False,False,226,False,False
Swiggy,Food & Grocery,3.71.2,2026-07-04,,2026-08-31,5,5,2.6,0.6,False,False,227,False,False
Swiggy,Food & Grocery,4.112.0,2026-07-04,2026-07-05,2026-09-20,6105,78,3.714,0.2819,False,True,228,True,True
Swiggy,Food & Grocery,3.1.0,2026-07-05,,2026-07-30,2,2,1.0,1.0,False,False,229,False,False
Swiggy,Food & Grocery,4.79.1,2026-07-06,,2026-07-06,1,1,5.0,0.0,False,False,230,False,False
Swiggy,Food & Grocery,3.20.2,2026-07-08,,2026-07-08,1,1,1.0,1.0,False,False,231,False,False
Swiggy,Food & Grocery,3.47.1,2026-07-14,,2026-07-14,1,1,1.0,1.0,False,False,232,False,False
Swiggy,Food & Grocery,4.113.0,2026-07-17,2026-07-19,2026-07-30,35,9,3.8,0.2571,False,True,233,True,True
Swiggy,Food & Grocery,2.3.23,2026-07-18,,2026-07-18,1,1,4.0,0.0,False,False,234,False,False
Swiggy,Food & Grocery,4.3.2,2026-07-18,,2026-07-18,1,1,1.0,1.0,False,False,235,False,False
Swiggy,Food & Grocery,4.113.1,2026-07-20,2026-07-21,2026-09-20,2347,59,3.623,0.3042,False,True,236,True,True
Swiggy,Food & Grocery,3.47.0,2026-07-25,,2026-07-25,1,1,1.0,1.0,False,False,237,False,False
Swiggy,Food & Grocery,4.113.3,2026-07-25,2026-07-26,2026-09-20,312,31,3.795,0.2532,False,True,238,True,True
Swiggy,Food & Grocery,4.18.1,2026-07-28,,2026-07-28,1,1,1.0,1.0,False,False,239,False,False
Swiggy,Food & Grocery,4.113.4,2026-07-29,2026-07-30,2026-09-20,3588,54,3.565,0.3172,False,True,240,True,True
Swiggy,Food & Grocery,3.14.3,2026-07-31,,2026-07-31,1,1,1.0,1.0,False,False,241,False,False
Swiggy,Food & Grocery,3.42.3,2026-07-31,,2026-08-20,2,2,1.0,1.0,False,False,242,False,False
Swiggy,Food & Grocery,4.114.0,2026-08-03,,2026-08-08,7,5,3.286,0.4286,False,False,243,False,False
Swiggy,Food & Grocery,4.114.1,2026-08-04,2026-08-06,2026-09-05,34,11,3.824,0.2647,False,True,244,True,True
Swiggy,Food & Grocery,2.3.21,2026-08-05,,2026-09-04,2,2,1.0,1.0,False,False,245,False,False
Swiggy,Food & Grocery,3.60.1,2026-08-06,,2026-08-06,1,1,1.0,1.0,False,False,246,False,False
Swiggy,Food & Grocery,4.114.2,2026-08-07,2026-08-09,2026-09-20,3163,45,3.624,0.3057,False,True,247,True,True
Swiggy,Food & Grocery,3.22.5,2026-08-10,,2026-08-10,1,1,1.0,1.0,False,False,248,False,False
Swiggy,Food & Grocery,4.86.0,2026-08-13,,2026-08-13,1,1,1.0,1.0,False,False,249,False,False
Swiggy,Food & Grocery,4.115.0,2026-08-15,2026-08-16,2026-09-20,4414,37,3.699,0.2843,False,True,250,True,True
Swiggy,Food & Grocery,2.3.13,2026-08-18,,2026-09-02,2,2,1.0,1.0,False,False,251,False,False
Swiggy,Food & Grocery,3.46.4,2026-08-19,,2026-08-29,2,2,1.5,1.0,False,False,252,False,False
Swiggy,Food & Grocery,4.57.0,2026-08-21,,2026-08-21,1,1,5.0,0.0,False,False,253,False,False
Swiggy,Food & Grocery,3.55.0,2026-08-23,,2026-08-23,1,1,1.0,1.0,False,False,254,False,False
Swiggy,Food & Grocery,4.30.0,2026-08-23,,2026-08-23,1,1,2.0,1.0,False,False,255,False,False
Swiggy,Food & Grocery,4.115.1,2026-08-24,2026-08-24,2026-09-20,3665,28,3.639,0.301,False,True,256,True,True
Swiggy,Food & Grocery,3.62.0,2026-08-26,,2026-08-26,1,1,1.0,1.0,False,False,257,False,False
Swiggy,Food & Grocery,4.11.0,2026-08-29,,2026-08-29,1,1,1.0,1.0,False,False,258,False,False
Swiggy,Food & Grocery,3.68.2,2026-09-01,,2026-09-01,1,1,1.0,1.0,False,False,259,False,False
Swiggy,Food & Grocery,3.37.2,2026-09-02,,2026-09-16,2,2,2.0,0.5,False,False,260,False,False
Swiggy,Food & Grocery,3.64.0,2026-09-03,,2026-09-03,1,1,1.0,1.0,False,False,261,False,False
Swiggy,Food & Grocery,4.116.0,2026-09-06,2026-09-07,2026-09-20,106,12,3.613,0.3113,False,True,262,True,True
Swiggy,Food & Grocery,4.114.3,2026-09-09,,2026-09-09,1,1,5.0,0.0,False,False,263,False,False
Swiggy,Food & Grocery,4.116.1,2026-09-10,,2026-09-10,2,1,5.0,0.0,False,False,264,False,False
Swiggy,Food & Grocery,4.116.2,2026-09-11,2026-09-12,2026-09-20,1845,10,3.741,0.2813,False,True,265,True,True
Swiggy,Food & Grocery,4.46.1,2026-09-16,,2026-09-16,1,1,5.0,0.0,False,False,266,False,False
Zomato,Food & Grocery,16.6.1,2026-04-01,,2026-06-06,3,3,3.667,0.3333,True,False,1,False,False
Zomato,Food & Grocery,17.0.3,2026-04-01,,2026-05-31,3,3,2.333,0.6667,True,False,2,False,False
Zomato,Food & Grocery,17.5.8,2026-04-01,,2026-09-07,7,7,3.714,0.2857,True,False,3,False,False
Zomato,Food & Grocery,18.5.1,2026-04-01,,2026-08-30,7,7,2.143,0.7143,True,False,4,False,False
Zomato,Food & Grocery,18.5.9,2026-04-01,2026-07-30,2026-08-30,14,14,3.143,0.4286,True,False,5,False,False
Zomato,Food & Grocery,18.6.3,2026-04-01,2026-07-01,2026-09-07,18,18,3.0,0.4444,True,False,6,False,False
Zomato,Food & Grocery,18.7.1,2026-04-01,2026-05-31,2026-09-19,22,20,3.318,0.4091,True,False,7,False,False
Zomato,Food & Grocery,18.7.5,2026-04-01,2026-05-03,2026-09-11,27,27,3.074,0.4815,True,False,8,False,False
Zomato,Food & Grocery,18.8.2,2026-04-01,2026-04-27,2026-09-02,36,33,2.889,0.5,True,True,9,False,False
Zomato,Food & Grocery,18.9.5,2026-04-01,2026-05-07,2026-09-15,28,26,2.964,0.5,True,False,10,False,False
Zomato,Food & Grocery,19.0.7,2026-04-01,2026-04-13,2026-09-04,49,40,3.898,0.2449,True,True,11,False,False
Zomato,Food & Grocery,19.2.4,2026-04-01,2026-04-21,2026-09-17,34,30,3.441,0.3529,True,True,12,False,False
Zomato,Food & Grocery,19.2.5,2026-04-01,2026-04-18,2026-09-11,58,45,3.655,0.2759,True,True,13,False,False
Zomato,Food & Grocery,19.2.6,2026-04-01,2026-04-27,2026-09-13,39,37,3.59,0.3333,True,True,14,False,False
Zomato,Food & Grocery,19.2.7,2026-04-01,2026-04-08,2026-09-20,123,89,3.537,0.3333,True,True,15,False,False
Zomato,Food & Grocery,19.3.0,2026-04-01,2026-04-07,2026-09-20,135,89,3.822,0.2741,True,True,16,False,False
Zomato,Food & Grocery,19.3.1,2026-04-01,2026-04-04,2026-09-16,210,97,4.171,0.1571,True,True,17,False,False
Zomato,Food & Grocery,19.3.2,2026-04-01,2026-04-04,2026-09-13,106,65,4.094,0.1698,True,True,18,False,False
Zomato,Food & Grocery,19.3.4,2026-04-01,2026-04-04,2026-09-20,148,80,4.074,0.1689,True,True,19,False,False
Zomato,Food & Grocery,19.3.6,2026-04-01,2026-04-04,2026-09-16,92,60,4.207,0.1522,True,True,20,False,False
Zomato,Food & Grocery,19.3.7,2026-04-01,2026-04-02,2026-09-19,260,98,3.858,0.2269,True,True,21,False,False
Zomato,Food & Grocery,19.3.9,2026-04-01,2026-04-02,2026-09-17,266,93,3.959,0.1992,True,True,22,False,False
Zomato,Food & Grocery,19.4.2,2026-04-01,2026-04-03,2026-09-20,92,54,4.011,0.1957,True,True,23,False,False
Zomato,Food & Grocery,19.4.3,2026-04-01,2026-04-01,2026-09-20,473,100,4.186,0.1459,True,True,24,False,False
Zomato,Food & Grocery,19.4.5,2026-04-01,2026-04-01,2026-09-16,451,97,4.224,0.1353,True,True,25,False,False
Zomato,Food & Grocery,19.4.6,2026-04-01,2026-04-01,2026-09-20,1007,118,4.316,0.1251,True,True,26,False,False
Zomato,Food & Grocery,19.4.7,2026-04-01,2026-04-01,2026-09-20,2585,126,4.268,0.1292,True,True,27,False,False
Zomato,Food & Grocery,19.4.9,2026-04-01,2026-04-01,2026-08-30,141,36,4.184,0.1489,True,True,28,False,False
Zomato,Food & Grocery,19.5.0,2026-04-01,2026-04-01,2026-09-13,2492,94,4.266,0.1356,True,True,29,False,False
Zomato,Food & Grocery,15.3.6,2026-04-02,,2026-06-19,5,5,2.6,0.6,False,False,30,False,False
Zomato,Food & Grocery,17.1.3,2026-04-02,,2026-04-02,1,1,1.0,1.0,False,False,31,False,False
Zomato,Food & Grocery,17.5.0,2026-04-02,2026-07-30,2026-09-13,13,13,2.0,0.6923,False,False,32,False,False
Zomato,Food & Grocery,17.5.1,2026-04-02,,2026-09-02,9,9,3.222,0.4444,False,False,33,False,False
Zomato,Food & Grocery,17.6.5,2026-04-02,2026-06-08,2026-09-20,20,20,3.3,0.4,False,False,34,False,False
Zomato,Food & Grocery,17.9.8,2026-04-02,2026-05-08,2026-08-31,27,27,3.037,0.4444,False,False,35,False,False
Zomato,Food & Grocery,18.2.0,2026-04-02,2026-05-12,2026-09-19,25,24,3.32,0.44,False,False,36,False,False
Zomato,Food & Grocery,18.3.2,2026-04-02,,2026-08-14,3,3,3.667,0.3333,False,False,37,False,False
Zomato,Food & Grocery,18.4.2,2026-04-02,2026-05-11,2026-09-06,24,23,3.333,0.4167,False,False,38,False,False
Zomato,Food & Grocery,18.4.6,2026-04-02,2026-06-14,2026-09-17,18,17,2.944,0.5,False,False,39,False,False
Zomato,Food & Grocery,18.8.5,2026-04-02,2026-05-10,2026-09-18,21,20,2.714,0.5238,False,False,40,False,False
Zomato,Food & Grocery,19.0.2,2026-04-02,,2026-08-22,7,7,3.571,0.2857,False,False,41,False,False
Zomato,Food & Grocery,19.2.2,2026-04-02,2026-05-02,2026-09-16,40,36,3.075,0.425,False,True,42,False,False
Zomato,Food & Grocery,19.4.1,2026-04-02,,2026-07-03,3,3,5.0,0.0,False,False,43,False,False
Zomato,Food & Grocery,16.1.9,2026-04-03,,2026-08-01,9,9,2.333,0.6667,False,False,44,False,False
Zomato,Food & Grocery,17.1.6,2026-04-03,,2026-04-03,1,1,5.0,0.0,False,False,45,False,False
Zomato,Food & Grocery,17.1.8,2026-04-03,,2026-07-31,8,8,3.5,0.375,False,False,46,False,False
Zomato,Food & Grocery,18.0.8,2026-04-03,2026-07-10,2026-07-30,11,10,4.0,0.1818,False,False,47,False,False
Zomato,Food & Grocery,18.1.1,2026-04-03,2026-08-26,2026-08-26,10,8,3.0,0.5,False,False,48,False,False
Zomato,Food & Grocery,18.2.9,2026-04-03,2026-07-18,2026-09-14,13,13,3.385,0.3846,False,False,49,False,False
Zomato,Food & Grocery,18.3.4,2026-04-03,2026-05-17,2026-09-11,21,19,3.095,0.4762,False,False,50,False,False
Zomato,Food & Grocery,18.9.1,2026-04-03,2026-05-25,2026-09-20,20,19,3.05,0.4,False,False,51,False,False
Zomato,Food & Grocery,19.1.0,2026-04-03,2026-05-08,2026-09-20,27,25,3.926,0.2593,False,False,52,False,False
Zomato,Food & Grocery,19.1.4,2026-04-03,2026-04-28,2026-09-20,40,34,3.4,0.325,False,True,53,False,False
Zomato,Food & Grocery,19.1.7,2026-04-03,2026-05-10,2026-09-20,33,31,3.061,0.4545,False,True,54,False,False
Zomato,Food & Grocery,19.1.8,2026-04-03,2026-05-07,2026-09-19,47,42,3.043,0.4681,False,True,55,False,False
Zomato,Food & Grocery,19.4.8,2026-04-03,,2026-06-06,3,3,4.667,0.0,False,False,56,False,False
Zomato,Food & Grocery,19.5.1,2026-04-03,2026-04-03,2026-09-19,5009,110,4.266,0.1366,False,True,57,True,True
Zomato,Food & Grocery,15.4.5,2026-04-04,,2026-04-04,1,1,1.0,1.0,False,False,58,False,False
Zomato,Food & Grocery,16.3.1,2026-04-04,,2026-08-23,5,5,2.6,0.6,False,False,59,False,False
Zomato,Food & Grocery,17.5.2,2026-04-04,,2026-07-10,7,7,2.714,0.5714,False,False,60,False,False
Zomato,Food & Grocery,17.5.6,2026-04-04,,2026-08-14,5,5,3.4,0.4,False,False,61,False,False
Zomato,Food & Grocery,18.2.3,2026-04-04,,2026-09-13,9,9,4.333,0.1111,False,False,62,False,False
Zomato,Food & Grocery,18.2.7,2026-04-04,2026-08-24,2026-09-19,11,11,3.0,0.4545,False,False,63,False,False
Zomato,Food & Grocery,18.3.0,2026-04-04,2026-08-18,2026-09-11,13,12,3.308,0.3846,False,False,64,False,False
Zomato,Food & Grocery,18.4.8,2026-04-04,2026-06-20,2026-09-19,16,15,3.125,0.4375,False,False,65,False,False
Zomato,Food & Grocery,18.8.7,2026-04-04,2026-07-21,2026-07-21,10,10,4.2,0.2,False,False,66,False,False
Zomato,Food & Grocery,18.9.3,2026-04-04,2026-05-20,2026-09-13,25,21,3.4,0.36,False,False,67,False,False
Zomato,Food & Grocery,19.1.3,2026-04-04,2026-07-15,2026-09-15,12,12,3.0,0.5,False,False,68,False,False
Zomato,Food & Grocery,14.6.2,2026-04-05,,2026-07-27,3,3,2.333,0.6667,False,False,69,False,False
Zomato,Food & Grocery,15.9.7,2026-04-05,,2026-04-05,1,1,1.0,1.0,False,False,70,False,False
Zomato,Food & Grocery,15.9.8,2026-04-05,,2026-09-20,5,5,1.4,1.0,False,False,71,False,False
Zomato,Food & Grocery,16.6.2,2026-04-05,,2026-06-30,4,4,3.75,0.25,False,False,72,False,False
Zomato,Food & Grocery,16.7.0,2026-04-05,,2026-08-30,8,8,2.875,0.5,False,False,73,False,False
Zomato,Food & Grocery,17.2.3,2026-04-05,,2026-09-09,9,9,2.444,0.6667,False,False,74,False,False
Zomato,Food & Grocery,17.3.8,2026-04-05,,2026-07-22,7,7,2.714,0.5714,False,False,75,False,False
Zomato,Food & Grocery,17.4.4,2026-04-05,2026-07-04,2026-08-14,11,11,3.0,0.4545,False,False,76,False,False
Zomato,Food & Grocery,17.9.5,2026-04-05,2026-08-06,2026-08-30,11,10,3.182,0.4545,False,False,77,False,False
Zomato,Food & Grocery,18.0.3,2026-04-05,,2026-08-10,4,4,4.25,0.0,False,False,78,False,False
Zomato,Food & Grocery,18.7.9,2026-04-05,2026-05-19,2026-09-15,21,19,2.857,0.5238,False,False,79,False,False
Zomato,Food & Grocery,18.8.1,2026-04-05,2026-06-29,2026-08-08,13,13,3.154,0.4615,False,False,80,False,False
Zomato,Food & Grocery,18.9.4,2026-04-05,2026-05-31,2026-09-06,19,19,3.895,0.2105,False,False,81,False,False
Zomato,Food & Grocery,18.9.7,2026-04-05,2026-06-03,2026-09-18,17,16,3.882,0.2353,False,False,82,False,False
Zomato,Food & Grocery,18.9.8,2026-04-05,2026-04-21,2026-09-20,39,37,3.487,0.359,False,True,83,False,False
Zomato,Food & Grocery,19.0.0,2026-04-05,2026-08-07,2026-09-18,13,13,3.154,0.3846,False,False,84,False,False
Zomato,Food & Grocery,19.1.2,2026-04-05,2026-04-14,2026-08-27,36,32,3.111,0.4444,False,True,85,False,False
Zomato,Food & Grocery,19.2.3,2026-04-05,2026-05-23,2026-09-08,24,24,3.75,0.25,False,False,86,False,False
Zomato,Food & Grocery,19.3.8,2026-04-05,,2026-08-31,7,6,3.714,0.2857,False,False,87,False,False
Zomato,Food & Grocery,15.5.2,2026-04-06,,2026-04-06,1,1,1.0,1.0,False,False,88,False,False
Zomato,Food & Grocery,16.0.8,2026-04-06,,2026-04-06,1,1,5.0,0.0,False,False,89,False,False
Zomato,Food & Grocery,17.3.9,2026-04-06,,2026-09-20,3,3,1.0,1.0,False,False,90,False,False
Zomato,Food & Grocery,17.7.0,2026-04-06,,2026-06-21,7,7,2.714,0.5714,False,False,91,False,False
Zomato,Food & Grocery,17.7.2,2026-04-06,2026-05-29,2026-07-12,14,14,2.286,0.6429,False,False,92,False,False
Zomato,Food & Grocery,17.8.2,2026-04-06,,2026-09-13,9,9,1.778,0.7778,False,False,93,False,False
Zomato,Food & Grocery,17.8.6,2026-04-06,,2026-05-10,3,3,3.667,0.3333,False,False,94,False,False
Zomato,Food & Grocery,18.8.4,2026-04-06,,2026-08-29,3,3,2.333,0.6667,False,False,95,False,False
Zomato,Food & Grocery,18.9.2,2026-04-06,2026-07-12,2026-09-04,11,11,3.091,0.3636,False,False,96,False,False
Zomato,Food & Grocery,19.0.3,2026-04-06,2026-06-25,2026-09-19,23,22,3.217,0.4348,False,False,97,False,False
Zomato,Food & Grocery,19.3.5,2026-04-06,,2026-09-06,7,7,3.143,0.4286,False,False,98,False,False
Zomato,Food & Grocery,19.5.2,2026-04-06,2026-04-06,2026-05-09,97,10,4.268,0.134,False,True,99,True,True
Zomato,Food & Grocery,15.7.3,2026-04-07,,2026-05-17,3,3,2.333,0.6667,False,False,100,False,False
Zomato,Food & Grocery,15.7.7,2026-04-07,,2026-07-14,5,5,4.0,0.2,False,False,101,False,False
Zomato,Food & Grocery,15.9.1,2026-04-07,,2026-08-09,4,3,4.0,0.25,False,False,102,False,False
Zomato,Food & Grocery,16.3.7,2026-04-07,,2026-08-06,9,9,2.778,0.5556,False,False,103,False,False
Zomato,Food & Grocery,16.4.5,2026-04-07,,2026-09-03,6,6,4.0,0.1667,False,False,104,False,False
Zomato,Food & Grocery,16.5.0,2026-04-07,2026-06-19,2026-08-02,12,11,3.667,0.3333,False,False,105,False,False
Zomato,Food & Grocery,17.0.5,2026-04-07,2026-08-28,2026-09-13,11,11,2.0,0.7273,False,False,106,False,False
Zomato,Food & Grocery,17.2.7,2026-04-07,,2026-07-28,3,3,1.333,1.0,False,False,107,False,False
Zomato,Food & Grocery,18.1.6,2026-04-07,,2026-09-03,5,5,2.6,0.6,False,False,108,False,False
Zomato,Food & Grocery,18.7.2,2026-04-07,,2026-08-02,4,4,1.75,0.75,False,False,109,False,False
Zomato,Food & Grocery,19.2.9,2026-04-07,,2026-05-07,2,2,3.0,0.5,False,False,110,False,False
Zomato,Food & Grocery,19.5.3,2026-04-07,2026-04-07,2026-08-20,358,28,4.299,0.1229,False,True,111,True,True
Zomato,Food & Grocery,17.5.3,2026-04-08,,2026-08-22,4,4,2.75,0.5,False,False,112,False,False
Zomato,Food & Grocery,17.5.4,2026-04-08,,2026-08-19,7,7,4.143,0.1429,False,False,113,False,False
Zomato,Food & Grocery,18.1.8,2026-04-08,2026-07-26,2026-09-06,17,16,2.882,0.4706,False,False,114,False,False
Zomato,Food & Grocery,18.5.5,2026-04-08,2026-07-15,2026-09-12,16,16,3.938,0.25,False,False,115,False,False
Zomato,Food & Grocery,18.7.7,2026-04-08,2026-07-28,2026-09-19,16,15,2.5,0.625,False,False,116,False,False
Zomato,Food & Grocery,19.5.4,2026-04-08,2026-04-08,2026-09-17,1453,58,4.231,0.1432,False,True,117,True,True
Zomato,Food & Grocery,15.5.9,2026-04-09,,2026-04-09,1,1,5.0,0.0,False,False,118,False,False
Zomato,Food & Grocery,15.7.1,2026-04-09,,2026-04-09,1,1,1.0,1.0,False,False,119,False,False
Zomato,Food & Grocery,16.0.0,2026-04-09,,2026-04-09,1,1,4.0,0.0,False,False,120,False,False
Zomato,Food & Grocery,16.1.1,2026-04-09,,2026-08-01,4,4,4.0,0.25,False,False,121,False,False
Zomato,Food & Grocery,17.7.6,2026-04-09,,2026-04-09,1,1,1.0,1.0,False,False,122,False,False
Zomato,Food & Grocery,18.6.1,2026-04-09,2026-06-26,2026-08-15,14,14,3.214,0.4286,False,False,123,False,False
Zomato,Food & Grocery,18.7.8,2026-04-09,2026-06-15,2026-08-18,16,14,1.75,0.8125,False,False,124,False,False
Zomato,Food & Grocery,18.8.9,2026-04-09,2026-05-29,2026-09-12,21,20,3.857,0.2857,False,False,125,False,False
Zomato,Food & Grocery,17.0.4,2026-04-10,,2026-08-19,7,7,2.143,0.7143,False,False,126,False,False
Zomato,Food & Grocery,17.0.7,2026-04-10,,2026-08-25,5,5,4.2,0.2,False,False,127,False,False
Zomato,Food & Grocery,18.3.8,2026-04-10,2026-07-14,2026-09-16,11,11,3.455,0.3636,False,False,128,False,False
Zomato,Food & Grocery,18.7.3,2026-04-10,2026-05-11,2026-09-16,40,33,2.85,0.525,False,True,129,False,False
Zomato,Food & Grocery,19.2.8,2026-04-10,2026-04-29,2026-08-29,46,41,3.87,0.2609,False,True,130,False,False
Zomato,Food & Grocery,19.5.5,2026-04-10,2026-04-10,2026-09-14,4942,110,4.28,0.1305,False,True,131,True,True
Zomato,Food & Grocery,16.4.6,2026-04-11,,2026-07-05,3,3,2.333,0.6667,False,False,132,False,False
Zomato,Food & Grocery,17.8.0,2026-04-11,2026-09-12,2026-09-12,10,8,2.2,0.7,False,False,133,False,False
Zomato,Food & Grocery,17.9.7,2026-04-11,,2026-08-11,8,8,2.875,0.5,False,False,134,False,False
Zomato,Food & Grocery,18.0.6,2026-04-11,,2026-09-19,8,8,2.75,0.5,False,False,135,False,False
Zomato,Food & Grocery,18.6.6,2026-04-11,,2026-08-18,8,8,3.125,0.375,False,False,136,False,False
Zomato,Food & Grocery,19.5.7,2026-04-11,2026-04-12,2026-09-20,5741,119,4.25,0.1397,False,True,137,True,True
Zomato,Food & Grocery,14.1.3,2026-04-12,,2026-04-12,1,1,5.0,0.0,False,False,138,False,False
Zomato,Food & Grocery,14.4.6,2026-04-12,,2026-04-12,1,1,1.0,1.0,False,False,139,False,False
Zomato,Food & Grocery,15.8.4,2026-04-12,,2026-04-12,1,1,5.0,0.0,False,False,140,False,False
Zomato,Food & Grocery,16.6.6,2026-04-12,,2026-05-17,2,2,1.0,1.0,False,False,141,False,False
Zomato,Food & Grocery,17.4.1,2026-04-12,,2026-08-22,8,8,2.875,0.5,False,False,142,False,False
Zomato,Food & Grocery,18.0.0,2026-04-12,2026-06-15,2026-09-02,15,14,3.333,0.4,False,False,143,False,False
Zomato,Food & Grocery,19.0.5,2026-04-12,2026-06-19,2026-09-20,20,19,3.95,0.25,False,False,144,False,False
Zomato,Food & Grocery,19.1.1,2026-04-12,,2026-09-15,3,3,2.0,0.6667,False,False,145,False,False
Zomato,Food & Grocery,13.2.8,2026-04-13,,2026-05-02,2,2,3.0,0.5,False,False,146,False,False
Zomato,Food & Grocery,17.9.0,2026-04-13,,2026-09-01,5,5,2.0,0.8,False,False,147,False,False
Zomato,Food & Grocery,18.2.5,2026-04-13,,2026-08-26,8,8,3.5,0.375,False,False,148,False,False
Zomato,Food & Grocery,18.9.0,2026-04-13,2026-05-27,2026-09-20,24,24,3.0,0.4583,False,False,149,False,False
Zomato,Food & Grocery,19.2.1,2026-04-13,2026-05-20,2026-09-14,28,26,3.25,0.3929,False,False,150,False,False
Zomato,Food & Grocery,17.6.9,2026-04-14,,2026-05-13,2,2,1.0,1.0,False,False,151,False,False
Zomato,Food & Grocery,17.9.6,2026-04-14,,2026-08-08,4,4,3.0,0.5,False,False,152,False,False
Zomato,Food & Grocery,18.1.9,2026-04-14,,2026-09-11,4,4,3.0,0.5,False,False,153,False,False
Zomato,Food & Grocery,18.3.5,2026-04-14,,2026-09-14,4,4,3.0,0.5,False,False,154,False,False
Zomato,Food & Grocery,16.4.8,2026-04-15,,2026-09-01,4,4,1.0,1.0,False,False,155,False,False
Zomato,Food & Grocery,17.4.6,2026-04-15,,2026-07-03,3,3,2.0,0.6667,False,False,156,False,False
Zomato,Food & Grocery,16.5.5,2026-04-16,,2026-09-17,9,9,3.0,0.4444,False,False,157,False,False
Zomato,Food & Grocery,18.4.1,2026-04-16,,2026-07-11,6,6,3.667,0.3333,False,False,158,False,False
Zomato,Food & Grocery,13.3.9,2026-04-17,,2026-04-17,1,1,1.0,1.0,False,False,159,False,False
Zomato,Food & Grocery,16.1.8,2026-04-17,,2026-06-24,3,3,2.0,0.6667,False,False,160,False,False
Zomato,Food & Grocery,19.5.8,2026-04-17,2026-04-18,2026-09-18,4261,126,4.251,0.1392,False,True,161,True,True
Zomato,Food & Grocery,12.2.9,2026-04-18,,2026-07-08,2,2,1.0,1.0,False,False,162,False,False
Zomato,Food & Grocery,16.2.6,2026-04-18,,2026-08-18,6,6,2.667,0.5,False,False,163,False,False
Zomato,Food & Grocery,16.4.9,2026-04-18,2026-08-07,2026-09-18,11,11,2.727,0.5455,False,False,164,False,False
Zomato,Food & Grocery,17.1.9,2026-04-18,,2026-04-18,1,1,4.0,0.0,False,False,165,False,False
Zomato,Food & Grocery,17.5.9,2026-04-18,,2026-09-19,9,9,2.333,0.6667,False,False,166,False,False
Zomato,Food & Grocery,17.9.9,2026-04-18,,2026-08-31,5,5,2.2,0.6,False,False,167,False,False
Zomato,Food & Grocery,18.2.4,2026-04-18,,2026-08-22,6,6,2.5,0.6667,False,False,168,False,False
Zomato,Food & Grocery,15.3.2,2026-04-19,,2026-08-12,2,2,2.5,0.5,False,False,169,False,False
Zomato,Food & Grocery,17.2.1,2026-04-19,,2026-07-11,5,5,3.6,0.4,False,False,170,False,False
Zomato,Food & Grocery,18.6.9,2026-04-19,2026-08-23,2026-08-30,12,11,4.167,0.1667,False,False,171,False,False
Zomato,Food & Grocery,18.8.8,2026-04-19,2026-07-17,2026-09-05,13,12,1.923,0.7692,False,False,172,False,False
Zomato,Food & Grocery,18.9.9,2026-04-19,2026-07-14,2026-09-20,12,12,2.917,0.5,False,False,173,False,False
Zomato,Food & Grocery,19.5.7.1,2026-04-19,,2026-04-19,2,1,2.5,0.5,False,False,174,False,False
Zomato,Food & Grocery,17.7.4,2026-04-20,,2026-09-07,8,8,2.375,0.625,False,False,175,False,False
Zomato,Food & Grocery,19.0.4,2026-04-20,,2026-09-12,5,5,3.2,0.4,False,False,176,False,False
Zomato,Food & Grocery,19.5.8.1,2026-04-21,,2026-04-21,1,1,1.0,1.0,False,False,177,False,False
Zomato,Food & Grocery,17.8.7,2026-04-22,,2026-09-10,9,9,2.889,0.5556,False,False,178,False,False
Zomato,Food & Grocery,18.1.7,2026-04-22,,2026-08-06,7,7,3.571,0.2857,False,False,179,False,False
Zomato,Food & Grocery,18.3.7,2026-04-22,,2026-09-10,6,6,2.333,0.6667,False,False,180,False,False
Zomato,Food & Grocery,19.5.9,2026-04-23,2026-04-24,2026-09-20,10154,138,4.267,0.1306,False,True,181,True,True
Zomato,Food & Grocery,16.1.6,2026-04-24,,2026-06-14,4,4,3.0,0.5,False,False,182,False,False
Zomato,Food & Grocery,16.4.2,2026-04-24,,2026-07-09,4,4,2.0,0.75,False,False,183,False,False
Zomato,Food & Grocery,17.2.9,2026-04-24,,2026-09-17,9,9,3.111,0.4444,False,False,184,False,False
Zomato,Food & Grocery,18.2.2,2026-04-24,,2026-09-18,5,5,1.8,0.8,False,False,185,False,False
Zomato,Food & Grocery,14.4.7,2026-04-25,,2026-04-25,1,1,1.0,1.0,False,False,186,False,False
Zomato,Food & Grocery,16.3.9,2026-04-25,,2026-09-10,4,4,3.0,0.5,False,False,187,False,False
Zomato,Food & Grocery,17.0.8,2026-04-25,,2026-09-18,3,3,3.667,0.3333,False,False,188,False,False
Zomato,Food & Grocery,16.1.2,2026-04-26,2026-08-04,2026-09-07,11,11,3.091,0.4545,False,False,189,False,False
Zomato,Food & Grocery,16.6.3,2026-04-26,,2026-04-26,1,1,1.0,1.0,False,False,190,False,False
Zomato,Food & Grocery,17.1.4,2026-04-27,,2026-09-13,5,5,3.0,0.4,False,False,191,False,False
Zomato,Food & Grocery,18.2.6,2026-04-27,,2026-07-22,7,7,3.143,0.4286,False,False,192,False,False
Zomato,Food & Grocery,17.7.1,2026-04-28,,2026-07-28,3,3,4.0,0.0,False,False,193,False,False
Zomato,Food & Grocery,13.3.6,2026-04-29,,2026-06-23,2,2,1.0,1.0,False,False,194,False,False
Zomato,Food & Grocery,13.4.3,2026-04-29,,2026-07-19,4,4,1.75,0.75,False,False,195,False,False
Zomato,Food & Grocery,13.2.6,2026-04-30,,2026-04-30,1,1,4.0,0.0,False,False,196,False,False
Zomato,Food & Grocery,16.5.2,2026-04-30,,2026-07-16,4,4,3.25,0.5,False,False,197,False,False
Zomato,Food & Grocery,18.5.4,2026-04-30,,2026-06-12,2,2,5.0,0.0,False,False,198,False,False
Zomato,Food & Grocery,18.8.6,2026-04-30,,2026-08-01,5,5,3.6,0.4,False,False,199,False,False
Zomato,Food & Grocery,13.1.4,2026-05-01,,2026-05-01,1,1,1.0,1.0,False,False,200,False,False
Zomato,Food & Grocery,13.2.7,2026-05-01,,2026-09-12,4,4,2.0,0.75,False,False,201,False,False
Zomato,Food & Grocery,17.1.2,2026-05-01,,2026-09-20,2,2,3.0,0.5,False,False,202,False,False
Zomato,Food & Grocery,15.6.5,2026-05-02,,2026-05-02,1,1,1.0,1.0,False,False,203,False,False
Zomato,Food & Grocery,16.1.5,2026-05-02,,2026-08-09,4,4,3.0,0.5,False,False,204,False,False
Zomato,Food & Grocery,16.6.8,2026-05-02,,2026-08-11,4,4,3.0,0.5,False,False,205,False,False
Zomato,Food & Grocery,17.4.0,2026-05-02,,2026-06-15,5,5,2.4,0.6,False,False,206,False,False
Zomato,Food & Grocery,17.6.3,2026-05-02,,2026-08-05,6,6,2.833,0.5,False,False,207,False,False
Zomato,Food & Grocery,3.4,2026-05-02,,2026-05-02,1,1,1.0,1.0,False,False,208,False,False
Zomato,Food & Grocery,12.2.2,2026-05-03,,2026-05-03,1,1,1.0,1.0,False,False,209,False,False
Zomato,Food & Grocery,15.0.4,2026-05-03,,2026-08-06,2,2,2.5,0.5,False,False,210,False,False
Zomato,Food & Grocery,16.3.8,2026-05-03,,2026-05-03,1,1,1.0,1.0,False,False,211,False,False
Zomato,Food & Grocery,17.0.9,2026-05-03,,2026-05-03,1,1,1.0,1.0,False,False,212,False,False
Zomato,Food & Grocery,18.0.5,2026-05-03,,2026-09-06,9,9,3.222,0.4444,False,False,213,False,False
Zomato,Food & Grocery,18.1.3,2026-05-03,,2026-08-19,3,3,1.0,1.0,False,False,214,False,False
Zomato,Food & Grocery,19.6.0,2026-05-04,2026-05-05,2026-09-15,628,41,4.261,0.1401,False,True,215,True,True
Zomato,Food & Grocery,17.6.4,2026-05-05,,2026-08-18,3,3,2.333,0.6667,False,False,216,False,False
Zomato,Food & Grocery,13.3.7,2026-05-06,,2026-05-28,2,2,4.5,0.0,False,False,217,False,False
Zomato,Food & Grocery,14.0.7,2026-05-06,,2026-05-06,1,1,5.0,0.0,False,False,218,False,False
Zomato,Food & Grocery,15.0.5,2026-05-06,,2026-05-06,1,1,5.0,0.0,False,False,219,False,False
Zomato,Food & Grocery,17.3.6,2026-05-07,,2026-07-25,3,2,2.667,0.3333,False,False,220,False,False
Zomato,Food & Grocery,19.6.1,2026-05-07,2026-05-08,2026-09-19,4885,104,4.066,0.1904,False,True,221,True,True
Zomato,Food & Grocery,16.0.4,2026-05-08,,2026-08-09,4,4,1.25,1.0,False,False,222,False,False
Zomato,Food & Grocery,16.0.9,2026-05-08,,2026-05-08,1,1,4.0,0.0,False,False,223,False,False
Zomato,Food & Grocery,17.0.2,2026-05-08,,2026-09-05,7,7,3.143,0.4286,False,False,224,False,False
Zomato,Food & Grocery,13.1.6,2026-05-09,,2026-05-09,1,1,5.0,0.0,False,False,225,False,False
Zomato,Food & Grocery,17.2.6,2026-05-09,,2026-09-06,4,4,4.0,0.25,False,False,226,False,False
Zomato,Food & Grocery,16.2.2,2026-05-10,,2026-09-16,4,4,2.0,0.75,False,False,227,False,False
Zomato,Food & Grocery,19.5.9.2,2026-05-10,,2026-05-10,1,1,5.0,0.0,False,False,228,False,False
Zomato,Food & Grocery,13.1.2,2026-05-11,,2026-08-16,3,3,2.0,0.6667,False,False,229,False,False
Zomato,Food & Grocery,16.0.5,2026-05-11,,2026-09-15,3,3,1.333,1.0,False,False,230,False,False
Zomato,Food & Grocery,15.3.1,2026-05-12,,2026-05-12,1,1,3.0,0.0,False,False,231,False,False
Zomato,Food & Grocery,17.6.2,2026-05-12,,2026-09-19,7,7,2.714,0.5714,False,False,232,False,False
Zomato,Food & Grocery,18.5.8,2026-05-12,,2026-09-08,6,6,2.333,0.6667,False,False,233,False,False
Zomato,Food & Grocery,15.0.6,2026-05-14,,2026-05-14,1,1,4.0,0.0,False,False,234,False,False
Zomato,Food & Grocery,17.3.4,2026-05-14,,2026-07-27,4,4,2.5,0.5,False,False,235,False,False
Zomato,Food & Grocery,19.6.2,2026-05-14,2026-05-15,2026-09-17,608,55,3.875,0.2418,False,True,236,True,True
Zomato,Food & Grocery,17.4.7,2026-05-15,,2026-08-03,3,3,2.333,0.6667,False,False,237,False,False
Zomato,Food & Grocery,18.5.0,2026-05-15,,2026-05-15,1,1,5.0,0.0,False,False,238,False,False
Zomato,Food & Grocery,14.2.1,2026-05-16,,2026-05-16,1,1,1.0,1.0,False,False,239,False,False
Zomato,Food & Grocery,16.1.0,2026-05-16,,2026-05-16,1,1,1.0,1.0,False,False,240,False,False
Zomato,Food & Grocery,19.6.3,2026-05-16,2026-05-16,2026-09-20,7154,112,4.197,0.154,False,True,241,True,True
Zomato,Food & Grocery,16.2.3,2026-05-17,,2026-09-18,7,6,3.571,0.2857,False,False,242,False,False
Zomato,Food & Grocery,17.1.5,2026-05-17,,2026-05-17,1,1,1.0,1.0,False,False,243,False,False
Zomato,Food & Grocery,17.6.0,2026-05-17,,2026-09-04,4,4,2.0,0.75,False,False,244,False,False
Zomato,Food & Grocery,16.6.5,2026-05-18,,2026-08-13,7,7,2.143,0.7143,False,False,245,False,False
Zomato,Food & Grocery,15.0.1,2026-05-19,,2026-05-19,1,1,5.0,0.0,False,False,246,False,False
Zomato,Food & Grocery,17.3.3,2026-05-19,,2026-05-19,1,1,5.0,0.0,False,False,247,False,False
Zomato,Food & Grocery,17.8.5,2026-05-20,,2026-07-08,3,3,2.333,0.6667,False,False,248,False,False
Zomato,Food & Grocery,19.6.4,2026-05-20,2026-05-20,2026-09-10,511,34,4.227,0.1468,False,True,249,True,True
Zomato,Food & Grocery,14.0.5,2026-05-21,,2026-05-21,1,1,1.0,1.0,False,False,250,False,False
Zomato,Food & Grocery,16.2.8,2026-05-21,,2026-07-08,2,2,2.5,0.5,False,False,251,False,False
Zomato,Food & Grocery,19.1.9,2026-05-21,,2026-06-12,2,2,3.0,0.5,False,False,252,False,False
Zomato,Food & Grocery,18.1.5,2026-05-22,,2026-08-14,6,6,3.333,0.3333,False,False,253,False,False
Zomato,Food & Grocery,18.8.0,2026-05-23,,2026-08-25,4,4,4.0,0.25,False,False,254,False,False
Zomato,Food & Grocery,19.6.5,2026-05-23,2026-05-23,2026-09-16,3123,83,4.159,0.1591,False,True,255,True,True
Zomato,Food & Grocery,15.7.9,2026-05-24,,2026-05-24,1,1,5.0,0.0,False,False,256,False,False
Zomato,Food & Grocery,16.2.9,2026-05-24,,2026-05-24,1,1,5.0,0.0,False,False,257,False,False
Zomato,Food & Grocery,18.4.7,2026-05-24,,2026-08-09,3,3,2.333,0.6667,False,False,258,False,False
Zomato,Food & Grocery,19.3.3,2026-05-26,,2026-05-26,1,1,5.0,0.0,False,False,259,False,False
Zomato,Food & Grocery,19.6.6,2026-05-27,2026-05-27,2026-09-17,3555,66,4.2,0.1485,False,True,260,True,True
Zomato,Food & Grocery,16.5.9,2026-05-28,,2026-08-25,4,4,3.0,0.5,False,False,261,False,False
Zomato,Food & Grocery,18.6.2,2026-05-28,,2026-08-26,5,5,3.2,0.4,False,False,262,False,False
Zomato,Food & Grocery,19.6.7,2026-05-29,2026-05-29,2026-09-07,668,34,4.216,0.1422,False,True,263,True,True
Zomato,Food & Grocery,13.1.0,2026-05-31,,2026-05-31,1,1,1.0,1.0,False,False,264,False,False
Zomato,Food & Grocery,15.9.5,2026-05-31,,2026-08-21,3,3,2.333,0.6667,False,False,265,False,False
Zomato,Food & Grocery,18.2.1,2026-05-31,,2026-07-21,4,4,4.0,0.25,False,False,266,False,False
Zomato,Food & Grocery,19.6.8,2026-05-31,2026-05-31,2026-09-20,7633,104,4.149,0.1649,False,True,267,True,True
Zomato,Food & Grocery,17.8.8,2026-06-02,,2026-06-02,1,1,5.0,0.0,False,False,268,False,False
Zomato,Food & Grocery,15.7.4,2026-06-04,,2026-06-04,1,1,5.0,0.0,False,False,269,False,False
Zomato,Food & Grocery,11.6.8,2026-06-05,,2026-06-05,1,1,1.0,1.0,False,False,270,False,False
Zomato,Food & Grocery,15.8.0,2026-06-06,,2026-09-06,3,3,3.667,0.3333,False,False,271,False,False
Zomato,Food & Grocery,19.6.8.3,2026-06-06,,2026-06-06,1,1,5.0,0.0,False,False,272,False,False
Zomato,Food & Grocery,19.6.9,2026-06-06,2026-06-06,2026-06-26,45,7,4.333,0.0889,False,True,273,True,True
Zomato,Food & Grocery,12.1.2,2026-06-07,,2026-06-07,1,1,1.0,1.0,False,False,274,False,False
Zomato,Food & Grocery,15.2.3,2026-06-07,,2026-09-06,3,3,1.0,1.0,False,False,275,False,False
Zomato,Food & Grocery,19.7.0,2026-06-07,2026-06-07,2026-09-20,6150,102,4.06,0.1909,False,True,276,True,True
Zomato,Food & Grocery,13.3.4,2026-06-08,,2026-06-08,1,1,1.0,1.0,False,False,277,False,False
Zomato,Food & Grocery,15.8.8,2026-06-08,,2026-08-27,4,4,4.0,0.25,False,False,278,False,False
Zomato,Food & Grocery,8.3.1,2026-06-11,,2026-06-11,1,1,1.0,1.0,False,False,279,False,False
Zomato,Food & Grocery,19.7.1,2026-06-12,2026-06-13,2026-09-19,56,7,4.25,0.1607,False,True,280,True,True
Zomato,Food & Grocery,14.3.9,2026-06-13,,2026-06-13,1,1,1.0,1.0,False,False,281,False,False
Zomato,Food & Grocery,16.3.0,2026-06-13,,2026-06-13,1,1,1.0,1.0,False,False,282,False,False
Zomato,Food & Grocery,15.3.0,2026-06-14,,2026-06-14,1,1,1.0,1.0,False,False,283,False,False
Zomato,Food & Grocery,15.6.7,2026-06-14,,2026-08-06,3,3,3.0,0.3333,False,False,284,False,False
Zomato,Food & Grocery,17.1.7,2026-06-14,,2026-06-14,1,1,1.0,1.0,False,False,285,False,False
Zomato,Food & Grocery,19.7.2,2026-06-14,2026-06-14,2026-09-20,2286,72,3.967,0.2187,False,True,286,True,True
Zomato,Food & Grocery,18.0.7,2026-06-16,,2026-08-23,2,2,4.0,0.0,False,False,287,False,False
Zomato,Food & Grocery,18.1.2,2026-06-16,,2026-06-16,1,1,5.0,0.0,False,False,288,False,False
Zomato,Food & Grocery,13.3.5,2026-06-18,,2026-06-18,1,1,1.0,1.0,False,False,289,False,False
Zomato,Food & Grocery,17.4.8,2026-06-18,,2026-07-09,2,2,3.0,0.5,False,False,290,False,False
Zomato,Food & Grocery,19.7.3,2026-06-19,2026-06-19,2026-09-20,6567,90,4.064,0.1861,False,True,291,True,True
Zomato,Food & Grocery,7.1,2026-06-19,,2026-06-19,1,1,1.0,1.0,False,False,292,False,False
Zomato,Food & Grocery,17.8.3,2026-06-21,,2026-08-08,2,2,3.5,0.5,False,False,293,False,False
Zomato,Food & Grocery,18.5.3,2026-06-21,,2026-06-21,1,1,4.0,0.0,False,False,294,False,False
Zomato,Food & Grocery,17.4.2,2026-06-22,,2026-08-08,2,2,2.5,0.5,False,False,295,False,False
Zomato,Food & Grocery,15.4.0,2026-06-23,,2026-06-23,1,1,5.0,0.0,False,False,296,False,False
Zomato,Food & Grocery,12.2.5,2026-06-24,,2026-08-09,2,2,1.0,1.0,False,False,297,False,False
Zomato,Food & Grocery,13.2.4,2026-06-24,,2026-07-31,3,3,1.0,1.0,False,False,298,False,False
Zomato,Food & Grocery,15.8.3,2026-06-26,,2026-06-26,1,1,5.0,0.0,False,False,299,False,False
Zomato,Food & Grocery,19.7.4,2026-06-26,2026-06-27,2026-09-01,138,20,3.964,0.2101,False,True,300,True,True
Zomato,Food & Grocery,15.8.6,2026-06-27,,2026-08-12,3,3,3.333,0.3333,False,False,301,False,False
Zomato,Food & Grocery,16.0.3,2026-06-28,,2026-09-06,4,4,2.0,0.5,False,False,302,False,False
Zomato,Food & Grocery,19.7.5,2026-06-29,2026-06-29,2026-09-20,2927,69,4.032,0.1978,False,True,303,True,True
Zomato,Food & Grocery,17.3.1,2026-06-30,,2026-08-29,2,2,2.0,0.5,False,False,304,False,False
Zomato,Food & Grocery,18.0.2,2026-06-30,,2026-06-30,1,1,5.0,0.0,False,False,305,False,False
Zomato,Food & Grocery,16.4.4,2026-07-01,,2026-09-05,2,2,3.0,0.5,False,False,306,False,False
Zomato,Food & Grocery,16.2.0,2026-07-02,,2026-07-02,1,1,1.0,1.0,False,False,307,False,False
Zomato,Food & Grocery,19.7.6,2026-07-03,2026-07-03,2026-09-20,4655,78,4.045,0.1931,False,True,308,True,True
Zomato,Food & Grocery,13.3.2,2026-07-04,,2026-09-03,3,3,1.0,1.0,False,False,309,False,False
Zomato,Food & Grocery,17.4.9,2026-07-07,,2026-07-07,1,1,5.0,0.0,False,False,310,False,False
Zomato,Food & Grocery,19.7.7,2026-07-10,2026-07-11,2026-09-20,4616,68,4.079,0.1904,False,True,311,True,True
Zomato,Food & Grocery,13.3.3,2026-07-12,,2026-08-09,2,2,1.0,1.0,False,False,312,False,False
Zomato,Food & Grocery,14.2.5,2026-07-13,,2026-07-13,1,1,1.0,1.0,False,False,313,False,False
Zomato,Food & Grocery,19.7.8,2026-07-17,2026-07-18,2026-09-20,2800,64,4.045,0.1918,False,True,314,True,True
Zomato,Food & Grocery,19.1.6,2026-07-20,,2026-09-08,2,2,3.0,0.5,False,False,315,False,False
Zomato,Food & Grocery,19.0.9,2026-07-21,,2026-08-08,2,2,4.5,0.0,False,False,316,False,False
Zomato,Food & Grocery,18.4.4,2026-07-22,,2026-08-06,2,2,1.0,1.0,False,False,317,False,False
Zomato,Food & Grocery,19.7.9,2026-07-25,2026-07-25,2026-09-20,4493,58,4.052,0.1905,False,True,318,True,True
Zomato,Food & Grocery,14.1.2,2026-07-28,,2026-07-28,1,1,1.0,1.0,False,False,319,False,False
Zomato,Food & Grocery,19.8.0,2026-07-31,2026-07-31,2026-09-20,4793,52,3.907,0.2257,False,True,320,True,True
Zomato,Food & Grocery,14.2.9,2026-08-06,,2026-08-06,1,1,1.0,1.0,False,False,321,False,False
Zomato,Food & Grocery,15.1.4,2026-08-07,,2026-08-07,1,1,1.0,1.0,False,False,322,False,False
Zomato,Food & Grocery,15.6.4,2026-08-07,,2026-08-24,2,2,1.0,1.0,False,False,323,False,False
Zomato,Food & Grocery,19.8.1,2026-08-07,2026-08-08,2026-09-20,5378,45,3.963,0.2136,False,True,324,True,True
Zomato,Food & Grocery,16.3.5,2026-08-08,,2026-08-16,2,2,2.5,0.5,False,False,325,False,False
Zomato,Food & Grocery,14.1.4,2026-08-12,,2026-08-12,1,1,5.0,0.0,False,False,326,False,False
Zomato,Food & Grocery,19.8.1.1,2026-08-13,,2026-08-13,1,1,1.0,1.0,False,False,327,False,False
Zomato,Food & Grocery,14.1.7,2026-08-15,,2026-08-15,1,1,1.0,1.0,False,False,328,False,False
Zomato,Food & Grocery,19.8.2,2026-08-15,2026-08-16,2026-09-19,544,28,3.941,0.2224,False,True,329,True,True
Zomato,Food & Grocery,14.0.6,2026-08-19,,2026-08-19,1,1,1.0,1.0,False,False,330,False,False
Zomato,Food & Grocery,19.8.3,2026-08-19,2026-08-19,2026-09-20,2320,33,4.004,0.2103,False,True,331,True,True
Zomato,Food & Grocery,17.7.3,2026-08-22,,2026-09-20,2,2,3.0,0.5,False,False,332,False,False
Zomato,Food & Grocery,19.8.4,2026-08-22,2026-08-22,2026-09-20,4893,30,3.975,0.2119,False,True,333,True,True
Zomato,Food & Grocery,19.2.0,2026-08-23,,2026-08-23,1,1,1.0,1.0,False,False,334,False,False
Zomato,Food & Grocery,14.2.3,2026-08-25,,2026-09-16,2,2,4.5,0.0,False,False,335,False,False
Zomato,Food & Grocery,19.8.5,2026-08-30,2026-08-30,2026-09-12,70,7,4.157,0.1571,False,True,336,True,True
Zomato,Food & Grocery,19.8.6,2026-09-01,2026-09-01,2026-09-20,5703,20,3.954,0.2157,False,True,337,True,True
Zomato,Food & Grocery,19.8.4.3,2026-09-03,,2026-09-03,1,1,1.0,1.0,False,False,338,False,False
Zomato,Food & Grocery,17.7.9,2026-09-04,,2026-09-04,1,1,5.0,0.0,False,False,339,False,False
Zomato,Food & Grocery,18.3.1,2026-09-04,,2026-09-04,1,1,1.0,1.0,False,False,340,False,False
Zomato,Food & Grocery,12.1.9,2026-09-06,,2026-09-06,1,1,1.0,1.0,False,False,341,False,False
Zomato,Food & Grocery,10.1.3,2026-09-07,,2026-09-07,1,1,1.0,1.0,False,False,342,False,False
Zomato,Food & Grocery,19.8.7,2026-09-10,2026-09-10,2026-09-20,806,11,3.926,0.2295,False,True,343,True,True
Zomato,Food & Grocery,19.8.8,2026-09-15,2026-09-15,2026-09-20,1859,6,4.05,0.1877,False,True,344,True,True
Zomato,Food & Grocery,19.8.9,2026-09-18,2026-09-18,2026-09-20,323,3,4.232,0.1424,False,True,345,True,True
Blinkit,Food & Grocery,14.38.0.4,2026-04-01,,2026-09-06,4,4,3.75,0.25,True,False,1,False,False
Blinkit,Food & Grocery,16.55.0,2026-04-01,,2026-09-15,9,9,3.222,0.4444,True,False,2,False,False
Blinkit,Food & Grocery,16.59.3,2026-04-01,2026-05-28,2026-09-02,17,16,3.882,0.2941,True,False,3,False,False
Blinkit,Food & Grocery,17.1.3,2026-04-01,,2026-08-25,7,6,3.429,0.2857,True,False,4,False,False
Blinkit,Food & Grocery,17.11.1,2026-04-01,2026-06-14,2026-09-17,15,15,3.333,0.3333,True,False,5,False,False
Blinkit,Food & Grocery,17.21.2,2026-04-01,2026-05-08,2026-09-20,26,24,3.615,0.3077,True,False,6,False,False
Blinkit,Food & Grocery,17.23.0,2026-04-01,2026-04-26,2026-09-20,43,39,3.558,0.2791,True,True,7,False,False
Blinkit,Food & Grocery,17.25.2,2026-04-01,2026-05-22,2026-09-17,28,25,3.286,0.3929,True,False,8,False,False
Blinkit,Food & Grocery,17.25.4,2026-04-01,2026-05-11,2026-09-12,38,35,3.711,0.2895,True,True,9,False,False
Blinkit,Food & Grocery,17.27.2,2026-04-01,2026-05-01,2026-09-01,56,52,3.679,0.3214,True,True,10,False,False
Blinkit,Food & Grocery,17.35.0,2026-04-01,2026-05-01,2026-09-16,38,34,3.684,0.2895,True,True,11,False,False
Blinkit,Food & Grocery,17.43.0,2026-04-01,2026-04-11,2026-09-18,59,50,3.356,0.3898,True,True,12,False,False
Blinkit,Food & Grocery,17.43.1,2026-04-01,2026-04-20,2026-09-15,74,58,3.784,0.2838,True,True,13,False,False
Blinkit,Food & Grocery,17.47.1,2026-04-01,2026-04-19,2026-09-20,58,45,3.586,0.3276,True,True,14,False,False
Blinkit,Food & Grocery,17.51.1,2026-04-01,2026-04-14,2026-09-16,86,68,3.907,0.2442,True,True,15,False,False
Blinkit,Food & Grocery,17.55.3,2026-04-01,2026-04-12,2026-09-19,87,62,3.736,0.2529,True,True,16,False,False
Blinkit,Food & Grocery,17.57.0,2026-04-01,2026-04-07,2026-09-20,159,94,3.736,0.2579,True,True,17,False,False
Blinkit,Food & Grocery,17.59.0,2026-04-01,2026-04-13,2026-09-20,89,68,3.944,0.2135,True,True,18,False,False
Blinkit,Food & Grocery,17.61.1,2026-04-01,2026-04-10,2026-09-17,93,66,3.677,0.2796,True,True,19,False,False
Blinkit,Food & Grocery,17.63.1,2026-04-01,2026-04-04,2026-09-20,83,62,3.723,0.2892,True,True,20,False,False
Blinkit,Food & Grocery,17.65.0,2026-04-01,2026-04-03,2026-09-19,317,130,3.89,0.2461,True,True,21,False,False
Blinkit,Food & Grocery,17.67.0,2026-04-01,2026-04-06,2026-09-19,177,107,3.915,0.2373,True,True,22,False,False
Blinkit,Food & Grocery,17.69.0,2026-04-01,2026-04-07,2026-09-19,153,102,3.935,0.2157,True,True,23,False,False
Blinkit,Food & Grocery,17.71.2,2026-04-01,2026-04-02,2026-09-20,475,151,4.065,0.1811,True,True,24,False,False
Blinkit,Food & Grocery,17.73.1,2026-04-01,2026-04-02,2026-09-19,369,131,4.173,0.1626,True,True,25,False,False
Blinkit,Food & Grocery,17.75.0,2026-04-01,2026-05-04,2026-09-18,25,21,4.24,0.16,True,False,26,False,False
Blinkit,Food & Grocery,17.75.1,2026-04-01,2026-04-01,2026-09-20,321,123,4.04,0.2025,True,True,27,False,False
Blinkit,Food & Grocery,17.79.0,2026-04-01,2026-04-01,2026-09-19,460,139,3.928,0.2217,True,True,28,False,False
Blinkit,Food & Grocery,17.79.1,2026-04-01,2026-04-01,2026-09-20,639,142,4.171,0.1612,True,True,29,False,False
Blinkit,Food & Grocery,17.83.1,2026-04-01,2026-04-04,2026-09-16,152,82,4.164,0.1776,True,True,30,False,False
Blinkit,Food & Grocery,17.83.2,2026-04-01,2026-04-01,2026-09-17,263,112,4.027,0.2091,True,True,31,False,False
Blinkit,Food & Grocery,17.83.3,2026-04-01,2026-04-03,2026-09-19,137,82,4.131,0.1898,True,True,32,False,False
Blinkit,Food & Grocery,17.83.4,2026-04-01,2026-04-01,2026-09-17,279,112,4.122,0.1756,True,True,33,False,False
Blinkit,Food & Grocery,17.83.5,2026-04-01,2026-04-01,2026-09-20,1654,153,4.178,0.1554,True,True,34,False,False
Blinkit,Food & Grocery,17.85.0,2026-04-01,2026-04-01,2026-09-14,1605,119,4.168,0.1651,True,True,35,False,False
Blinkit,Food & Grocery,17.87.0,2026-04-01,2026-04-01,2026-09-20,16960,168,4.15,0.169,True,True,36,False,False
Blinkit,Food & Grocery,10.12.51,2026-04-02,,2026-04-02,1,1,1.0,1.0,False,False,37,False,False
Blinkit,Food & Grocery,16.49.1,2026-04-02,,2026-09-18,9,9,3.667,0.3333,False,False,38,False,False
Blinkit,Food & Grocery,17.25.3,2026-04-02,2026-05-17,2026-09-20,20,18,3.65,0.3,False,False,39,False,False
Blinkit,Food & Grocery,17.37.2,2026-04-02,2026-04-23,2026-09-20,58,51,3.431,0.3793,False,True,40,False,False
Blinkit,Food & Grocery,17.39.1,2026-04-02,2026-05-20,2026-09-18,24,21,3.958,0.2083,False,False,41,False,False
Blinkit,Food & Grocery,17.45.1,2026-04-02,2026-04-26,2026-09-12,59,50,3.831,0.2542,False,True,42,False,False
Blinkit,Food & Grocery,17.49.0,2026-04-02,2026-04-07,2026-09-14,120,76,3.517,0.35,False,True,43,False,False
Blinkit,Food & Grocery,17.51.0,2026-04-02,2026-07-25,2026-08-17,11,11,3.545,0.3636,False,False,44,False,False
Blinkit,Food & Grocery,17.53.1,2026-04-02,2026-04-10,2026-09-12,96,75,3.896,0.2292,False,True,45,False,False
Blinkit,Food & Grocery,17.55.1,2026-04-02,2026-04-12,2026-09-19,64,50,3.672,0.2812,False,True,46,False,False
Blinkit,Food & Grocery,16.3.3,2026-04-03,,2026-06-22,3,3,3.333,0.3333,False,False,47,False,False
Blinkit,Food & Grocery,17.47.0,2026-04-03,2026-05-24,2026-09-16,32,26,3.75,0.2812,False,True,48,False,False
Blinkit,Food & Grocery,16.57.2,2026-04-04,2026-07-18,2026-09-06,14,14,3.214,0.4286,False,False,49,False,False
Blinkit,Food & Grocery,17.5.1,2026-04-04,2026-07-11,2026-08-26,12,12,3.75,0.25,False,False,50,False,False
Blinkit,Food & Grocery,15.55.2,2026-04-05,,2026-08-16,6,6,3.0,0.5,False,False,51,False,False
Blinkit,Food & Grocery,15.61.0,2026-04-05,,2026-07-24,3,3,3.667,0.3333,False,False,52,False,False
Blinkit,Food & Grocery,15.67.1,2026-04-05,,2026-05-08,3,3,3.667,0.3333,False,False,53,False,False
Blinkit,Food & Grocery,15.77.2,2026-04-05,,2026-09-17,6,6,2.333,0.6667,False,False,54,False,False
Blinkit,Food & Grocery,17.19.0,2026-04-05,,2026-07-28,8,8,3.375,0.375,False,False,55,False,False
Blinkit,Food & Grocery,17.31.1,2026-04-05,2026-05-04,2026-09-13,41,36,3.951,0.2195,False,True,56,False,False
Blinkit,Food & Grocery,17.21.0,2026-04-06,,2026-09-19,8,8,3.75,0.25,False,False,57,False,False
Blinkit,Food & Grocery,15.3.2,2026-04-08,,2026-04-08,1,1,4.0,0.0,False,False,58,False,False
Blinkit,Food & Grocery,15.97.1,2026-04-08,,2026-08-26,3,3,3.667,0.3333,False,False,59,False,False
Blinkit,Food & Grocery,17.73.0,2026-04-08,2026-06-02,2026-09-13,16,15,3.75,0.25,False,False,60,False,False
Blinkit,Food & Grocery,16.31.0,2026-04-09,,2026-07-13,4,4,3.0,0.5,False,False,61,False,False
Blinkit,Food & Grocery,15.69.2,2026-04-10,,2026-09-08,3,3,4.667,0.0,False,False,62,False,False
Blinkit,Food & Grocery,16.53.1,2026-04-10,,2026-09-16,9,9,3.333,0.4444,False,False,63,False,False
Blinkit,Food & Grocery,17.7.2,2026-04-10,2026-06-21,2026-09-11,19,19,3.368,0.3158,False,False,64,False,False
Blinkit,Food & Grocery,17.83.0,2026-04-10,2026-08-02,2026-08-06,11,11,3.364,0.3636,False,False,65,False,False
Blinkit,Food & Grocery,17.89.0,2026-04-10,2026-04-10,2026-09-20,957,73,4.19,0.1536,False,True,66,True,True
Blinkit,Food & Grocery,15.77.0,2026-04-11,,2026-06-17,2,2,1.5,1.0,False,False,67,False,False
Blinkit,Food & Grocery,16.17.1,2026-04-11,,2026-09-04,3,3,3.333,0.3333,False,False,68,False,False
Blinkit,Food & Grocery,6.2.2,2026-04-12,,2026-04-12,1,1,5.0,0.0,False,False,69,False,False
Blinkit,Food & Grocery,15.101.2,2026-04-13,,2026-07-25,4,4,2.0,0.75,False,False,70,False,False
Blinkit,Food & Grocery,14.24.0.2,2026-04-14,,2026-09-05,3,3,3.667,0.3333,False,False,71,False,False
Blinkit,Food & Grocery,16.21.1,2026-04-14,,2026-04-14,1,1,5.0,0.0,False,False,72,False,False
Blinkit,Food & Grocery,16.43.0,2026-04-14,,2026-08-25,6,6,3.667,0.3333,False,False,73,False,False
Blinkit,Food & Grocery,17.27.1,2026-04-14,,2026-09-18,6,6,3.667,0.3333,False,False,74,False,False
Blinkit,Food & Grocery,17.21.1,2026-04-15,2026-06-21,2026-09-14,18,18,3.944,0.2222,False,False,75,False,False
Blinkit,Food & Grocery,17.89.1,2026-04-15,2026-04-16,2026-09-18,5079,140,3.922,0.2355,False,True,76,True,True
Blinkit,Food & Grocery,14.34.0.0,2026-04-16,,2026-06-06,2,2,2.0,0.5,False,False,77,False,False
Blinkit,Food & Grocery,16.21.3,2026-04-17,,2026-07-21,6,6,3.0,0.5,False,False,78,False,False
Blinkit,Food & Grocery,17.19.2,2026-04-17,,2026-09-03,8,8,3.5,0.375,False,False,79,False,False
Blinkit,Food & Grocery,16.15.0,2026-04-18,,2026-07-02,2,2,1.0,1.0,False,False,80,False,False
Blinkit,Food & Grocery,15.61.1,2026-04-19,,2026-05-24,2,2,3.0,0.5,False,False,81,False,False
Blinkit,Food & Grocery,15.87.1,2026-04-19,,2026-04-19,1,1,5.0,0.0,False,False,82,False,False
Blinkit,Food & Grocery,17.15.0,2026-04-20,2026-06-17,2026-09-14,16,15,2.688,0.5625,False,False,83,False,False
Blinkit,Food & Grocery,14.36.1.0,2026-04-21,,2026-08-21,2,2,3.0,0.5,False,False,84,False,False
Blinkit,Food & Grocery,17.91.0,2026-04-21,2026-04-22,2026-09-20,10609,149,3.946,0.221,False,True,85,True,True
Blinkit,Food & Grocery,15.123.1,2026-04-22,,2026-07-17,2,2,1.5,1.0,False,False,86,False,False
Blinkit,Food & Grocery,15.89.0,2026-04-23,,2026-09-17,5,5,3.0,0.4,False,False,87,False,False
Blinkit,Food & Grocery,16.25.0,2026-04-23,,2026-08-23,4,4,3.25,0.5,False,False,88,False,False
Blinkit,Food & Grocery,15.115.1,2026-04-24,,2026-07-30,4,4,1.0,1.0,False,False,89,False,False
Blinkit,Food & Grocery,17.92.0,2026-04-25,,2026-04-25,1,1,1.0,1.0,False,False,90,False,False
Blinkit,Food & Grocery,5.2.1,2026-04-25,,2026-04-25,1,1,5.0,0.0,False,False,91,False,False
Blinkit,Food & Grocery,16.35.0,2026-04-26,,2026-08-20,5,5,2.6,0.6,False,False,92,False,False
Blinkit,Food & Grocery,14.12.2.0,2026-04-28,,2026-09-07,2,2,1.5,1.0,False,False,93,False,False
Blinkit,Food & Grocery,15.65.0,2026-04-29,,2026-04-29,1,1,1.0,1.0,False,False,94,False,False
Blinkit,Food & Grocery,15.59.0,2026-04-30,,2026-04-30,1,1,1.0,1.0,False,False,95,False,False
Blinkit,Food & Grocery,17.55.0,2026-05-01,,2026-05-01,1,1,1.0,1.0,False,False,96,False,False
Blinkit,Food & Grocery,17.95.1,2026-05-02,2026-05-05,2026-09-07,18,9,3.222,0.3889,False,False,97,False,False
Blinkit,Food & Grocery,17.95.2,2026-05-03,2026-05-04,2026-09-09,71,14,3.887,0.2394,False,True,98,True,True
Blinkit,Food & Grocery,16.33.0,2026-05-04,,2026-07-07,5,5,3.4,0.4,False,False,99,False,False
Blinkit,Food & Grocery,6.4.0,2026-05-04,,2026-05-04,1,1,1.0,1.0,False,False,100,False,False
Blinkit,Food & Grocery,16.21.2,2026-05-05,,2026-05-05,1,1,1.0,1.0,False,False,101,False,False
Blinkit,Food & Grocery,16.37.1,2026-05-05,,2026-07-16,6,6,2.333,0.6667,False,False,102,False,False
Blinkit,Food & Grocery,17.95.3,2026-05-05,2026-05-06,2026-09-20,4356,116,4.123,0.177,False,True,103,True,True
Blinkit,Food & Grocery,11.1.1,2026-05-07,,2026-07-23,2,2,1.0,1.0,False,False,104,False,False
Blinkit,Food & Grocery,15.25.2,2026-05-09,,2026-07-01,2,2,5.0,0.0,False,False,105,False,False
Blinkit,Food & Grocery,16.13.1,2026-05-09,,2026-06-18,2,2,3.0,0.5,False,False,106,False,False
Blinkit,Food & Grocery,16.53.0,2026-05-09,,2026-05-09,1,1,5.0,0.0,False,False,107,False,False
Blinkit,Food & Grocery,14.20.8.1,2026-05-10,,2026-08-04,3,3,2.333,0.6667,False,False,108,False,False
Blinkit,Food & Grocery,16.29.2,2026-05-10,,2026-09-09,3,3,4.667,0.0,False,False,109,False,False
Blinkit,Food & Grocery,15.11.1,2026-05-11,,2026-08-12,2,2,1.0,1.0,False,False,110,False,False
Blinkit,Food & Grocery,17.95.4,2026-05-11,2026-05-11,2026-09-20,8997,127,4.147,0.1684,False,True,111,True,True
Blinkit,Food & Grocery,15.21.1,2026-05-13,,2026-07-15,2,2,5.0,0.0,False,False,112,False,False
Blinkit,Food & Grocery,17.97.0,2026-05-13,2026-05-14,2026-09-19,572,40,4.093,0.1888,False,True,113,True,True
Blinkit,Food & Grocery,14.10.1.0,2026-05-14,,2026-06-11,3,3,3.667,0.3333,False,False,114,False,False
Blinkit,Food & Grocery,15.95.0,2026-05-14,,2026-05-14,1,1,5.0,0.0,False,False,115,False,False
Blinkit,Food & Grocery,15.33.2,2026-05-15,,2026-05-15,1,1,2.0,1.0,False,False,116,False,False
Blinkit,Food & Grocery,17.97.1,2026-05-16,2026-05-17,2026-09-14,2055,88,4.098,0.1849,False,True,117,True,True
Blinkit,Food & Grocery,6.1.1,2026-05-17,,2026-05-17,1,1,1.0,1.0,False,False,118,False,False
Blinkit,Food & Grocery,17.97.2,2026-05-18,2026-05-19,2026-09-19,7282,117,4.148,0.1682,False,True,119,True,True
Blinkit,Food & Grocery,4.1.19,2026-05-19,,2026-05-19,1,1,5.0,0.0,False,False,120,False,False
Blinkit,Food & Grocery,16.47.3,2026-05-20,,2026-09-07,3,3,2.333,0.6667,False,False,121,False,False
Blinkit,Food & Grocery,14.16.0.1,2026-05-21,,2026-09-17,4,4,2.75,0.5,False,False,122,False,False
Blinkit,Food & Grocery,5.2.4,2026-05-21,,2026-09-08,2,2,3.0,0.5,False,False,123,False,False
Blinkit,Food & Grocery,15.27.0,2026-05-22,,2026-05-22,1,1,1.0,1.0,False,False,124,False,False
Blinkit,Food & Grocery,17.97.3,2026-05-22,2026-05-22,2026-09-20,14312,122,4.13,0.1749,False,True,125,True,True
Blinkit,Food & Grocery,14.2.33,2026-05-23,,2026-09-02,2,2,5.0,0.0,False,False,126,False,False
Blinkit,Food & Grocery,17.11.0,2026-05-23,,2026-08-11,2,2,5.0,0.0,False,False,127,False,False
Blinkit,Food & Grocery,5.5.80,2026-05-23,,2026-05-23,1,1,1.0,1.0,False,False,128,False,False
Blinkit,Food & Grocery,15.99.1,2026-05-25,,2026-09-09,4,4,5.0,0.0,False,False,129,False,False
Blinkit,Food & Grocery,13.1.5,2026-05-27,,2026-08-09,3,3,2.333,0.6667,False,False,130,False,False
Blinkit,Food & Grocery,15.51.0,2026-05-27,,2026-06-02,2,2,3.0,0.5,False,False,131,False,False
Blinkit,Food & Grocery,14.18.0.1,2026-05-28,,2026-09-04,3,3,2.333,0.6667,False,False,132,False,False
Blinkit,Food & Grocery,17.99.0,2026-05-28,2026-05-29,2026-09-09,790,40,4.109,0.1848,False,True,133,True,True
Blinkit,Food & Grocery,16.9.0,2026-05-29,,2026-09-16,5,5,2.6,0.6,False,False,134,False,False
Blinkit,Food & Grocery,15.31.1,2026-05-30,,2026-07-05,2,2,1.0,1.0,False,False,135,False,False
Blinkit,Food & Grocery,15.77.1,2026-05-30,,2026-05-30,1,1,1.0,1.0,False,False,136,False,False
Blinkit,Food & Grocery,7.2.0,2026-05-30,,2026-05-30,1,1,5.0,0.0,False,False,137,False,False
Blinkit,Food & Grocery,15.7.1,2026-06-01,,2026-06-01,1,1,1.0,1.0,False,False,138,False,False
Blinkit,Food & Grocery,15.71.0,2026-06-01,,2026-08-14,2,2,3.0,0.5,False,False,139,False,False
Blinkit,Food & Grocery,17.99.1,2026-06-02,2026-06-03,2026-09-20,13244,111,4.122,0.1765,False,True,140,True,True
Blinkit,Food & Grocery,13.3.3,2026-06-03,,2026-06-03,1,1,1.0,1.0,False,False,141,False,False
Blinkit,Food & Grocery,16.7.1,2026-06-03,,2026-07-08,2,2,3.0,0.5,False,False,142,False,False
Blinkit,Food & Grocery,15.29.0,2026-06-04,,2026-09-20,4,4,2.0,0.75,False,False,143,False,False
Blinkit,Food & Grocery,15.103.1,2026-06-05,,2026-08-10,3,3,3.0,0.3333,False,False,144,False,False
Blinkit,Food & Grocery,15.107.2,2026-06-07,,2026-06-07,1,1,5.0,0.0,False,False,145,False,False
Blinkit,Food & Grocery,16.17.2,2026-06-07,,2026-09-02,2,2,3.0,0.5,False,False,146,False,False
Blinkit,Food & Grocery,16.59.2,2026-06-07,,2026-08-22,4,4,3.75,0.25,False,False,147,False,False
Blinkit,Food & Grocery,13.11.2,2026-06-10,,2026-06-10,1,1,1.0,1.0,False,False,148,False,False
Blinkit,Food & Grocery,18.3.0,2026-06-11,2026-06-12,2026-09-20,10246,101,4.154,0.1689,False,True,149,True,True
Blinkit,Food & Grocery,14.10.1.1,2026-06-13,,2026-06-13,1,1,5.0,0.0,False,False,150,False,False
Blinkit,Food & Grocery,15.127.1,2026-06-13,,2026-07-09,2,2,5.0,0.0,False,False,151,False,False
Blinkit,Food & Grocery,13.4.1,2026-06-14,,2026-06-14,1,1,1.0,1.0,False,False,152,False,False
Blinkit,Food & Grocery,14.12.1.0,2026-06-15,,2026-06-15,1,1,1.0,1.0,False,False,153,False,False
Blinkit,Food & Grocery,12.1.1,2026-06-18,,2026-06-18,1,1,1.0,1.0,False,False,154,False,False
Blinkit,Food & Grocery,14.10.1.5,2026-06-18,,2026-06-18,1,1,5.0,0.0,False,False,155,False,False
Blinkit,Food & Grocery,5.5.6,2026-06-19,,2026-06-19,1,1,5.0,0.0,False,False,156,False,False
Blinkit,Food & Grocery,18.7.0,2026-06-20,2026-06-20,2026-09-20,18851,93,4.168,0.1646,False,True,157,True,True
Blinkit,Food & Grocery,15.81.0,2026-06-21,,2026-09-18,3,3,2.0,0.6667,False,False,158,False,False
Blinkit,Food & Grocery,15.113.0,2026-06-22,,2026-06-22,1,1,5.0,0.0,False,False,159,False,False
Blinkit,Food & Grocery,18.6.0,2026-06-24,,2026-06-24,1,1,5.0,0.0,False,False,160,False,False
Blinkit,Food & Grocery,5.1.3,2026-06-24,,2026-06-24,1,1,1.0,1.0,False,False,161,False,False
Blinkit,Food & Grocery,4.1.18,2026-06-28,,2026-06-28,1,1,1.0,1.0,False,False,162,False,False
Blinkit,Food & Grocery,15.11.2,2026-06-30,,2026-07-15,2,2,2.0,0.5,False,False,163,False,False
Blinkit,Food & Grocery,17.61.0,2026-06-30,,2026-08-08,3,3,5.0,0.0,False,False,164,False,False
Blinkit,Food & Grocery,12.5.0,2026-07-01,,2026-07-01,1,1,5.0,0.0,False,False,165,False,False
Blinkit,Food & Grocery,14.6.0.0,2026-07-01,,2026-07-01,1,1,5.0,0.0,False,False,166,False,False
Blinkit,Food & Grocery,15.107.0,2026-07-01,,2026-07-01,1,1,5.0,0.0,False,False,167,False,False
Blinkit,Food & Grocery,10.11.0,2026-07-02,,2026-07-02,1,1,5.0,0.0,False,False,168,False,False
Blinkit,Food & Grocery,18.9.0,2026-07-02,2026-07-04,2026-09-18,22,10,4.727,0.0,False,False,169,False,False
Blinkit,Food & Grocery,15.37.2,2026-07-03,,2026-07-03,1,1,1.0,1.0,False,False,170,False,False
Blinkit,Food & Grocery,16.59.0,2026-07-03,,2026-09-13,3,3,2.667,0.3333,False,False,171,False,False
Blinkit,Food & Grocery,18.9.2,2026-07-04,2026-07-05,2026-09-12,1231,51,4.017,0.199,False,True,172,True,True
Blinkit,Food & Grocery,12.1.3,2026-07-05,,2026-07-05,1,1,1.0,1.0,False,False,173,False,False
Blinkit,Food & Grocery,15.43.2,2026-07-08,,2026-09-18,3,3,4.0,0.0,False,False,174,False,False
Blinkit,Food & Grocery,15.17.3,2026-07-09,,2026-07-09,1,1,5.0,0.0,False,False,175,False,False
Blinkit,Food & Grocery,15.33.1,2026-07-09,,2026-07-09,1,1,1.0,1.0,False,False,176,False,False
Blinkit,Food & Grocery,16.37.0,2026-07-10,,2026-07-10,1,1,4.0,0.0,False,False,177,False,False
Blinkit,Food & Grocery,18.9.3,2026-07-10,2026-07-10,2026-09-20,12089,73,4.212,0.1546,False,True,178,True,True
Blinkit,Food & Grocery,5.3.8,2026-07-11,,2026-07-11,1,1,5.0,0.0,False,False,179,False,False
Blinkit,Food & Grocery,18.13.0,2026-07-16,2026-07-17,2026-09-20,11408,67,4.158,0.1679,False,True,180,True,True
Blinkit,Food & Grocery,14.10.0.3,2026-07-18,,2026-07-18,1,1,1.0,1.0,False,False,181,False,False
Blinkit,Food & Grocery,15.71.2,2026-07-21,,2026-07-21,1,1,1.0,1.0,False,False,182,False,False
Blinkit,Food & Grocery,5.5.54,2026-07-21,,2026-07-21,1,1,1.0,1.0,False,False,183,False,False
Blinkit,Food & Grocery,15.83.0,2026-07-23,,2026-07-23,1,1,4.0,0.0,False,False,184,False,False
Blinkit,Food & Grocery,5.3.2,2026-07-24,,2026-07-24,1,1,1.0,1.0,False,False,185,False,False
Blinkit,Food & Grocery,14.20.0.2,2026-07-25,,2026-08-16,2,2,4.0,0.0,False,False,186,False,False
Blinkit,Food & Grocery,17.7.1,2026-07-25,,2026-07-25,1,1,4.0,0.0,False,False,187,False,False
Blinkit,Food & Grocery,16.27.0,2026-07-29,,2026-09-17,4,4,1.5,0.75,False,False,188,False,False
Blinkit,Food & Grocery,18.15.0,2026-07-29,2026-07-30,2026-09-20,10259,54,4.129,0.1717,False,True,189,True,True
Blinkit,Food & Grocery,14.4.0.3,2026-07-30,,2026-08-22,2,2,2.5,0.5,False,False,190,False,False
Blinkit,Food & Grocery,15.7.2,2026-08-01,,2026-08-06,2,2,4.5,0.0,False,False,191,False,False
Blinkit,Food & Grocery,6.10.0,2026-08-02,,2026-08-02,1,1,2.0,1.0,False,False,192,False,False
Blinkit,Food & Grocery,16.17.0,2026-08-03,,2026-08-03,1,1,4.0,0.0,False,False,193,False,False
Blinkit,Food & Grocery,15.53.0,2026-08-04,,2026-08-04,1,1,5.0,0.0,False,False,194,False,False
Blinkit,Food & Grocery,17.39.0,2026-08-04,,2026-08-04,1,1,2.0,1.0,False,False,195,False,False
Blinkit,Food & Grocery,18.14.0,2026-08-04,,2026-08-04,1,1,5.0,0.0,False,False,196,False,False
Blinkit,Food & Grocery,16.11.0,2026-08-06,,2026-08-06,1,1,1.0,1.0,False,False,197,False,False
Blinkit,Food & Grocery,18.19.0,2026-08-06,2026-08-08,2026-09-20,23602,46,4.112,0.1788,False,True,198,True,True
Blinkit,Food & Grocery,17.98.0,2026-08-07,,2026-08-07,1,1,1.0,1.0,False,False,199,False,False
Blinkit,Food & Grocery,15.55.3,2026-08-14,,2026-08-20,2,2,1.0,1.0,False,False,200,False,False
Blinkit,Food & Grocery,10.1.0,2026-08-15,,2026-08-15,1,1,5.0,0.0,False,False,201,False,False
Blinkit,Food & Grocery,18.20.0,2026-08-17,,2026-08-17,1,1,1.0,1.0,False,False,202,False,False
Blinkit,Food & Grocery,15.41.3,2026-08-18,,2026-08-18,1,1,3.0,0.0,False,False,203,False,False
Blinkit,Food & Grocery,17.27.0,2026-08-20,,2026-08-20,1,1,5.0,0.0,False,False,204,False,False
Blinkit,Food & Grocery,18.23.0,2026-08-23,2026-08-24,2026-09-19,772,28,4.171,0.1697,False,True,205,True,True
Blinkit,Food & Grocery,18.24.0,2026-08-27,,2026-08-30,2,2,3.0,0.5,False,False,206,False,False
Blinkit,Food & Grocery,18.23.1,2026-08-29,2026-08-29,2026-09-20,11935,23,4.103,0.1801,False,True,207,True,True
Blinkit,Food & Grocery,13.9.2,2026-09-03,,2026-09-03,1,1,3.0,0.0,False,False,208,False,False
Blinkit,Food & Grocery,18.26.0,2026-09-03,,2026-09-03,1,1,1.0,1.0,False,False,209,False,False
Blinkit,Food & Grocery,17.25.1,2026-09-04,,2026-09-04,1,1,4.0,0.0,False,False,210,False,False
Blinkit,Food & Grocery,12.7.3,2026-09-05,,2026-09-13,2,2,3.0,0.5,False,False,211,False,False
Blinkit,Food & Grocery,4.2.25,2026-09-05,,2026-09-05,1,1,1.0,1.0,False,False,212,False,False
Blinkit,Food & Grocery,15.111.1,2026-09-07,,2026-09-07,1,1,5.0,0.0,False,False,213,False,False
Blinkit,Food & Grocery,18.29.0,2026-09-10,2026-09-11,2026-09-20,3455,11,4.103,0.1826,False,True,214,True,True
Blinkit,Food & Grocery,14.12.2.4,2026-09-12,,2026-09-12,1,1,2.0,1.0,False,False,215,False,False
Blinkit,Food & Grocery,15.99.0,2026-09-12,,2026-09-12,1,1,1.0,1.0,False,False,216,False,False
Blinkit,Food & Grocery,16.41.0,2026-09-12,,2026-09-20,2,2,3.0,0.5,False,False,217,False,False
Blinkit,Food & Grocery,18.30.0,2026-09-15,,2026-09-17,2,2,5.0,0.0,False,False,218,False,False
Blinkit,Food & Grocery,5.5.73,2026-09-15,,2026-09-15,1,1,5.0,0.0,False,False,219,False,False
Blinkit,Food & Grocery,15.11.0,2026-09-16,,2026-09-16,1,1,1.0,1.0,False,False,220,False,False
Blinkit,Food & Grocery,5.4.25,2026-09-19,,2026-09-19,1,1,5.0,0.0,False,False,221,False,False
Domino's,Food & Grocery,11.7.4,2026-04-01,,2026-06-01,4,4,3.0,0.5,True,False,1,False,False
Domino's,Food & Grocery,12.1.18,2026-04-01,2026-06-01,2026-09-11,23,21,3.391,0.3478,True,False,2,False,False
Domino's,Food & Grocery,12.1.26,2026-04-01,2026-05-24,2026-09-03,17,16,3.824,0.2941,True,False,3,False,False
Domino's,Food & Grocery,12.1.29,2026-04-01,2026-04-17,2026-09-08,29,26,3.724,0.2759,True,False,4,False,False
Domino's,Food & Grocery,12.1.32,2026-04-01,2026-04-13,2026-09-18,43,34,4.07,0.1628,True,True,5,False,False
Domino's,Food & Grocery,12.1.41,2026-04-01,2026-04-02,2026-09-06,144,82,3.826,0.2431,True,True,6,False,False
Domino's,Food & Grocery,12.1.44,2026-04-01,2026-04-02,2026-09-20,267,110,3.996,0.206,True,True,7,False,False
Domino's,Food & Grocery,12.1.46,2026-04-01,2026-04-01,2026-09-19,306,87,4.003,0.1993,True,True,8,False,False
Domino's,Food & Grocery,12.1.47,2026-04-01,2026-04-01,2026-09-14,1917,113,3.985,0.2087,True,True,9,False,False
Domino's,Food & Grocery,12.1.48,2026-04-01,2026-04-03,2026-09-20,4445,151,3.702,0.288,True,True,10,False,False
Domino's,Food & Grocery,11.6.29,2026-04-02,,2026-08-27,8,8,3.375,0.375,False,False,11,False,False
Domino's,Food & Grocery,12.0.08,2026-04-02,,2026-09-01,6,6,3.167,0.5,False,False,12,False,False
Domino's,Food & Grocery,12.0.14,2026-04-02,,2026-09-09,9,9,2.778,0.5556,False,False,13,False,False
Domino's,Food & Grocery,12.1.22,2026-04-02,,2026-09-04,8,8,2.875,0.5,False,False,14,False,False
Domino's,Food & Grocery,12.1.33,2026-04-02,2026-05-02,2026-09-14,33,27,4.152,0.1818,False,True,15,False,False
Domino's,Food & Grocery,12.1.37,2026-04-02,2026-04-03,2026-09-20,122,78,3.762,0.2705,False,True,16,False,False
Domino's,Food & Grocery,12.1.45,2026-04-02,2026-04-17,2026-08-18,33,31,3.545,0.3333,False,True,17,False,False
Domino's,Food & Grocery,12.1.12,2026-04-03,2026-05-28,2026-09-13,25,24,3.28,0.36,False,False,18,False,False
Domino's,Food & Grocery,12.1.14,2026-04-03,2026-09-15,2026-09-15,10,10,3.4,0.4,False,False,19,False,False
Domino's,Food & Grocery,11.0.7,2026-04-04,,2026-09-17,4,4,2.0,0.75,False,False,20,False,False
Domino's,Food & Grocery,11.7.80,2026-04-04,,2026-05-10,2,2,3.0,0.5,False,False,21,False,False
Domino's,Food & Grocery,9.6.25,2026-04-04,,2026-07-10,3,3,2.333,0.6667,False,False,22,False,False
Domino's,Food & Grocery,12.1.11,2026-04-05,2026-07-09,2026-09-10,16,14,2.875,0.5,False,False,23,False,False
Domino's,Food & Grocery,12.1.43,2026-04-05,2026-05-17,2026-08-07,17,16,3.706,0.2353,False,False,24,False,False
Domino's,Food & Grocery,9.8.20,2026-04-05,,2026-08-27,8,8,3.75,0.25,False,False,25,False,False
Domino's,Food & Grocery,11.2.11,2026-04-06,,2026-05-16,3,3,2.333,0.6667,False,False,26,False,False
Domino's,Food & Grocery,11.7.62,2026-04-06,,2026-09-14,5,5,3.4,0.4,False,False,27,False,False
Domino's,Food & Grocery,12.0.03,2026-04-06,,2026-07-24,5,5,4.0,0.2,False,False,28,False,False
Domino's,Food & Grocery,12.1.1,2026-04-06,2026-07-19,2026-09-16,14,14,3.5,0.3571,False,False,29,False,False
Domino's,Food & Grocery,12.1.19,2026-04-06,,2026-08-01,2,2,1.5,1.0,False,False,30,False,False
Domino's,Food & Grocery,12.0.16,2026-04-07,,2026-07-08,7,7,3.857,0.2857,False,False,31,False,False
Domino's,Food & Grocery,9.8.7,2026-04-07,,2026-09-12,4,4,3.0,0.5,False,False,32,False,False
Domino's,Food & Grocery,11.4.17,2026-04-09,,2026-08-10,2,2,3.0,0.5,False,False,33,False,False
Domino's,Food & Grocery,12.1.23,2026-04-09,2026-05-12,2026-09-19,23,21,2.739,0.5217,False,False,34,False,False
Domino's,Food & Grocery,12.1.28,2026-04-09,,2026-04-09,1,1,4.0,0.0,False,False,35,False,False
Domino's,Food & Grocery,12.1.34,2026-04-09,,2026-05-27,3,3,4.0,0.3333,False,False,36,False,False
Domino's,Food & Grocery,11.5.02,2026-04-10,,2026-05-25,2,2,1.0,1.0,False,False,37,False,False
Domino's,Food & Grocery,11.7.86,2026-04-10,,2026-08-08,5,5,4.6,0.0,False,False,38,False,False
Domino's,Food & Grocery,8.6.7,2026-04-10,,2026-04-10,1,1,1.0,1.0,False,False,39,False,False
Domino's,Food & Grocery,9.1.18,2026-04-10,,2026-04-10,1,1,5.0,0.0,False,False,40,False,False
Domino's,Food & Grocery,11.4.15,2026-04-11,,2026-08-15,2,2,1.0,1.0,False,False,41,False,False
Domino's,Food & Grocery,11.6.4,2026-04-11,,2026-07-13,3,3,2.333,0.6667,False,False,42,False,False
Domino's,Food & Grocery,11.7.87,2026-04-11,,2026-08-11,3,3,3.667,0.3333,False,False,43,False,False
Domino's,Food & Grocery,12.0.06,2026-04-11,,2026-07-06,3,3,4.333,0.0,False,False,44,False,False
Domino's,Food & Grocery,12.0.12,2026-04-11,,2026-09-20,6,6,3.833,0.1667,False,False,45,False,False
Domino's,Food & Grocery,11.7.88,2026-04-12,,2026-07-27,3,3,2.333,0.6667,False,False,46,False,False
Domino's,Food & Grocery,12.1.9,2026-04-12,,2026-08-30,6,6,4.5,0.0,False,False,47,False,False
Domino's,Food & Grocery,11.7.89,2026-04-13,2026-08-24,2026-08-24,10,9,3.8,0.3,False,False,48,False,False
Domino's,Food & Grocery,11.2.3,2026-04-14,,2026-06-25,3,3,2.667,0.6667,False,False,49,False,False
Domino's,Food & Grocery,11.4.07,2026-04-14,,2026-09-17,3,3,4.0,0.3333,False,False,50,False,False
Domino's,Food & Grocery,10.0.74,2026-04-15,,2026-04-15,1,1,1.0,1.0,False,False,51,False,False
Domino's,Food & Grocery,12.1.7,2026-04-15,,2026-08-02,4,4,2.75,0.5,False,False,52,False,False
Domino's,Food & Grocery,12.1.42,2026-04-17,2026-07-06,2026-09-13,13,13,3.769,0.2308,False,False,53,False,False
Domino's,Food & Grocery,9.6.14,2026-04-17,,2026-08-09,4,4,2.0,0.75,False,False,54,False,False
Domino's,Food & Grocery,9.8.18,2026-04-17,,2026-06-13,4,4,2.75,0.5,False,False,55,False,False
Domino's,Food & Grocery,10.0.1,2026-04-18,,2026-04-18,1,1,1.0,1.0,False,False,56,False,False
Domino's,Food & Grocery,11.6.13,2026-04-18,,2026-09-19,4,4,2.0,0.75,False,False,57,False,False
Domino's,Food & Grocery,11.6.16,2026-04-18,,2026-09-06,5,5,4.2,0.2,False,False,58,False,False
Domino's,Food & Grocery,9.3.6,2026-04-18,,2026-06-13,2,2,2.0,0.5,False,False,59,False,False
Domino's,Food & Grocery,9.5.5,2026-04-18,,2026-06-30,2,2,5.0,0.0,False,False,60,False,False
Domino's,Food & Grocery,9.6.10,2026-04-19,,2026-08-20,4,4,3.0,0.5,False,False,61,False,False
Domino's,Food & Grocery,11.4.10,2026-04-22,,2026-04-22,1,1,1.0,1.0,False,False,62,False,False
Domino's,Food & Grocery,12.1.16,2026-04-23,2026-09-05,2026-09-05,10,10,3.2,0.4,False,False,63,False,False
Domino's,Food & Grocery,11.0.11,2026-04-24,,2026-08-28,5,5,1.0,1.0,False,False,64,False,False
Domino's,Food & Grocery,10.0.62,2026-04-25,,2026-06-28,2,2,1.0,1.0,False,False,65,False,False
Domino's,Food & Grocery,11.7.1,2026-04-26,,2026-06-23,3,3,1.0,1.0,False,False,66,False,False
Domino's,Food & Grocery,11.7.83,2026-04-26,,2026-07-23,9,8,4.0,0.2222,False,False,67,False,False
Domino's,Food & Grocery,12.1.49,2026-04-27,2026-04-30,2026-09-20,2132,95,4.012,0.205,False,True,68,True,True
Domino's,Food & Grocery,11.6.15,2026-04-30,,2026-09-07,3,3,2.333,0.6667,False,False,69,False,False
Domino's,Food & Grocery,8.6.1,2026-05-03,,2026-05-03,1,1,2.0,1.0,False,False,70,False,False
Domino's,Food & Grocery,10.0.16,2026-05-04,,2026-09-16,6,6,2.333,0.6667,False,False,71,False,False
Domino's,Food & Grocery,12.0.05,2026-05-06,,2026-09-11,6,6,2.167,0.6667,False,False,72,False,False
Domino's,Food & Grocery,12.0.01,2026-05-07,,2026-09-18,6,6,3.0,0.5,False,False,73,False,False
Domino's,Food & Grocery,12.1.50,2026-05-07,2026-05-10,2026-09-20,1968,96,3.986,0.2083,False,True,74,True,True
Domino's,Food & Grocery,9.8.16,2026-05-09,,2026-09-05,3,3,3.667,0.3333,False,False,75,False,False
Domino's,Food & Grocery,12.0.04,2026-05-10,,2026-08-23,4,4,3.75,0.25,False,False,76,False,False
Domino's,Food & Grocery,10.0.75,2026-05-11,,2026-07-05,2,2,1.0,1.0,False,False,77,False,False
Domino's,Food & Grocery,12.1.51,2026-05-20,2026-05-20,2026-09-15,3228,108,3.923,0.2283,False,True,78,True,True
Domino's,Food & Grocery,11.7.61,2026-05-27,,2026-09-11,3,3,2.333,0.6667,False,False,79,False,False
Domino's,Food & Grocery,12.2.2,2026-05-28,2026-06-01,2026-09-20,1966,84,4.026,0.2019,False,True,80,True,True
Domino's,Food & Grocery,11.6.28,2026-05-29,,2026-09-08,3,3,3.333,0.3333,False,False,81,False,False
Domino's,Food & Grocery,5.5.5,2026-05-30,,2026-05-30,1,1,1.0,1.0,False,False,82,False,False
Domino's,Food & Grocery,11.3.0,2026-06-02,,2026-09-20,2,2,3.0,0.5,False,False,83,False,False
Domino's,Food & Grocery,9.2.40,2026-06-03,,2026-06-03,1,1,1.0,1.0,False,False,84,False,False
Domino's,Food & Grocery,12.1.27,2026-06-05,,2026-06-05,1,1,5.0,0.0,False,False,85,False,False
Domino's,Food & Grocery,12.2.3,2026-06-06,2026-06-09,2026-09-19,2702,90,4.038,0.1976,False,True,86,True,True
Domino's,Food & Grocery,11.0.25,2026-06-07,,2026-08-17,2,2,4.5,0.0,False,False,87,False,False
Domino's,Food & Grocery,11.0.41,2026-06-10,,2026-06-10,1,1,5.0,0.0,False,False,88,False,False
Domino's,Food & Grocery,9.6.20,2026-06-11,,2026-09-13,3,3,1.0,1.0,False,False,89,False,False
Domino's,Food & Grocery,11.4.24,2026-06-12,,2026-08-05,3,3,4.667,0.0,False,False,90,False,False
Domino's,Food & Grocery,9.6.5,2026-06-12,,2026-09-15,3,3,1.0,1.0,False,False,91,False,False
Domino's,Food & Grocery,9.7.4,2026-06-13,,2026-06-13,1,1,5.0,0.0,False,False,92,False,False
Domino's,Food & Grocery,9.0.5,2026-06-15,,2026-06-15,1,1,1.0,1.0,False,False,93,False,False
Domino's,Food & Grocery,9.5.12,2026-06-20,,2026-06-20,1,1,1.0,1.0,False,False,94,False,False
Domino's,Food & Grocery,9.2.66,2026-06-21,,2026-07-31,2,2,3.0,0.5,False,False,95,False,False
Domino's,Food & Grocery,11.4.0,2026-06-22,,2026-08-14,3,3,3.667,0.3333,False,False,96,False,False
Domino's,Food & Grocery,12.2.5,2026-06-24,2026-06-25,2026-09-20,1573,72,3.944,0.2238,False,True,97,True,True
Domino's,Food & Grocery,9.2.24,2026-06-24,,2026-06-24,1,1,1.0,1.0,False,False,98,False,False
Domino's,Food & Grocery,10.0.81,2026-06-26,,2026-06-26,1,1,1.0,1.0,False,False,99,False,False
Domino's,Food & Grocery,11.6.59,2026-06-26,,2026-09-19,6,6,2.333,0.6667,False,False,100,False,False
Domino's,Food & Grocery,12.2.6,2026-06-26,2026-06-27,2026-09-20,2953,77,4.103,0.1785,False,True,101,True,True
Domino's,Food & Grocery,9.2.17,2026-06-26,,2026-06-26,1,1,1.0,1.0,False,False,102,False,False
Domino's,Food & Grocery,11.0.24,2026-07-05,,2026-07-05,1,1,1.0,1.0,False,False,103,False,False
Domino's,Food & Grocery,9.8.15,2026-07-07,,2026-07-07,1,1,1.0,1.0,False,False,104,False,False
Domino's,Food & Grocery,12.2.8,2026-07-09,,2026-07-12,5,3,5.0,0.0,False,False,105,False,False
Domino's,Food & Grocery,12.2.9,2026-07-13,2026-07-15,2026-09-20,1630,59,4.076,0.1914,False,True,106,True,True
Domino's,Food & Grocery,11.7.5,2026-07-15,,2026-07-31,4,4,3.0,0.5,False,False,107,False,False
Domino's,Food & Grocery,12.3.0,2026-07-16,2026-07-21,2026-09-17,670,44,4.158,0.1672,False,True,108,True,True
Domino's,Food & Grocery,11.0.30,2026-07-17,,2026-08-15,2,2,3.0,0.5,False,False,109,False,False
Domino's,Food & Grocery,11.4.25,2026-07-18,,2026-09-07,2,2,1.0,1.0,False,False,110,False,False
Domino's,Food & Grocery,12.3.1,2026-07-25,2026-07-26,2026-09-20,1554,55,4.018,0.1988,False,True,111,True,True
Domino's,Food & Grocery,12.3.2,2026-07-30,2026-07-30,2026-09-20,2259,52,3.956,0.2076,False,True,112,True,True
Domino's,Food & Grocery,11.4.21,2026-07-31,,2026-07-31,1,1,1.0,1.0,False,False,113,False,False
Domino's,Food & Grocery,12.3.4,2026-08-08,2026-08-11,2026-09-20,4392,44,4.084,0.1851,False,True,114,True,True
Domino's,Food & Grocery,11.4.03,2026-08-09,,2026-08-09,1,1,5.0,0.0,False,False,115,False,False
Domino's,Food & Grocery,10.0.3,2026-08-18,,2026-08-18,1,1,5.0,0.0,False,False,116,False,False
Domino's,Food & Grocery,12.3.6,2026-08-22,2026-08-26,2026-09-20,2301,28,4.097,0.1834,False,True,117,True,True
Domino's,Food & Grocery,11.4.20,2026-09-05,,2026-09-05,1,1,1.0,1.0,False,False,118,False,False
Domino's,Food & Grocery,10.0.10,2026-09-08,,2026-09-08,1,1,4.0,0.0,False,False,119,False,False
Domino's,Food & Grocery,11.2.0,2026-09-10,,2026-09-10,1,1,1.0,1.0,False,False,120,False,False
Domino's,Food & Grocery,12.3.7,2026-09-10,2026-09-11,2026-09-20,701,11,4.044,0.2011,False,True,121,True,True
Domino's,Food & Grocery,12.3.8,2026-09-12,2026-09-14,2026-09-20,337,8,4.033,0.1929,False,True,122,True,True
Domino's,Food & Grocery,9.8.32,2026-09-12,,2026-09-12,1,1,5.0,0.0,False,False,123,False,False
Domino's,Food & Grocery,12.3.9,2026-09-16,2026-09-16,2026-09-20,396,5,4.028,0.1995,False,True,124,True,True
Domino's,Food & Grocery,12.3.11,2026-09-17,2026-09-18,2026-09-20,333,4,4.102,0.1862,False,True,125,True,True
Myntra,Shopping,4.2112.3,2026-04-01,,2026-08-12,4,4,3.0,0.5,True,False,1,False,False
Myntra,Shopping,4.2303.10,2026-04-01,,2026-09-01,4,4,2.25,0.5,True,False,2,False,False
Myntra,Shopping,4.2408.10,2026-04-01,2026-06-16,2026-09-14,21,21,4.048,0.2381,True,False,3,False,False
Myntra,Shopping,4.2408.20,2026-04-01,2026-06-16,2026-09-17,21,20,4.476,0.0952,True,False,4,False,False
Myntra,Shopping,4.2410.10,2026-04-01,2026-07-20,2026-09-11,15,15,3.867,0.2667,True,False,5,False,False
Myntra,Shopping,4.2412.21,2026-04-01,2026-07-09,2026-09-11,18,17,3.778,0.2778,True,False,6,False,False
Myntra,Shopping,4.2508.20,2026-04-01,2026-04-01,2026-09-20,951,169,4.495,0.0999,True,True,7,False,False
Myntra,Shopping,4.2511.13,2026-04-01,2026-04-05,2026-09-11,149,92,4.376,0.1275,True,True,8,False,False
Myntra,Shopping,4.2512.10,2026-04-01,2026-04-14,2026-09-20,66,55,4.667,0.0606,True,True,9,False,False
Myntra,Shopping,4.2512.21,2026-04-01,2026-04-05,2026-09-19,189,110,4.64,0.0582,True,True,10,False,False
Myntra,Shopping,4.2601.20,2026-04-01,2026-04-03,2026-09-15,166,98,4.566,0.0783,True,True,11,False,False
Myntra,Shopping,4.2602.11,2026-04-01,2026-04-01,2026-09-20,733,144,4.581,0.0737,True,True,12,False,False
Myntra,Shopping,4.2602.22,2026-04-01,2026-04-01,2026-09-20,815,133,4.598,0.0712,True,True,13,False,False
Myntra,Shopping,4.2603.10,2026-04-01,2026-04-01,2026-09-19,3062,129,4.518,0.0947,True,True,14,False,False
Myntra,Shopping,4.2603.20,2026-04-01,2026-04-02,2026-09-20,5322,152,4.537,0.0921,True,True,15,False,False
Myntra,Shopping,3.37.3,2026-04-02,,2026-07-04,2,2,3.5,0.5,False,False,16,False,False
Myntra,Shopping,4.2403.20,2026-04-02,,2026-07-28,5,5,3.6,0.2,False,False,17,False,False
Myntra,Shopping,4.2405.10,2026-04-02,2026-08-02,2026-08-31,12,12,4.333,0.0833,False,False,18,False,False
Myntra,Shopping,4.2409.11,2026-04-02,2026-04-19,2026-09-20,54,44,4.056,0.2037,False,True,19,False,False
Myntra,Shopping,4.2501.20,2026-04-02,2026-06-08,2026-08-04,14,14,4.071,0.2143,False,False,20,False,False
Myntra,Shopping,4.2507.10,2026-04-02,2026-06-06,2026-09-07,23,23,4.609,0.087,False,False,21,False,False
Myntra,Shopping,4.2107.5,2026-04-03,,2026-08-17,7,7,4.286,0.1429,False,False,22,False,False
Myntra,Shopping,4.2406.20,2026-04-03,2026-06-01,2026-08-30,15,13,4.267,0.2,False,False,23,False,False
Myntra,Shopping,4.2506.10,2026-04-03,2026-05-18,2026-09-12,25,24,4.36,0.16,False,False,24,False,False
Myntra,Shopping,4.2106.1,2026-04-04,,2026-04-04,1,1,5.0,0.0,False,False,25,False,False
Myntra,Shopping,4.2301.21,2026-04-04,,2026-08-17,9,9,4.0,0.2222,False,False,26,False,False
Myntra,Shopping,4.2402.10,2026-04-04,2026-08-04,2026-08-04,10,10,4.6,0.1,False,False,27,False,False
Myntra,Shopping,4.2506.21,2026-04-04,2026-05-07,2026-09-20,27,26,4.407,0.1111,False,False,28,False,False
Myntra,Shopping,4.2508.11,2026-04-04,,2026-09-03,6,6,4.333,0.1667,False,False,29,False,False
Myntra,Shopping,4.2309.11,2026-04-05,,2026-09-13,5,5,3.2,0.4,False,False,30,False,False
Myntra,Shopping,4.2309.20,2026-04-05,2026-08-15,2026-09-12,14,14,3.857,0.2857,False,False,31,False,False
Myntra,Shopping,4.2407.10,2026-04-05,2026-07-04,2026-09-19,16,14,4.0,0.25,False,False,32,False,False
Myntra,Shopping,4.2507.20,2026-04-05,2026-05-13,2026-09-13,40,36,4.575,0.075,False,True,33,False,False
Myntra,Shopping,4.2510.13,2026-04-05,2026-05-18,2026-09-16,32,29,4.219,0.1562,False,True,34,False,False
Myntra,Shopping,4.2411.11,2026-04-06,,2026-06-20,5,5,4.2,0.2,False,False,35,False,False
Myntra,Shopping,4.2601.10,2026-04-06,2026-07-30,2026-08-16,11,11,4.364,0.0909,False,False,36,False,False
Myntra,Shopping,4.2510.21,2026-04-07,2026-06-06,2026-09-05,22,18,4.364,0.1364,False,False,37,False,False
Myntra,Shopping,4.2204.1,2026-04-08,2026-08-12,2026-09-08,14,13,3.929,0.2857,False,False,38,False,False
Myntra,Shopping,4.2305.11,2026-04-08,,2026-08-30,6,6,2.5,0.5,False,False,39,False,False
Myntra,Shopping,4.2403.10,2026-04-08,,2026-08-27,9,8,4.111,0.2222,False,False,40,False,False
Myntra,Shopping,4.2502.11,2026-04-08,2026-06-08,2026-09-07,21,21,4.333,0.1429,False,False,41,False,False
Myntra,Shopping,4.2505.12,2026-04-08,2026-05-06,2026-08-29,40,34,4.35,0.125,False,True,42,False,False
Myntra,Shopping,3.26.5,2026-04-09,,2026-04-09,1,1,1.0,1.0,False,False,43,False,False
Myntra,Shopping,4.2406.10,2026-04-10,2026-07-30,2026-08-26,13,13,3.0,0.5385,False,False,44,False,False
Myntra,Shopping,4.2305.10,2026-04-11,,2026-07-17,4,4,4.25,0.25,False,False,45,False,False
Myntra,Shopping,4.2306.10,2026-04-11,,2026-08-13,5,5,3.0,0.6,False,False,46,False,False
Myntra,Shopping,4.2001.3,2026-04-12,,2026-06-29,2,2,5.0,0.0,False,False,47,False,False
Myntra,Shopping,4.2410.20,2026-04-12,,2026-06-14,5,5,4.2,0.2,False,False,48,False,False
Myntra,Shopping,4.2207.3,2026-04-13,,2026-09-10,9,8,3.444,0.3333,False,False,49,False,False
Myntra,Shopping,4.2311.20,2026-04-13,2026-06-28,2026-09-10,13,13,3.692,0.3077,False,False,50,False,False
Myntra,Shopping,4.2604.10,2026-04-13,2026-04-14,2026-09-19,2418,92,4.499,0.1017,False,True,51,True,True
Myntra,Shopping,4.2407.20,2026-04-14,2026-07-27,2026-09-07,14,13,4.643,0.0714,False,False,52,False,False
Myntra,Shopping,4.2511.12,2026-04-14,,2026-07-05,2,2,5.0,0.0,False,False,53,False,False
Myntra,Shopping,4.2504.10,2026-04-15,,2026-09-20,5,5,4.2,0.2,False,False,54,False,False
Myntra,Shopping,4.2107.2,2026-04-16,,2026-04-16,1,1,5.0,0.0,False,False,55,False,False
Myntra,Shopping,4.2301.11,2026-04-16,,2026-09-19,7,7,4.429,0.1429,False,False,56,False,False
Myntra,Shopping,4.2309.10,2026-04-16,,2026-07-18,2,2,5.0,0.0,False,False,57,False,False
Myntra,Shopping,4.2310.20,2026-04-16,,2026-09-03,8,8,3.25,0.375,False,False,58,False,False
Myntra,Shopping,4.2105.1,2026-04-17,,2026-09-18,7,7,4.143,0.1429,False,False,59,False,False
Myntra,Shopping,4.2511.10,2026-04-17,,2026-09-14,7,7,4.429,0.1429,False,False,60,False,False
Myntra,Shopping,4.2404.11,2026-04-18,,2026-08-05,7,7,3.143,0.4286,False,False,61,False,False
Myntra,Shopping,4.2510.12,2026-04-18,,2026-04-18,1,1,5.0,0.0,False,False,62,False,False
Myntra,Shopping,4.2504.21,2026-04-19,,2026-09-20,9,9,4.111,0.2222,False,False,63,False,False
Myntra,Shopping,4.2304.11,2026-04-20,,2026-08-24,2,2,3.0,0.5,False,False,64,False,False
Myntra,Shopping,4.2307.20,2026-04-22,,2026-07-15,4,4,5.0,0.0,False,False,65,False,False
Myntra,Shopping,4.2210.2,2026-04-24,,2026-08-20,7,6,4.429,0.1429,False,False,66,False,False
Myntra,Shopping,4.2604.20,2026-04-24,2026-04-26,2026-09-20,8221,145,4.574,0.0805,False,True,67,True,True
Myntra,Shopping,4.2107.3,2026-04-26,,2026-08-18,5,5,5.0,0.0,False,False,68,False,False
Myntra,Shopping,3.34.1,2026-04-30,,2026-04-30,1,1,1.0,1.0,False,False,69,False,False
Myntra,Shopping,4.2102.2,2026-04-30,,2026-08-25,3,3,3.667,0.3333,False,False,70,False,False
Myntra,Shopping,4.2401.20,2026-05-02,,2026-09-17,5,5,4.2,0.2,False,False,71,False,False
Myntra,Shopping,4.2411.21,2026-05-02,2026-07-22,2026-09-04,14,14,3.786,0.2857,False,False,72,False,False
Myntra,Shopping,4.2206.2,2026-05-05,,2026-08-24,9,9,2.333,0.6667,False,False,73,False,False
Myntra,Shopping,4.1910.3,2026-05-06,,2026-05-06,1,1,5.0,0.0,False,False,74,False,False
Myntra,Shopping,4.2401.10,2026-05-06,,2026-07-31,5,5,3.4,0.4,False,False,75,False,False
Myntra,Shopping,4.2212.0,2026-05-07,,2026-09-20,3,3,2.0,0.6667,False,False,76,False,False
Myntra,Shopping,4.2311.10,2026-05-07,,2026-07-25,3,3,3.667,0.3333,False,False,77,False,False
Myntra,Shopping,4.2605.11,2026-05-08,2026-05-09,2026-09-13,865,55,4.59,0.0809,False,True,78,True,True
Myntra,Shopping,4.2501.10,2026-05-09,,2026-09-04,6,5,5.0,0.0,False,False,79,False,False
Myntra,Shopping,4.2411.20,2026-05-11,,2026-08-30,3,3,5.0,0.0,False,False,80,False,False
Myntra,Shopping,4.2009.1,2026-05-12,,2026-09-18,3,3,1.0,1.0,False,False,81,False,False
Myntra,Shopping,4.2308.11,2026-05-12,,2026-05-12,1,1,1.0,1.0,False,False,82,False,False
Myntra,Shopping,4.2303.20,2026-05-13,,2026-09-08,6,6,5.0,0.0,False,False,83,False,False
Myntra,Shopping,4.2404.22,2026-05-13,,2026-09-12,4,4,2.75,0.5,False,False,84,False,False
Myntra,Shopping,4.2011.2,2026-05-14,,2026-07-18,4,4,2.0,0.75,False,False,85,False,False
Myntra,Shopping,4.2203.6,2026-05-14,,2026-06-27,3,3,2.333,0.6667,False,False,86,False,False
Myntra,Shopping,4.2006.4,2026-05-15,,2026-05-15,1,1,5.0,0.0,False,False,87,False,False
Myntra,Shopping,4.2302.11,2026-05-16,,2026-08-11,2,2,5.0,0.0,False,False,88,False,False
Myntra,Shopping,4.2312.22,2026-05-18,,2026-09-17,4,4,5.0,0.0,False,False,89,False,False
Myntra,Shopping,4.2302.20,2026-05-20,,2026-08-06,2,2,1.0,1.0,False,False,90,False,False
Myntra,Shopping,4.2308.20,2026-05-20,,2026-08-23,2,2,3.0,0.5,False,False,91,False,False
Myntra,Shopping,4.2605.21,2026-05-20,2026-05-21,2026-09-18,9338,119,4.532,0.0928,False,True,92,True,True
Myntra,Shopping,4.2307.10,2026-05-22,,2026-09-16,4,4,3.75,0.25,False,False,93,False,False
Myntra,Shopping,4.2202.2,2026-05-24,,2026-08-22,3,3,3.667,0.3333,False,False,94,False,False
Myntra,Shopping,4.2111.1,2026-05-25,,2026-05-30,2,2,3.0,0.5,False,False,95,False,False
Myntra,Shopping,4.2605.32,2026-05-27,2026-05-29,2026-09-18,869,58,4.499,0.0967,False,True,96,True,True
Myntra,Shopping,4.2110.2,2026-05-28,,2026-08-13,5,5,4.2,0.2,False,False,97,False,False
Myntra,Shopping,4.2012.1,2026-06-05,,2026-08-24,2,2,3.0,0.5,False,False,98,False,False
Myntra,Shopping,4.2503.21,2026-06-05,,2026-09-17,9,9,4.556,0.1111,False,False,99,False,False
Myntra,Shopping,4.2503.10,2026-06-06,,2026-07-29,2,2,3.0,0.5,False,False,100,False,False
Myntra,Shopping,4.2606.11,2026-06-10,2026-06-11,2026-09-20,3608,95,4.454,0.1114,False,True,101,True,True
Myntra,Shopping,4.2008.1,2026-06-15,,2026-06-29,2,2,3.5,0.5,False,False,102,False,False
Myntra,Shopping,4.2606.20,2026-06-19,2026-06-21,2026-09-16,2133,74,4.574,0.083,False,True,103,True,True
Myntra,Shopping,3.28.1,2026-06-20,,2026-06-20,1,1,1.0,1.0,False,False,104,False,False
Myntra,Shopping,4.2606.30,2026-06-26,2026-06-28,2026-09-19,5540,84,4.594,0.0783,False,True,105,True,True
Myntra,Shopping,3.29.3,2026-06-27,,2026-06-27,1,1,5.0,0.0,False,False,106,False,False
Myntra,Shopping,4.2606.41,2026-07-03,2026-07-05,2026-08-22,71,19,4.296,0.1549,False,True,107,True,True
Myntra,Shopping,3.35.4,2026-07-06,,2026-07-06,1,1,2.0,1.0,False,False,108,False,False
Myntra,Shopping,4.2606.43,2026-07-07,2026-07-08,2026-09-16,242,30,4.459,0.1033,False,True,109,True,True
Myntra,Shopping,4.2306.21,2026-07-08,,2026-09-07,8,8,3.25,0.375,False,False,110,False,False
Myntra,Shopping,4.2209.3,2026-07-09,,2026-08-27,3,3,5.0,0.0,False,False,111,False,False
Myntra,Shopping,4.2607.11,2026-07-11,2026-07-12,2026-09-20,4709,72,4.55,0.0869,False,True,112,True,True
Myntra,Shopping,4.2607.20,2026-07-16,2026-07-19,2026-09-09,335,33,4.507,0.1045,False,True,113,True,True
Myntra,Shopping,3.31.1,2026-07-17,,2026-07-17,1,1,5.0,0.0,False,False,114,False,False
Myntra,Shopping,3.32.0,2026-07-18,,2026-07-18,1,1,5.0,0.0,False,False,115,False,False
Myntra,Shopping,3.25.1,2026-07-23,,2026-07-23,1,1,5.0,0.0,False,False,116,False,False
Myntra,Shopping,4.2607.31,2026-07-25,2026-07-30,2026-08-28,11,5,5.0,0.0,False,False,117,False,False
Myntra,Shopping,4.2607.32,2026-07-25,2026-07-26,2026-09-20,4188,57,4.517,0.0965,False,True,118,True,True
Myntra,Shopping,4.2104.1,2026-07-29,,2026-09-08,2,2,5.0,0.0,False,False,119,False,False
Myntra,Shopping,4.2209.1,2026-08-01,,2026-08-01,1,1,5.0,0.0,False,False,120,False,False
Myntra,Shopping,3.38.0,2026-08-02,,2026-08-02,1,1,5.0,0.0,False,False,121,False,False
Myntra,Shopping,4.2607.42,2026-08-04,2026-08-05,2026-08-30,34,14,4.676,0.0588,False,True,122,True,True
Myntra,Shopping,4.2607.43,2026-08-05,2026-08-06,2026-09-20,3131,47,4.432,0.1172,False,True,123,True,True
Myntra,Shopping,4.2005.2,2026-08-09,,2026-08-09,1,1,5.0,0.0,False,False,124,False,False
Myntra,Shopping,4.2608.12,2026-08-12,,2026-08-12,1,1,5.0,0.0,False,False,125,False,False
Myntra,Shopping,4.2608.20,2026-08-13,2026-08-14,2026-09-20,5504,39,4.427,0.1194,False,True,126,True,True
Myntra,Shopping,4.2203.5,2026-08-17,,2026-08-17,1,1,1.0,1.0,False,False,127,False,False
Myntra,Shopping,4.2606.31,2026-08-18,2026-08-19,2026-09-20,370,29,4.224,0.1649,False,True,128,False,False
Myntra,Shopping,4.2608.30,2026-08-23,2026-08-24,2026-09-18,327,24,4.398,0.1193,False,True,129,True,True
Myntra,Shopping,4.2007.2,2026-08-25,,2026-08-25,1,1,5.0,0.0,False,False,130,False,False
Myntra,Shopping,4.2608.40,2026-08-28,2026-08-30,2026-09-20,5634,24,4.46,0.1111,False,True,131,True,True
Myntra,Shopping,3.38.1,2026-09-04,,2026-09-04,1,1,5.0,0.0,False,False,132,False,False
Myntra,Shopping,2.8.6,2026-09-10,,2026-09-10,1,1,5.0,0.0,False,False,133,False,False
Myntra,Shopping,3.27.1,2026-09-10,,2026-09-10,1,1,5.0,0.0,False,False,134,False,False
Myntra,Shopping,4.2609.20,2026-09-14,2026-09-15,2026-09-20,104,7,4.519,0.1058,False,True,135,True,True
Myntra,Shopping,4.1912.4,2026-09-16,,2026-09-16,1,1,5.0,0.0,False,False,136,False,False
Myntra,Shopping,4.2609.30,2026-09-17,2026-09-18,2026-09-20,95,4,4.274,0.1789,False,True,137,True,True
Myntra,Shopping,4.1911.6,2026-09-19,,2026-09-19,1,1,5.0,0.0,False,False,138,False,False
Flipkart,Shopping,7.30,2026-04-01,2026-06-27,2026-09-20,24,21,3.125,0.4167,True,False,1,False,False
Flipkart,Shopping,7.40,2026-04-01,2026-06-24,2026-08-31,20,20,2.65,0.55,True,False,2,False,False
Flipkart,Shopping,7.41,2026-04-01,2026-07-04,2026-09-06,12,12,4.417,0.0833,True,False,3,False,False
Flipkart,Shopping,7.51,2026-04-01,2026-05-29,2026-09-19,22,18,3.318,0.4091,True,False,4,False,False
Flipkart,Shopping,7.52,2026-04-01,2026-04-07,2026-09-20,121,83,3.215,0.4132,True,True,5,False,False
Flipkart,Shopping,7.53,2026-04-01,2026-07-30,2026-09-11,15,14,3.133,0.4,True,False,6,False,False
Flipkart,Shopping,7.57,2026-04-01,2026-07-05,2026-09-19,15,14,3.067,0.4667,True,False,7,False,False
Flipkart,Shopping,7.58,2026-04-01,2026-07-02,2026-09-19,19,18,3.895,0.2632,True,False,8,False,False
Flipkart,Shopping,7.61,2026-04-01,2026-05-24,2026-09-07,13,12,3.615,0.3077,True,False,9,False,False
Flipkart,Shopping,7.67,2026-04-01,2026-04-28,2026-09-20,71,59,3.225,0.4085,True,True,10,False,False
Flipkart,Shopping,7.75,2026-04-01,2026-04-13,2026-09-20,92,68,3.315,0.3696,True,True,11,False,False
Flipkart,Shopping,7.77,2026-04-01,2026-05-02,2026-09-19,42,38,3.595,0.3095,True,True,12,False,False
Flipkart,Shopping,7.80,2026-04-01,2026-06-02,2026-09-11,34,34,3.765,0.2647,True,True,13,False,False
Flipkart,Shopping,7.83,2026-04-01,2026-05-14,2026-09-16,52,44,3.038,0.4231,True,True,14,False,False
Flipkart,Shopping,7.85,2026-04-01,2026-04-07,2026-09-14,91,64,3.495,0.3297,True,True,15,False,False
Flipkart,Shopping,8.0,2026-04-01,2026-04-17,2026-09-20,72,57,3.347,0.375,True,True,16,False,False
Flipkart,Shopping,8.10,2026-04-01,2026-04-07,2026-09-19,243,121,3.716,0.2593,True,True,17,False,False
Flipkart,Shopping,8.11,2026-04-01,2026-04-11,2026-09-16,109,85,3.917,0.2385,True,True,18,False,False
Flipkart,Shopping,8.13,2026-04-01,2026-04-05,2026-09-20,313,140,3.786,0.23,True,True,19,False,False
Flipkart,Shopping,8.15,2026-04-01,2026-04-08,2026-09-19,135,86,3.756,0.2593,True,True,20,False,False
Flipkart,Shopping,8.16,2026-04-01,2026-04-09,2026-09-20,135,92,3.941,0.2148,True,True,21,False,False
Flipkart,Shopping,8.17,2026-04-01,2026-04-08,2026-09-18,121,88,3.769,0.2562,True,True,22,False,False
Flipkart,Shopping,8.18,2026-04-01,2026-04-09,2026-09-20,177,103,3.955,0.2034,True,True,23,False,False
Flipkart,Shopping,8.19,2026-04-01,2026-04-06,2026-09-19,131,85,4.038,0.1603,True,True,24,False,False
Flipkart,Shopping,8.20,2026-04-01,2026-04-05,2026-09-20,176,106,3.722,0.2841,True,True,25,False,False
Flipkart,Shopping,8.21,2026-04-01,2026-04-06,2026-09-20,193,121,3.995,0.2124,True,True,26,False,False
Flipkart,Shopping,8.22,2026-04-01,2026-04-04,2026-09-19,210,123,4.014,0.2,True,True,27,False,False
Flipkart,Shopping,8.24,2026-04-01,2026-04-03,2026-09-15,201,109,4.1,0.1741,True,True,28,False,False
Flipkart,Shopping,8.25,2026-04-01,2026-04-09,2026-09-19,144,102,3.951,0.2014,True,True,29,False,False
Flipkart,Shopping,8.26,2026-04-01,2026-04-03,2026-09-20,218,118,4.046,0.1835,True,True,30,False,False
Flipkart,Shopping,8.27,2026-04-01,2026-04-02,2026-09-19,283,135,4.057,0.1908,True,True,31,False,False
Flipkart,Shopping,8.28,2026-04-01,2026-04-06,2026-09-19,201,112,3.92,0.2139,True,True,32,False,False
Flipkart,Shopping,8.29,2026-04-01,2026-04-03,2026-09-20,302,127,3.947,0.2053,True,True,33,False,False
Flipkart,Shopping,8.31,2026-04-01,2026-04-07,2026-09-20,204,116,3.828,0.2451,True,True,34,False,False
Flipkart,Shopping,8.32,2026-04-01,2026-04-01,2026-09-20,1484,170,3.98,0.1914,True,True,35,False,False
Flipkart,Shopping,8.33,2026-04-01,2026-04-02,2026-09-20,619,164,4.208,0.1357,True,True,36,False,False
Flipkart,Shopping,8.34,2026-04-01,2026-04-03,2026-09-20,352,144,4.048,0.1761,True,True,37,False,False
Flipkart,Shopping,8.35,2026-04-01,2026-04-03,2026-09-20,474,153,3.989,0.1983,True,True,38,False,False
Flipkart,Shopping,8.36,2026-04-01,2026-04-04,2026-09-20,142,91,4.296,0.1268,True,True,39,False,False
Flipkart,Shopping,8.37,2026-04-01,2026-04-02,2026-09-20,822,163,4.062,0.1667,True,True,40,False,False
Flipkart,Shopping,8.38,2026-04-01,2026-04-02,2026-09-20,571,157,4.072,0.1699,True,True,41,False,False
Flipkart,Shopping,8.39,2026-04-01,2026-04-01,2026-09-20,1432,168,4.148,0.1543,True,True,42,False,False
Flipkart,Shopping,8.40,2026-04-01,2026-04-01,2026-09-20,434,143,4.198,0.1406,True,True,43,False,False
Flipkart,Shopping,8.41,2026-04-01,2026-04-01,2026-09-20,448,142,4.056,0.1808,True,True,44,False,False
Flipkart,Shopping,8.42,2026-04-01,2026-04-01,2026-09-20,2538,172,4.307,0.1143,True,True,45,False,False
Flipkart,Shopping,8.6,2026-04-01,2026-07-05,2026-09-15,17,17,3.471,0.2941,True,False,46,False,False
Flipkart,Shopping,9.0,2026-04-01,2026-04-01,2026-09-20,5950,173,4.273,0.1235,True,True,47,False,False
Flipkart,Shopping,9.1,2026-04-01,2026-04-01,2026-09-20,14065,173,4.229,0.1401,True,True,48,False,False
Flipkart,Shopping,7.20,2026-04-02,,2026-09-13,8,8,3.25,0.375,False,False,49,False,False
Flipkart,Shopping,7.21,2026-04-02,,2026-05-20,3,3,2.333,0.6667,False,False,50,False,False
Flipkart,Shopping,7.44,2026-04-02,2026-07-11,2026-09-16,12,12,3.25,0.3333,False,False,51,False,False
Flipkart,Shopping,7.65,2026-04-02,2026-05-08,2026-09-18,51,44,3.569,0.2941,False,True,52,False,False
Flipkart,Shopping,7.66,2026-04-02,2026-06-13,2026-08-26,25,24,3.12,0.44,False,False,53,False,False
Flipkart,Shopping,7.71,2026-04-02,2026-05-09,2026-09-14,64,53,3.297,0.3906,False,True,54,False,False
Flipkart,Shopping,8.1,2026-04-02,2026-05-28,2026-09-07,27,26,2.889,0.5185,False,False,55,False,False
Flipkart,Shopping,8.23,2026-04-02,2026-04-13,2026-09-20,147,102,4.014,0.2177,False,True,56,False,False
Flipkart,Shopping,8.30,2026-04-02,2026-04-11,2026-09-20,111,79,4.054,0.1712,False,True,57,False,False
Flipkart,Shopping,8.5,2026-04-02,2026-06-04,2026-09-10,32,28,3.938,0.2188,False,True,58,False,False
Flipkart,Shopping,8.7,2026-04-02,2026-04-18,2026-09-20,81,65,3.889,0.2099,False,True,59,False,False
Flipkart,Shopping,7.12,2026-04-03,2026-07-14,2026-09-15,25,20,2.56,0.52,False,False,60,False,False
Flipkart,Shopping,7.37,2026-04-03,,2026-07-31,8,8,3.125,0.375,False,False,61,False,False
Flipkart,Shopping,7.47,2026-04-03,,2026-06-26,8,8,2.25,0.625,False,False,62,False,False
Flipkart,Shopping,7.68,2026-04-03,2026-06-04,2026-09-12,25,25,3.72,0.24,False,False,63,False,False
Flipkart,Shopping,7.69,2026-04-03,2026-06-16,2026-09-17,26,25,3.769,0.2692,False,False,64,False,False
Flipkart,Shopping,7.76,2026-04-03,2026-06-09,2026-09-04,22,21,3.227,0.3182,False,False,65,False,False
Flipkart,Shopping,7.81,2026-04-03,2026-05-31,2026-09-17,24,23,3.375,0.375,False,False,66,False,False
Flipkart,Shopping,8.2,2026-04-03,2026-04-16,2026-09-17,48,39,3.604,0.2708,False,True,67,False,False
Flipkart,Shopping,8.9,2026-04-03,2026-04-18,2026-09-19,102,79,3.755,0.2451,False,True,68,False,False
Flipkart,Shopping,7.27,2026-04-04,2026-08-12,2026-09-18,14,13,3.214,0.4286,False,False,69,False,False
Flipkart,Shopping,7.28,2026-04-04,2026-08-12,2026-09-01,11,10,1.909,0.7273,False,False,70,False,False
Flipkart,Shopping,7.29,2026-04-04,2026-04-21,2026-09-19,80,67,2.862,0.525,False,True,71,False,False
Flipkart,Shopping,7.36,2026-04-04,2026-08-06,2026-08-24,13,13,3.769,0.2308,False,False,72,False,False
Flipkart,Shopping,7.43,2026-04-04,2026-05-31,2026-09-19,31,27,2.774,0.5484,False,True,73,False,False
Flipkart,Shopping,7.60,2026-04-04,2026-06-14,2026-09-16,17,17,2.765,0.5294,False,False,74,False,False
Flipkart,Shopping,7.62,2026-04-04,2026-06-25,2026-09-16,24,22,2.875,0.5417,False,False,75,False,False
Flipkart,Shopping,7.70,2026-04-04,2026-07-28,2026-09-13,14,13,3.714,0.2857,False,False,76,False,False
Flipkart,Shopping,7.84,2026-04-04,2026-05-19,2026-09-04,29,28,3.897,0.2069,False,False,77,False,False
Flipkart,Shopping,8.12,2026-04-04,2026-05-22,2026-09-15,49,43,3.571,0.3469,False,True,78,False,False
Flipkart,Shopping,8.14,2026-04-04,2026-04-10,2026-09-14,147,97,3.524,0.3061,False,True,79,False,False
Flipkart,Shopping,8.3,2026-04-04,2026-04-23,2026-09-16,60,51,3.767,0.25,False,True,80,False,False
Flipkart,Shopping,8.8,2026-04-04,2026-04-19,2026-09-19,51,41,3.373,0.3529,False,True,81,False,False
Flipkart,Shopping,9.2,2026-04-04,2026-04-06,2026-09-20,13956,170,4.128,0.1686,False,True,82,True,True
Flipkart,Shopping,7.13,2026-04-06,2026-08-31,2026-09-15,11,10,2.182,0.7273,False,False,83,False,False
Flipkart,Shopping,7.42,2026-04-06,,2026-07-05,6,6,2.667,0.5,False,False,84,False,False
Flipkart,Shopping,7.45,2026-04-06,,2026-08-21,6,6,4.333,0.1667,False,False,85,False,False
Flipkart,Shopping,7.73,2026-04-06,2026-05-20,2026-09-13,41,37,3.829,0.2439,False,True,86,False,False
Flipkart,Shopping,7.78,2026-04-06,2026-06-10,2026-09-14,24,23,3.375,0.3333,False,False,87,False,False
Flipkart,Shopping,7.82,2026-04-06,2026-05-10,2026-09-20,41,36,3.488,0.3415,False,True,88,False,False
Flipkart,Shopping,7.1,2026-04-07,,2026-09-01,4,4,4.0,0.25,False,False,89,False,False
Flipkart,Shopping,7.24,2026-04-07,,2026-08-24,8,8,2.375,0.625,False,False,90,False,False
Flipkart,Shopping,7.33,2026-04-07,,2026-09-07,5,5,3.6,0.2,False,False,91,False,False
Flipkart,Shopping,7.55,2026-04-07,2026-07-04,2026-09-20,16,15,3.5,0.3125,False,False,92,False,False
Flipkart,Shopping,7.22,2026-04-08,2026-05-15,2026-09-06,21,19,2.667,0.5714,False,False,93,False,False
Flipkart,Shopping,7.34,2026-04-08,2026-06-08,2026-09-16,23,22,2.826,0.5217,False,False,94,False,False
Flipkart,Shopping,7.59,2026-04-08,2026-07-16,2026-09-02,22,18,2.909,0.5,False,False,95,False,False
Flipkart,Shopping,7.8,2026-04-08,,2026-08-12,6,6,1.5,0.8333,False,False,96,False,False
Flipkart,Shopping,8.4,2026-04-08,2026-04-27,2026-09-15,71,55,3.662,0.2817,False,True,97,False,False
Flipkart,Shopping,6.19,2026-04-09,,2026-06-24,6,6,1.0,1.0,False,False,98,False,False
Flipkart,Shopping,7.48,2026-04-09,2026-06-19,2026-09-18,23,21,2.783,0.5217,False,False,99,False,False
Flipkart,Shopping,7.74,2026-04-09,2026-05-07,2026-09-13,61,49,2.885,0.5082,False,True,100,False,False
Flipkart,Shopping,6.9,2026-04-10,,2026-08-29,2,2,1.0,1.0,False,False,101,False,False
Flipkart,Shopping,7.14,2026-04-10,,2026-08-28,6,6,3.0,0.5,False,False,102,False,False
Flipkart,Shopping,7.2,2026-04-10,,2026-09-12,3,3,1.0,1.0,False,False,103,False,False
Flipkart,Shopping,7.79,2026-04-10,2026-06-13,2026-09-03,27,24,3.889,0.2222,False,False,104,False,False
Flipkart,Shopping,7.25,2026-04-11,2026-05-30,2026-09-19,30,28,3.467,0.3667,False,True,105,False,False
Flipkart,Shopping,7.32,2026-04-11,2026-08-11,2026-09-07,13,12,3.077,0.3846,False,False,106,False,False
Flipkart,Shopping,7.56,2026-04-11,2026-06-13,2026-09-15,21,20,2.905,0.4762,False,False,107,False,False
Flipkart,Shopping,7.7,2026-04-11,,2026-08-29,3,3,1.0,1.0,False,False,108,False,False
Flipkart,Shopping,4.4.2,2026-04-12,,2026-04-12,1,1,1.0,1.0,False,False,109,False,False
Flipkart,Shopping,6.14,2026-04-12,,2026-09-10,4,4,2.5,0.5,False,False,110,False,False
Flipkart,Shopping,7.26,2026-04-13,,2026-09-08,6,6,2.833,0.5,False,False,111,False,False
Flipkart,Shopping,6.2.1,2026-04-14,,2026-04-14,1,1,1.0,1.0,False,False,112,False,False
Flipkart,Shopping,7.19,2026-04-14,,2026-09-19,8,8,2.5,0.625,False,False,113,False,False
Flipkart,Shopping,5.14,2026-04-16,,2026-09-03,9,9,2.333,0.6667,False,False,114,False,False
Flipkart,Shopping,7.3,2026-04-16,,2026-07-30,4,4,2.5,0.5,False,False,115,False,False
Flipkart,Shopping,7.72,2026-04-16,2026-09-07,2026-09-19,12,12,2.667,0.5,False,False,116,False,False
Flipkart,Shopping,9.3,2026-04-16,2026-04-16,2026-09-20,9837,158,3.893,0.2281,False,True,117,True,True
Flipkart,Shopping,4.2,2026-04-17,,2026-05-18,3,3,1.333,1.0,False,False,118,False,False
Flipkart,Shopping,6.10,2026-04-18,,2026-09-17,2,2,2.0,0.5,False,False,119,False,False
Flipkart,Shopping,6.13,2026-04-18,,2026-09-17,7,7,2.429,0.5714,False,False,120,False,False
Flipkart,Shopping,6.17,2026-04-18,2026-07-04,2026-09-19,21,21,1.905,0.7619,False,False,121,False,False
Flipkart,Shopping,7.17,2026-04-19,,2026-07-13,3,3,2.333,0.6667,False,False,122,False,False
Flipkart,Shopping,6.7,2026-04-20,,2026-08-19,5,5,1.6,0.8,False,False,123,False,False
Flipkart,Shopping,7.46,2026-04-21,2026-07-09,2026-09-04,20,19,3.6,0.3,False,False,124,False,False
Flipkart,Shopping,7.49,2026-04-21,2026-06-09,2026-09-06,25,24,3.48,0.36,False,False,125,False,False
Flipkart,Shopping,5.3,2026-04-22,,2026-08-18,4,4,1.25,1.0,False,False,126,False,False
Flipkart,Shopping,6.12,2026-04-22,,2026-08-25,3,3,2.333,0.6667,False,False,127,False,False
Flipkart,Shopping,7.64,2026-04-23,2026-08-08,2026-09-12,14,14,3.429,0.2857,False,False,128,False,False
Flipkart,Shopping,7.50,2026-04-28,,2026-09-07,8,8,4.25,0.125,False,False,129,False,False
Flipkart,Shopping,5.4,2026-04-29,,2026-07-18,2,2,3.0,0.5,False,False,130,False,False
Flipkart,Shopping,7.15,2026-04-30,,2026-09-15,5,5,4.2,0.2,False,False,131,False,False
Flipkart,Shopping,9.4,2026-04-30,2026-05-03,2026-09-20,45248,143,4.167,0.1556,False,True,132,True,True
Flipkart,Shopping,6.6,2026-05-04,,2026-09-17,3,3,3.667,0.3333,False,False,133,False,False
Flipkart,Shopping,7.9,2026-05-05,,2026-07-18,3,3,2.333,0.6667,False,False,134,False,False
Flipkart,Shopping,5.9,2026-05-06,,2026-05-06,1,1,1.0,1.0,False,False,135,False,False
Flipkart,Shopping,7.10,2026-05-06,,2026-08-26,6,6,3.333,0.3333,False,False,136,False,False
Flipkart,Shopping,7.63,2026-05-09,2026-06-02,2026-09-18,30,29,2.833,0.5333,False,True,137,False,False
Flipkart,Shopping,6.16,2026-05-10,,2026-08-10,5,5,1.8,0.8,False,False,138,False,False
Flipkart,Shopping,7.16,2026-05-10,,2026-08-18,7,7,3.714,0.2857,False,False,139,False,False
Flipkart,Shopping,6.11,2026-05-11,,2026-07-10,2,2,1.0,1.0,False,False,140,False,False
Flipkart,Shopping,7.31,2026-05-11,2026-08-16,2026-08-16,10,10,3.7,0.2,False,False,141,False,False
Flipkart,Shopping,7.54,2026-05-11,,2026-09-06,5,5,2.8,0.6,False,False,142,False,False
Flipkart,Shopping,2.4.5,2026-05-15,,2026-05-15,1,1,1.0,1.0,False,False,143,False,False
Flipkart,Shopping,7.38,2026-05-15,,2026-08-24,8,7,2.0,0.75,False,False,144,False,False
Flipkart,Shopping,7.39,2026-05-15,2026-08-12,2026-08-23,11,11,2.727,0.5455,False,False,145,False,False
Flipkart,Shopping,5.16,2026-05-16,,2026-05-16,1,1,4.0,0.0,False,False,146,False,False
Flipkart,Shopping,7.18,2026-05-16,,2026-09-12,3,2,4.0,0.0,False,False,147,False,False
Flipkart,Shopping,6.4,2026-05-19,,2026-08-21,3,3,1.0,1.0,False,False,148,False,False
Flipkart,Shopping,6.3,2026-05-24,,2026-09-13,5,5,2.2,0.6,False,False,149,False,False
Flipkart,Shopping,7.35,2026-05-24,,2026-08-25,8,7,3.75,0.25,False,False,150,False,False
Flipkart,Shopping,7.6,2026-05-28,,2026-08-25,5,5,2.4,0.6,False,False,151,False,False
Flipkart,Shopping,9.5,2026-05-29,2026-05-29,2026-09-20,11873,115,4.164,0.1588,False,True,152,True,True
Flipkart,Shopping,3.4.0.5,2026-05-31,,2026-05-31,1,1,2.0,1.0,False,False,153,False,False
Flipkart,Shopping,3.3,2026-06-01,,2026-06-01,1,1,1.0,1.0,False,False,154,False,False
Flipkart,Shopping,3.4.0.4,2026-06-02,,2026-06-02,1,1,1.0,1.0,False,False,155,False,False
Flipkart,Shopping,7.4,2026-06-03,,2026-06-30,2,2,3.0,0.5,False,False,156,False,False
Flipkart,Shopping,2.3.1,2026-06-05,,2026-06-05,1,1,1.0,1.0,False,False,157,False,False
Flipkart,Shopping,9.6,2026-06-10,2026-06-11,2026-09-20,16014,103,4.146,0.1632,False,True,158,True,True
Flipkart,Shopping,5.17,2026-06-12,,2026-09-16,2,2,4.5,0.0,False,False,159,False,False
Flipkart,Shopping,5.11,2026-06-17,,2026-09-12,3,3,1.333,1.0,False,False,160,False,False
Flipkart,Shopping,9.7,2026-06-21,2026-06-22,2026-09-20,42841,92,4.164,0.1571,False,True,161,True,True
Flipkart,Shopping,6.18,2026-06-22,,2026-07-01,2,2,3.0,0.5,False,False,162,False,False
Flipkart,Shopping,6.0,2026-06-30,,2026-08-24,3,3,1.0,1.0,False,False,163,False,False
Flipkart,Shopping,5.2,2026-07-02,,2026-07-02,1,1,5.0,0.0,False,False,164,False,False
Flipkart,Shopping,3.0.2.1,2026-07-07,,2026-07-07,1,1,5.0,0.0,False,False,165,False,False
Flipkart,Shopping,5.10,2026-07-11,,2026-08-14,2,2,2.5,0.5,False,False,166,False,False
Flipkart,Shopping,5.7,2026-07-13,,2026-08-21,2,2,1.0,1.0,False,False,167,False,False
Flipkart,Shopping,9.8,2026-07-15,2026-07-17,2026-09-20,26421,68,4.154,0.16,False,True,168,True,True
Flipkart,Shopping,7.5,2026-07-24,,2026-09-16,3,3,3.667,0.3333,False,False,169,False,False
Flipkart,Shopping,2.4.1,2026-07-25,,2026-07-25,1,1,1.0,1.0,False,False,170,False,False
Flipkart,Shopping,4.6,2026-07-29,,2026-07-29,1,1,1.0,1.0,False,False,171,False,False
Flipkart,Shopping,9.9,2026-08-01,2026-08-04,2026-09-20,16077,50,4.007,0.2017,False,True,172,True,True
Flipkart,Shopping,3.1,2026-08-13,,2026-08-13,1,1,1.0,1.0,False,False,173,False,False
Flipkart,Shopping,9.10,2026-08-18,2026-08-18,2026-09-20,10348,34,4.019,0.1957,False,True,174,True,True
Flipkart,Shopping,2.5.2,2026-08-27,,2026-08-27,1,1,1.0,1.0,False,False,175,False,False
Flipkart,Shopping,9.11,2026-08-31,2026-09-01,2026-09-20,4515,21,4.029,0.194,False,True,176,True,True
Flipkart,Shopping,5.8,2026-09-03,,2026-09-03,1,1,1.0,1.0,False,False,177,False,False
Flipkart,Shopping,5.13,2026-09-04,,2026-09-04,1,1,5.0,0.0,False,False,178,False,False
Flipkart,Shopping,9.12,2026-09-04,2026-09-06,2026-09-20,2183,17,3.975,0.2093,False,True,179,True,True
Flipkart,Shopping,6.8.1,2026-09-06,,2026-09-06,1,1,1.0,1.0,False,False,180,False,False
Flipkart,Shopping,9.13,2026-09-07,2026-09-08,2026-09-20,5677,14,3.99,0.2033,False,True,181,True,True
Flipkart,Shopping,9.14,2026-09-12,2026-09-13,2026-09-20,83,9,3.795,0.2289,False,True,182,True,True
Flipkart,Shopping,6.1,2026-09-16,,2026-09-16,1,1,1.0,1.0,False,False,183,False,False
Flipkart,Shopping,9.15,2026-09-16,2026-09-16,2026-09-20,1776,5,3.986,0.2061,False,True,184,True,True
Amazon,Shopping,12.2.0.300,2026-04-01,2026-08-30,2026-08-30,10,9,3.2,0.4,True,False,1,False,False
Amazon,Shopping,16.18.0.300,2026-04-01,,2026-04-01,1,1,1.0,1.0,True,False,2,False,False
Amazon,Shopping,20.14.0.300,2026-04-01,2026-05-12,2026-09-10,60,49,4.083,0.1833,True,True,3,False,False
Amazon,Shopping,22.14.2.350,2026-04-01,2026-04-07,2026-09-20,206,115,2.947,0.4854,True,True,4,False,False
Amazon,Shopping,24.16.4.300,2026-04-01,,2026-05-25,2,2,5.0,0.0,True,False,5,False,False
Amazon,Shopping,26.12.2.300,2026-04-01,2026-06-21,2026-07-07,11,11,2.636,0.5455,True,False,6,False,False
Amazon,Shopping,26.16.2.350,2026-04-01,2026-04-20,2026-08-24,68,54,2.794,0.5147,True,True,7,False,False
Amazon,Shopping,26.19.4.300,2026-04-01,2026-07-14,2026-09-05,15,14,2.267,0.6667,True,False,8,False,False
Amazon,Shopping,26.3.0.300,2026-04-01,,2026-09-06,7,7,2.857,0.4286,True,False,9,False,False
Amazon,Shopping,28.23.2.300,2026-04-01,2026-05-18,2026-09-09,38,32,2.132,0.7105,True,True,10,False,False
Amazon,Shopping,30.16.0.300,2026-04-01,2026-05-26,2026-09-06,27,22,2.926,0.4815,True,False,11,False,False
Amazon,Shopping,30.22.0.300,2026-04-01,2026-04-13,2026-09-20,63,54,2.73,0.5397,True,True,12,False,False
Amazon,Shopping,30.22.2.300,2026-04-01,2026-04-05,2026-09-20,117,76,3.068,0.453,True,True,13,False,False
Amazon,Shopping,32.1.0.300,2026-04-01,,2026-07-12,8,8,3.375,0.375,True,False,14,False,False
Amazon,Shopping,32.1.2.300,2026-04-01,2026-04-13,2026-09-18,100,75,3.15,0.43,True,True,15,False,False
Amazon,Shopping,32.2.2.300,2026-04-01,2026-04-18,2026-09-14,53,47,3.528,0.3396,True,True,16,False,False
Amazon,Shopping,32.3.0.300,2026-04-01,2026-04-03,2026-09-19,157,88,3.076,0.4331,True,True,17,False,False
Amazon,Shopping,32.4.0.300,2026-04-01,2026-04-03,2026-09-20,155,93,2.961,0.4903,True,True,18,False,False
Amazon,Shopping,32.5.0.300,2026-04-01,2026-04-01,2026-09-20,270,93,3.181,0.4111,True,True,19,False,False
Amazon,Shopping,32.6.0.300,2026-04-01,2026-04-01,2026-09-20,797,103,3.274,0.3965,True,True,20,False,False
Amazon,Shopping,32.7.0.300,2026-04-01,2026-04-02,2026-09-18,2087,119,2.981,0.4744,True,True,21,False,False
Amazon,Shopping,18.15.3.300,2026-04-02,2026-06-12,2026-09-20,31,28,4.355,0.129,False,True,22,False,False
Amazon,Shopping,22.1.0.300,2026-04-02,,2026-08-13,3,3,3.667,0.3333,False,False,23,False,False
Amazon,Shopping,22.5.0.350,2026-04-02,,2026-09-17,8,8,2.5,0.625,False,False,24,False,False
Amazon,Shopping,26.15.2.300,2026-04-02,,2026-09-05,6,6,1.667,0.8333,False,False,25,False,False
Amazon,Shopping,26.5.0.300,2026-04-02,,2026-09-07,9,9,2.667,0.5556,False,False,26,False,False
Amazon,Shopping,28.11.1.300,2026-04-02,2026-09-04,2026-09-13,11,11,2.818,0.5455,False,False,27,False,False
Amazon,Shopping,28.15.0.300,2026-04-02,2026-06-24,2026-09-18,24,23,3.125,0.4583,False,False,28,False,False
Amazon,Shopping,30.11.0.300,2026-04-02,2026-05-19,2026-09-19,32,30,2.625,0.5625,False,True,29,False,False
Amazon,Shopping,30.12.4.300,2026-04-02,2026-04-24,2026-09-19,50,48,2.52,0.6,False,True,30,False,False
Amazon,Shopping,30.15.0.300,2026-04-02,2026-05-09,2026-09-20,39,35,3.564,0.3333,False,True,31,False,False
Amazon,Shopping,30.17.2.300,2026-04-02,2026-04-22,2026-09-11,54,44,2.704,0.5741,False,True,32,False,False
Amazon,Shopping,30.19.0.300,2026-04-02,2026-04-30,2026-09-19,35,33,3.029,0.4857,False,True,33,False,False
Amazon,Shopping,30.20.0.300,2026-04-02,2026-05-14,2026-09-18,17,16,3.0,0.4118,False,False,34,False,False
Amazon,Shopping,30.6.1.300,2026-04-02,2026-06-22,2026-09-18,24,24,2.667,0.5833,False,False,35,False,False
Amazon,Shopping,32.2.0.300,2026-04-02,2026-04-28,2026-09-17,30,25,2.433,0.6333,False,True,36,False,False
Amazon,Shopping,10.1.0.350,2026-04-03,,2026-04-03,1,1,1.0,1.0,False,False,37,False,False
Amazon,Shopping,16.20.0.300,2026-04-03,,2026-09-06,8,8,4.375,0.125,False,False,38,False,False
Amazon,Shopping,20.18.0.300,2026-04-03,,2026-09-11,3,3,1.0,1.0,False,False,39,False,False
Amazon,Shopping,24.6.0.300,2026-04-03,2026-07-09,2026-09-19,20,20,3.35,0.4,False,False,40,False,False
Amazon,Shopping,30.20.2.300,2026-04-03,2026-05-01,2026-09-20,55,46,2.8,0.5455,False,True,41,False,False
Amazon,Shopping,30.7.2.300,2026-04-03,2026-07-23,2026-09-18,14,13,2.929,0.5,False,False,42,False,False
Amazon,Shopping,6.5.0.300,2026-04-03,,2026-08-06,3,3,2.333,0.6667,False,False,43,False,False
Amazon,Shopping,20.11.0.300,2026-04-04,,2026-04-04,1,1,2.0,1.0,False,False,44,False,False
Amazon,Shopping,22.14.0.300,2026-04-04,2026-08-31,2026-09-10,13,12,2.615,0.5385,False,False,45,False,False
Amazon,Shopping,24.12.4.300,2026-04-04,2026-07-21,2026-09-05,16,16,2.438,0.625,False,False,46,False,False
Amazon,Shopping,24.14.0.300,2026-04-04,,2026-09-10,7,7,1.429,0.8571,False,False,47,False,False
Amazon,Shopping,26.17.2.300,2026-04-04,,2026-08-13,5,5,2.6,0.6,False,False,48,False,False
Amazon,Shopping,28.16.0.300,2026-04-04,2026-04-24,2026-09-15,50,45,3.82,0.26,False,True,49,False,False
Amazon,Shopping,30.10.2.300,2026-04-04,2026-06-16,2026-09-08,20,17,3.3,0.4,False,False,50,False,False
Amazon,Shopping,30.14.0.300,2026-04-04,2026-05-26,2026-09-16,24,21,2.167,0.7083,False,False,51,False,False
Amazon,Shopping,30.18.6.300,2026-04-04,2026-05-04,2026-09-15,46,43,2.674,0.5652,False,True,52,False,False
Amazon,Shopping,30.2.0.300,2026-04-04,2026-06-04,2026-09-01,17,17,3.353,0.4118,False,False,53,False,False
Amazon,Shopping,30.21.0.300,2026-04-04,2026-04-14,2026-09-18,83,66,2.952,0.506,False,True,54,False,False
Amazon,Shopping,16.3.0.300,2026-04-05,2026-05-24,2026-09-15,37,32,3.676,0.2703,False,True,55,False,False
Amazon,Shopping,18.1.0.300,2026-04-05,,2026-09-16,3,3,3.667,0.3333,False,False,56,False,False
Amazon,Shopping,18.13.2.300,2026-04-05,2026-09-09,2026-09-09,10,9,3.4,0.4,False,False,57,False,False
Amazon,Shopping,28.10.0.300,2026-04-05,2026-09-19,2026-09-19,10,10,2.8,0.5,False,False,58,False,False
Amazon,Shopping,28.12.0.300,2026-04-05,2026-06-29,2026-09-20,14,14,2.786,0.5714,False,False,59,False,False
Amazon,Shopping,28.14.2.300,2026-04-05,2026-08-25,2026-08-26,11,11,2.727,0.5455,False,False,60,False,False
Amazon,Shopping,28.21.4.300,2026-04-05,2026-05-02,2026-09-10,37,34,2.919,0.5135,False,True,61,False,False
Amazon,Shopping,30.1.2.300,2026-04-05,2026-08-13,2026-09-13,12,11,2.25,0.6667,False,False,62,False,False
Amazon,Shopping,30.12.2.300,2026-04-05,2026-05-17,2026-09-11,25,20,2.84,0.52,False,False,63,False,False
Amazon,Shopping,24.10.3.300,2026-04-06,,2026-08-07,3,3,2.0,0.6667,False,False,64,False,False
Amazon,Shopping,24.18.0.300,2026-04-06,,2026-09-19,6,6,1.667,0.8333,False,False,65,False,False
Amazon,Shopping,26.12.0.300,2026-04-06,2026-06-22,2026-09-18,29,25,3.207,0.4483,False,False,66,False,False
Amazon,Shopping,30.13.0.300,2026-04-06,2026-05-23,2026-09-15,33,31,2.333,0.6364,False,True,67,False,False
Amazon,Shopping,20.13.0.300,2026-04-07,,2026-08-31,5,5,1.0,1.0,False,False,68,False,False
Amazon,Shopping,22.18.0.300,2026-04-07,2026-05-07,2026-09-06,41,33,3.854,0.2439,False,True,69,False,False
Amazon,Shopping,22.19.0.300,2026-04-07,2026-08-26,2026-08-26,10,10,2.8,0.5,False,False,70,False,False
Amazon,Shopping,30.18.2.300,2026-04-07,2026-05-14,2026-09-20,44,41,2.795,0.5227,False,True,71,False,False
Amazon,Shopping,20.22.0.300,2026-04-08,2026-05-12,2026-09-15,26,24,3.885,0.2308,False,False,72,False,False
Amazon,Shopping,28.3.0.300,2026-04-08,,2026-09-20,7,7,2.714,0.5714,False,False,73,False,False
Amazon,Shopping,28.6.0.300,2026-04-08,2026-08-30,2026-08-30,10,10,2.2,0.7,False,False,74,False,False
Amazon,Shopping,30.10.0.300,2026-04-08,,2026-06-01,4,4,3.75,0.25,False,False,75,False,False
Amazon,Shopping,30.16.2.300,2026-04-08,,2026-09-06,9,9,3.667,0.3333,False,False,76,False,False
Amazon,Shopping,30.5.0.300,2026-04-08,2026-09-14,2026-09-17,11,11,3.182,0.4545,False,False,77,False,False
Amazon,Shopping,30.8.0.300,2026-04-08,2026-07-11,2026-09-13,20,20,2.8,0.5,False,False,78,False,False
Amazon,Shopping,30.9.0.300,2026-04-08,2026-06-26,2026-09-18,23,21,2.522,0.6522,False,False,79,False,False
Amazon,Shopping,8.7.0.300,2026-04-08,,2026-08-29,2,2,4.0,0.0,False,False,80,False,False
Amazon,Shopping,26.19.2.300,2026-04-09,,2026-08-25,4,4,3.0,0.5,False,False,81,False,False
Amazon,Shopping,26.22.0.300,2026-04-09,2026-08-09,2026-09-16,15,15,3.267,0.4,False,False,82,False,False
Amazon,Shopping,28.18.2.300,2026-04-09,2026-07-04,2026-09-18,21,20,2.619,0.5238,False,False,83,False,False
Amazon,Shopping,28.4.0.300,2026-04-09,,2026-09-19,7,7,3.286,0.4286,False,False,84,False,False
Amazon,Shopping,18.8.0.300,2026-04-10,,2026-08-02,3,3,1.0,1.0,False,False,85,False,False
Amazon,Shopping,20.22.4.300,2026-04-10,,2026-07-31,4,4,2.5,0.5,False,False,86,False,False
Amazon,Shopping,22.11.0.300,2026-04-10,,2026-09-16,3,3,2.333,0.6667,False,False,87,False,False
Amazon,Shopping,26.21.0.300,2026-04-10,2026-06-13,2026-09-19,24,23,2.292,0.6667,False,False,88,False,False
Amazon,Shopping,28.7.0.300,2026-04-10,2026-06-01,2026-09-18,24,22,2.458,0.625,False,False,89,False,False
Amazon,Shopping,30.3.2.300,2026-04-10,2026-09-13,2026-09-13,10,10,1.7,0.8,False,False,90,False,False
Amazon,Shopping,26.13.4.300,2026-04-11,2026-07-06,2026-09-18,17,16,2.176,0.7059,False,False,91,False,False
Amazon,Shopping,26.23.0.300,2026-04-11,,2026-08-23,6,6,1.5,0.8333,False,False,92,False,False
Amazon,Shopping,26.8.2.300,2026-04-11,,2026-09-10,7,7,3.143,0.4286,False,False,93,False,False
Amazon,Shopping,30.4.0.300,2026-04-11,2026-07-20,2026-09-18,21,19,3.381,0.381,False,False,94,False,False
Amazon,Shopping,16.10.0.300,2026-04-12,,2026-04-12,1,1,5.0,0.0,False,False,95,False,False
Amazon,Shopping,22.4.0.300,2026-04-12,,2026-09-20,4,4,4.5,0.0,False,False,96,False,False
Amazon,Shopping,22.7.0.300,2026-04-12,,2026-09-17,6,6,2.833,0.5,False,False,97,False,False
Amazon,Shopping,28.9.0.300,2026-04-12,2026-08-05,2026-09-19,15,14,3.067,0.4667,False,False,98,False,False
Amazon,Shopping,22.16.1.300,2026-04-13,2026-08-13,2026-08-22,11,11,2.0,0.7273,False,False,99,False,False
Amazon,Shopping,24.17.3.300,2026-04-13,,2026-09-16,4,4,3.0,0.5,False,False,100,False,False
Amazon,Shopping,8.0.1.300,2026-04-13,,2026-08-15,4,3,2.25,0.75,False,False,101,False,False
Amazon,Shopping,22.22.2.300,2026-04-14,,2026-09-14,6,6,1.667,0.8333,False,False,102,False,False
Amazon,Shopping,26.10.2.300,2026-04-14,,2026-08-12,6,6,1.667,0.8333,False,False,103,False,False
Amazon,Shopping,32.8.0.300,2026-04-14,2026-04-16,2026-09-08,419,46,2.714,0.5394,False,True,104,True,True
Amazon,Shopping,18.2.0.300,2026-04-15,,2026-08-11,7,7,5.0,0.0,False,False,105,False,False
Amazon,Shopping,26.9.0.300,2026-04-15,2026-09-20,2026-09-20,10,9,1.9,0.8,False,False,106,False,False
Amazon,Shopping,28.13.0.300,2026-04-16,2026-06-14,2026-09-17,24,21,3.0,0.5,False,False,107,False,False
Amazon,Shopping,18.21.2.300,2026-04-17,,2026-07-21,5,5,1.2,1.0,False,False,108,False,False
Amazon,Shopping,20.18.2.350,2026-04-17,,2026-07-07,5,5,1.0,1.0,False,False,109,False,False
Amazon,Shopping,22.22.8.300,2026-04-17,2026-09-20,2026-09-20,10,10,2.4,0.6,False,False,110,False,False
Amazon,Shopping,20.04.0.350,2026-04-18,,2026-04-18,1,1,1.0,1.0,False,False,111,False,False
Amazon,Shopping,20.04.2.350,2026-04-18,,2026-07-06,3,3,1.333,1.0,False,False,112,False,False
Amazon,Shopping,20.6.0.300,2026-04-18,2026-05-10,2026-09-19,65,52,4.215,0.1538,False,True,113,False,False
Amazon,Shopping,22.9.0.300,2026-04-18,,2026-09-12,5,5,3.0,0.4,False,False,114,False,False
Amazon,Shopping,24.9.0.300,2026-04-18,,2026-09-04,8,8,2.625,0.5,False,False,115,False,False
Amazon,Shopping,26.7.2.300,2026-04-18,,2026-06-02,3,3,1.0,1.0,False,False,116,False,False
Amazon,Shopping,22.13.0.300,2026-04-19,,2026-09-10,8,8,2.375,0.625,False,False,117,False,False
Amazon,Shopping,10.6.0.300,2026-04-20,2026-09-20,2026-09-20,10,10,3.3,0.4,False,False,118,False,False
Amazon,Shopping,10.9.0.300,2026-04-20,,2026-04-20,1,1,5.0,0.0,False,False,119,False,False
Amazon,Shopping,28.18.4.300,2026-04-21,2026-06-26,2026-09-17,20,19,3.1,0.45,False,False,120,False,False
Amazon,Shopping,32.8.2.300,2026-04-21,2026-04-21,2026-09-20,1059,104,2.278,0.661,False,True,121,True,True
Amazon,Shopping,26.20.0.300,2026-04-22,,2026-08-27,7,7,1.857,0.7143,False,False,122,False,False
Amazon,Shopping,28.20.2.300,2026-04-22,2026-07-15,2026-08-20,15,15,2.0,0.7333,False,False,123,False,False
Amazon,Shopping,16.15.0.350,2026-04-23,,2026-04-23,1,1,1.0,1.0,False,False,124,False,False
Amazon,Shopping,24.19.0.300,2026-04-24,,2026-08-25,9,8,3.556,0.3333,False,False,125,False,False
Amazon,Shopping,18.11.0.300,2026-04-26,,2026-08-25,2,2,1.5,1.0,False,False,126,False,False
Amazon,Shopping,24.21.4.300,2026-04-26,,2026-09-09,8,8,1.5,0.875,False,False,127,False,False
Amazon,Shopping,26.14.0.300,2026-04-26,,2026-09-06,6,6,1.833,0.8333,False,False,128,False,False
Amazon,Shopping,26.11.2.300,2026-04-27,,2026-09-20,7,7,1.429,0.8571,False,False,129,False,False
Amazon,Shopping,30.18.0.300,2026-04-27,,2026-05-12,2,2,1.0,1.0,False,False,130,False,False
Amazon,Shopping,22.22.7.300,2026-04-28,,2026-09-13,8,8,3.125,0.5,False,False,131,False,False
Amazon,Shopping,28.5.0.300,2026-04-28,,2026-08-20,7,7,2.714,0.5714,False,False,132,False,False
Amazon,Shopping,32.9.0.300,2026-04-28,2026-05-01,2026-09-19,2083,111,2.739,0.5415,False,True,133,True,True
Amazon,Shopping,10.5.0.300,2026-04-29,,2026-04-29,1,1,1.0,1.0,False,False,134,False,False
Amazon,Shopping,20.4.2.300,2026-04-30,,2026-04-30,1,1,1.0,1.0,False,False,135,False,False
Amazon,Shopping,24.4.0.300,2026-04-30,,2026-09-19,7,7,1.286,0.8571,False,False,136,False,False
Amazon,Shopping,26.15.0.300,2026-04-30,,2026-07-14,4,4,1.25,1.0,False,False,137,False,False
Amazon,Shopping,28.17.0.300,2026-04-30,2026-09-14,2026-09-20,11,10,2.091,0.7273,False,False,138,False,False
Amazon,Shopping,26.2.0.300,2026-05-01,,2026-07-22,2,2,1.0,1.0,False,False,139,False,False
Amazon,Shopping,30.3.0.300,2026-05-01,,2026-09-11,4,4,3.0,0.5,False,False,140,False,False
Amazon,Shopping,24.2.0.300,2026-05-02,,2026-09-12,8,8,2.75,0.5,False,False,141,False,False
Amazon,Shopping,20.22.2.300,2026-05-04,,2026-09-06,3,3,3.667,0.3333,False,False,142,False,False
Amazon,Shopping,24.7.0.300,2026-05-04,2026-08-29,2026-08-29,10,10,1.2,0.9,False,False,143,False,False
Amazon,Shopping,20.17.0.300,2026-05-06,,2026-08-15,3,3,2.333,0.6667,False,False,144,False,False
Amazon,Shopping,22.12.2.300,2026-05-06,,2026-09-03,6,6,2.667,0.5,False,False,145,False,False
Amazon,Shopping,16.15.2.350,2026-05-07,,2026-07-14,3,3,1.0,1.0,False,False,146,False,False
Amazon,Shopping,26.18.2.300,2026-05-07,,2026-09-09,9,9,3.222,0.4444,False,False,147,False,False
Amazon,Shopping,26.4.2.300,2026-05-07,,2026-05-30,2,2,3.0,0.5,False,False,148,False,False
Amazon,Shopping,28.2.2.300,2026-05-07,,2026-09-13,9,8,1.889,0.7778,False,False,149,False,False
Amazon,Shopping,26.7.0.300,2026-05-09,,2026-07-05,2,2,5.0,0.0,False,False,150,False,False
Amazon,Shopping,24.11.2.300,2026-05-10,,2026-09-19,6,6,3.0,0.5,False,False,151,False,False
Amazon,Shopping,24.16.0.300,2026-05-10,,2026-09-09,4,4,3.5,0.25,False,False,152,False,False
Amazon,Shopping,24.3.0.300,2026-05-10,,2026-08-10,4,4,2.25,0.75,False,False,153,False,False
Amazon,Shopping,28.21.0.300,2026-05-11,,2026-09-07,9,9,3.333,0.4444,False,False,154,False,False
Amazon,Shopping,24.5.0.300,2026-05-12,,2026-08-13,5,5,2.6,0.6,False,False,155,False,False
Amazon,Shopping,20.16.0.300,2026-05-13,,2026-08-24,2,2,3.0,0.5,False,False,156,False,False
Amazon,Shopping,20.9.0.300,2026-05-14,,2026-05-14,1,1,1.0,1.0,False,False,157,False,False
Amazon,Shopping,32.10.0.300,2026-05-14,2026-05-16,2026-09-20,1939,103,2.846,0.5147,False,True,158,True,True
Amazon,Shopping,26.13.0.300,2026-05-16,,2026-06-17,3,3,1.333,1.0,False,False,159,False,False
Amazon,Shopping,24.22.0.300,2026-05-17,2026-07-25,2026-08-22,15,14,2.267,0.6667,False,False,160,False,False
Amazon,Shopping,16.17.0.300,2026-05-19,,2026-08-05,2,2,1.5,1.0,False,False,161,False,False
Amazon,Shopping,16.12.2.350,2026-05-22,,2026-09-13,3,3,1.0,1.0,False,False,162,False,False
Amazon,Shopping,18.4.0.300,2026-05-23,,2026-05-23,1,1,1.0,1.0,False,False,163,False,False
Amazon,Shopping,26.16.0.300,2026-05-24,,2026-09-13,7,7,3.286,0.4286,False,False,164,False,False
Amazon,Shopping,22.10.6.300,2026-05-26,,2026-08-28,3,3,2.333,0.6667,False,False,165,False,False
Amazon,Shopping,26.6.0.300,2026-05-27,,2026-09-01,6,6,1.667,0.8333,False,False,166,False,False
Amazon,Shopping,22.22.0.300,2026-05-28,,2026-08-14,4,4,3.25,0.5,False,False,167,False,False
Amazon,Shopping,32.11.0.300,2026-05-28,2026-05-29,2026-09-19,1802,98,2.872,0.5044,False,True,168,True,True
Amazon,Shopping,24.1.2.300,2026-05-30,,2026-05-30,1,1,1.0,1.0,False,False,169,False,False
Amazon,Shopping,6.7.1.300,2026-06-01,,2026-09-14,2,2,5.0,0.0,False,False,170,False,False
Amazon,Shopping,24.11.0.300,2026-06-05,,2026-09-09,6,6,3.667,0.3333,False,False,171,False,False
Amazon,Shopping,8.6.1.300,2026-06-06,,2026-06-06,1,1,1.0,1.0,False,False,172,False,False
Amazon,Shopping,32.12.0.300,2026-06-08,2026-06-10,2026-09-19,278,35,2.755,0.536,False,True,173,True,True
Amazon,Shopping,24.20.2.300,2026-06-09,,2026-09-20,6,6,3.0,0.5,False,False,174,False,False
Amazon,Shopping,22.2.0.300,2026-06-10,,2026-09-13,4,4,3.0,0.5,False,False,175,False,False
Amazon,Shopping,18.5.2.350,2026-06-13,,2026-09-17,9,9,3.444,0.3333,False,False,176,False,False
Amazon,Shopping,32.12.2.300,2026-06-14,2026-06-14,2026-09-14,591,54,2.978,0.4873,False,True,177,True,True
Amazon,Shopping,16.6.0.300,2026-06-16,,2026-08-18,3,3,2.333,0.6667,False,False,178,False,False
Amazon,Shopping,32.12.4.300,2026-06-17,2026-06-18,2026-09-20,4242,96,2.734,0.5448,False,True,179,True,True
Amazon,Shopping,18.5.0.350,2026-06-20,,2026-08-17,3,3,1.0,1.0,False,False,180,False,False
Amazon,Shopping,20.15.0.300,2026-06-20,,2026-08-08,2,2,3.0,0.5,False,False,181,False,False
Amazon,Shopping,24.15.2.300,2026-06-21,,2026-08-22,4,4,2.25,0.75,False,False,182,False,False
Amazon,Shopping,20.5.0.300,2026-06-23,,2026-06-23,1,1,2.0,1.0,False,False,183,False,False
Amazon,Shopping,18.7.0.300,2026-06-26,,2026-06-26,1,1,4.0,0.0,False,False,184,False,False
Amazon,Shopping,20.2.2.300,2026-06-29,,2026-08-30,3,3,3.667,0.3333,False,False,185,False,False
Amazon,Shopping,20.21.0.300,2026-07-08,,2026-07-23,2,2,5.0,0.0,False,False,186,False,False
Amazon,Shopping,28.1.0.300,2026-07-08,,2026-09-11,7,7,2.429,0.5714,False,False,187,False,False
Amazon,Shopping,24.8.0.300,2026-07-12,,2026-09-12,3,3,2.333,0.3333,False,False,188,False,False
Amazon,Shopping,32.13.0.300,2026-07-15,2026-07-16,2026-09-20,1842,66,2.479,0.6173,False,True,189,True,True
Amazon,Shopping,18.16.2.300,2026-07-18,,2026-07-18,1,1,1.0,1.0,False,False,190,False,False
Amazon,Shopping,32.13.2.300,2026-07-18,2026-07-18,2026-09-18,1123,59,2.279,0.667,False,True,191,True,True
Amazon,Shopping,22.5.0.300,2026-07-19,,2026-08-13,4,4,3.75,0.25,False,False,192,False,False
Amazon,Shopping,22.15.2.300,2026-07-21,,2026-08-27,2,2,1.0,1.0,False,False,193,False,False
Amazon,Shopping,26.23.4.300,2026-07-21,,2026-09-10,9,8,1.889,0.7778,False,False,194,False,False
Amazon,Shopping,5.2.3,2026-07-26,,2026-07-26,1,1,1.0,1.0,False,False,195,False,False
Amazon,Shopping,26.16.0.350,2026-07-27,,2026-07-27,1,1,2.0,1.0,False,False,196,False,False
Amazon,Shopping,18.19.0.300,2026-07-28,,2026-09-10,3,3,2.333,0.6667,False,False,197,False,False
Amazon,Shopping,24.21.0.300,2026-07-31,,2026-07-31,1,1,5.0,0.0,False,False,198,False,False
Amazon,Shopping,16.21.0.300,2026-08-05,,2026-08-12,2,2,3.0,0.5,False,False,199,False,False
Amazon,Shopping,18.15.1.300,2026-08-07,,2026-09-03,2,2,3.0,0.5,False,False,200,False,False
Amazon,Shopping,32.15.0.300,2026-08-12,2026-08-15,2026-09-20,1542,40,2.307,0.6569,False,True,201,True,True
Amazon,Shopping,18.10.0.300,2026-08-18,,2026-08-18,1,1,1.0,1.0,False,False,202,False,False
Amazon,Shopping,24.10.2.300,2026-08-19,,2026-08-19,1,1,1.0,1.0,False,False,203,False,False
Amazon,Shopping,16.01.0.300,2026-08-21,,2026-08-21,1,1,1.0,1.0,False,False,204,False,False
Amazon,Shopping,26.1.2.300,2026-08-22,,2026-09-11,2,2,3.0,0.5,False,False,205,False,False
Amazon,Shopping,22.6.0.300,2026-08-24,,2026-08-24,1,1,4.0,0.0,False,False,206,False,False
Amazon,Shopping,22.17.4.300,2026-08-25,,2026-08-25,1,1,5.0,0.0,False,False,207,False,False
Amazon,Shopping,16.01.0.350,2026-08-26,,2026-08-26,1,1,1.0,1.0,False,False,208,False,False
Amazon,Shopping,16.11.0.300,2026-08-27,,2026-08-27,1,1,5.0,0.0,False,False,209,False,False
Amazon,Shopping,14.2.1.300,2026-08-28,,2026-08-28,1,1,5.0,0.0,False,False,210,False,False
Amazon,Shopping,32.16.2.300,2026-08-28,2026-08-28,2026-09-20,1080,24,2.373,0.6361,False,True,211,True,True
Amazon,Shopping,16.16.4.350,2026-08-30,,2026-08-30,1,1,5.0,0.0,False,False,212,False,False
Amazon,Shopping,20.18.0.350,2026-09-05,,2026-09-05,1,1,1.0,1.0,False,False,213,False,False
Amazon,Shopping,32.17.0.300,2026-09-05,2026-09-07,2026-09-20,1010,16,2.335,0.6475,False,True,214,True,True
Amazon,Shopping,8.9.2.300,2026-09-07,,2026-09-07,1,1,1.0,1.0,False,False,215,False,False
Amazon,Shopping,20.10.0.300,2026-09-14,,2026-09-14,1,1,1.0,1.0,False,False,216,False,False
Amazon,Shopping,14.1.0.300,2026-09-15,,2026-09-15,1,1,1.0,1.0,False,False,217,False,False
Amazon,Shopping,12.0.0.300,2026-09-20,,2026-09-20,1,1,5.0,0.0,False,False,218,False,False
Amazon,Shopping,26.23.2.300,2026-09-20,,2026-09-20,1,1,5.0,0.0,False,False,219,False,False
Meesho,Shopping,10.5.1,2026-04-01,,2026-09-18,7,7,3.714,0.2857,True,False,1,False,False
Meesho,Shopping,10.6.1,2026-04-01,,2026-04-01,1,1,2.0,1.0,True,False,2,False,False
Meesho,Shopping,11.4.1,2026-04-01,,2026-09-12,7,7,3.286,0.4286,True,False,3,False,False
Meesho,Shopping,14.0,2026-04-01,,2026-09-10,6,5,2.333,0.6667,True,False,4,False,False
Meesho,Shopping,14.2.1,2026-04-01,,2026-08-25,7,7,3.286,0.4286,True,False,5,False,False
Meesho,Shopping,19.3,2026-04-01,,2026-09-10,8,8,4.0,0.25,True,False,6,False,False
Meesho,Shopping,19.9.1,2026-04-01,2026-09-11,2026-09-11,10,9,4.2,0.2,True,False,7,False,False
Meesho,Shopping,20.0.1,2026-04-01,2026-07-09,2026-09-06,16,15,3.75,0.3125,True,False,8,False,False
Meesho,Shopping,21.3,2026-04-01,2026-09-07,2026-09-20,12,12,2.667,0.5833,True,False,9,False,False
Meesho,Shopping,21.4,2026-04-01,2026-06-17,2026-09-15,15,15,3.733,0.2667,True,False,10,False,False
Meesho,Shopping,22.3,2026-04-01,2026-08-30,2026-09-19,11,11,3.909,0.2727,True,False,11,False,False
Meesho,Shopping,24.1.1,2026-04-01,2026-05-25,2026-09-15,24,24,4.0,0.25,True,False,12,False,False
Meesho,Shopping,24.3,2026-04-01,2026-04-29,2026-09-19,48,44,3.958,0.25,True,True,13,False,False
Meesho,Shopping,24.9,2026-04-01,2026-05-18,2026-09-11,25,22,3.64,0.32,True,False,14,False,False
Meesho,Shopping,25.4,2026-04-01,2026-04-18,2026-09-18,60,45,4.017,0.25,True,True,15,False,False
Meesho,Shopping,25.6,2026-04-01,2026-04-23,2026-09-12,41,36,3.878,0.2683,True,True,16,False,False
Meesho,Shopping,25.8,2026-04-01,2026-04-09,2026-09-12,70,50,4.443,0.1286,True,True,17,False,False
Meesho,Shopping,25.9,2026-04-01,2026-05-13,2026-09-20,37,31,4.081,0.2162,True,True,18,False,False
Meesho,Shopping,26.1,2026-04-01,2026-04-11,2026-09-19,42,37,4.762,0.0476,True,True,19,False,False
Meesho,Shopping,26.2,2026-04-01,2026-04-09,2026-09-20,90,68,4.178,0.1889,True,True,20,False,False
Meesho,Shopping,26.4,2026-04-01,2026-04-27,2026-09-20,70,51,4.043,0.2286,True,True,21,False,False
Meesho,Shopping,26.5,2026-04-01,2026-04-06,2026-09-19,85,61,4.259,0.1647,True,True,22,False,False
Meesho,Shopping,26.6,2026-04-01,2026-04-06,2026-09-20,116,81,4.293,0.1638,True,True,23,False,False
Meesho,Shopping,26.7,2026-04-01,2026-04-10,2026-09-15,76,53,4.355,0.1447,True,True,24,False,False
Meesho,Shopping,26.8,2026-04-01,2026-04-07,2026-09-20,142,88,4.127,0.1831,True,True,25,False,False
Meesho,Shopping,26.9,2026-04-01,2026-04-03,2026-09-16,211,105,4.166,0.1896,True,True,26,False,False
Meesho,Shopping,27.0,2026-04-01,2026-04-01,2026-09-19,361,133,4.155,0.1884,True,True,27,False,False
Meesho,Shopping,27.1,2026-04-01,2026-04-01,2026-09-19,308,105,4.244,0.1721,True,True,28,False,False
Meesho,Shopping,27.2,2026-04-01,2026-04-01,2026-09-20,401,98,4.195,0.1771,True,True,29,False,False
Meesho,Shopping,27.3,2026-04-01,2026-04-01,2026-09-13,908,104,4.25,0.1674,True,True,30,False,False
Meesho,Shopping,27.4,2026-04-01,2026-04-01,2026-09-20,5338,139,4.348,0.1426,True,True,31,False,False
Meesho,Shopping,11.7.1,2026-04-02,,2026-09-19,6,6,3.667,0.3333,False,False,32,False,False
Meesho,Shopping,14.9,2026-04-02,,2026-07-13,4,4,3.75,0.25,False,False,33,False,False
Meesho,Shopping,15.2,2026-04-02,,2026-09-15,6,6,4.0,0.1667,False,False,34,False,False
Meesho,Shopping,16.6,2026-04-02,2026-05-03,2026-09-18,41,35,3.951,0.2195,False,True,35,False,False
Meesho,Shopping,20.8,2026-04-02,2026-04-13,2026-09-16,74,63,3.703,0.3243,False,True,36,False,False
Meesho,Shopping,23.2,2026-04-02,2026-04-19,2026-09-19,49,43,3.939,0.2449,False,True,37,False,False
Meesho,Shopping,24.4.1,2026-04-02,2026-06-27,2026-09-18,16,16,3.562,0.3125,False,False,38,False,False
Meesho,Shopping,25.0,2026-04-02,2026-04-06,2026-09-19,193,107,3.891,0.2539,False,True,39,False,False
Meesho,Shopping,25.2,2026-04-02,2026-04-15,2026-09-08,44,38,4.068,0.2045,False,True,40,False,False
Meesho,Shopping,25.3.1,2026-04-02,2026-04-10,2026-09-18,81,63,3.79,0.2593,False,True,41,False,False
Meesho,Shopping,25.5,2026-04-02,2026-04-23,2026-09-17,40,36,4.075,0.225,False,True,42,False,False
Meesho,Shopping,25.7,2026-04-02,2026-04-29,2026-09-17,50,43,4.04,0.22,False,True,43,False,False
Meesho,Shopping,26.0,2026-04-02,2026-04-24,2026-09-19,47,43,3.83,0.2766,False,True,44,False,False
Meesho,Shopping,26.3,2026-04-02,2026-04-07,2026-09-07,60,51,4.267,0.15,False,True,45,False,False
Meesho,Shopping,15.0.1,2026-04-03,,2026-09-16,9,9,4.556,0.1111,False,False,46,False,False
Meesho,Shopping,16.2.1,2026-04-03,,2026-07-16,2,2,3.0,0.5,False,False,47,False,False
Meesho,Shopping,18.1,2026-04-03,,2026-09-19,8,8,3.0,0.5,False,False,48,False,False
Meesho,Shopping,18.5,2026-04-03,,2026-08-30,6,6,2.833,0.5,False,False,49,False,False
Meesho,Shopping,19.4,2026-04-03,,2026-07-15,5,5,4.2,0.2,False,False,50,False,False
Meesho,Shopping,20.4,2026-04-03,2026-08-03,2026-09-06,13,12,3.846,0.3077,False,False,51,False,False
Meesho,Shopping,22.1,2026-04-03,,2026-08-11,7,6,3.857,0.2857,False,False,52,False,False
Meesho,Shopping,22.2,2026-04-03,2026-06-04,2026-09-20,18,18,3.278,0.3889,False,False,53,False,False
Meesho,Shopping,22.6.1,2026-04-03,2026-05-18,2026-09-16,41,38,3.415,0.3415,False,True,54,False,False
Meesho,Shopping,22.7.1,2026-04-03,2026-06-02,2026-08-31,19,18,4.684,0.0526,False,False,55,False,False
Meesho,Shopping,10.1.1,2026-04-04,,2026-05-12,2,2,3.0,0.5,False,False,56,False,False
Meesho,Shopping,11.3,2026-04-04,,2026-08-10,8,8,3.375,0.375,False,False,57,False,False
Meesho,Shopping,13.8,2026-04-04,,2026-06-10,4,4,2.75,0.5,False,False,58,False,False
Meesho,Shopping,14.4,2026-04-04,,2026-07-21,8,8,3.0,0.5,False,False,59,False,False
Meesho,Shopping,15.8,2026-04-04,2026-07-11,2026-08-26,14,14,4.929,0.0,False,False,60,False,False
Meesho,Shopping,21.8,2026-04-04,2026-07-10,2026-08-22,12,11,3.083,0.5,False,False,61,False,False
Meesho,Shopping,22.0,2026-04-04,2026-07-17,2026-09-20,18,17,3.833,0.2778,False,False,62,False,False
Meesho,Shopping,22.8,2026-04-04,2026-05-12,2026-09-16,27,25,3.852,0.2593,False,False,63,False,False
Meesho,Shopping,23.1,2026-04-04,2026-05-05,2026-09-11,22,21,4.318,0.1364,False,False,64,False,False
Meesho,Shopping,23.4,2026-04-04,2026-06-07,2026-09-20,23,21,4.304,0.1304,False,False,65,False,False
Meesho,Shopping,24.0,2026-04-04,2026-05-17,2026-09-15,30,27,3.5,0.3333,False,True,66,False,False
Meesho,Shopping,24.5,2026-04-04,2026-07-06,2026-09-13,19,18,3.263,0.4211,False,False,67,False,False
Meesho,Shopping,24.6,2026-04-04,2026-05-03,2026-09-13,53,44,3.83,0.283,False,True,68,False,False
Meesho,Shopping,15.5,2026-04-05,2026-08-03,2026-08-03,10,10,2.3,0.7,False,False,69,False,False
Meesho,Shopping,16.5,2026-04-05,,2026-09-17,8,7,3.0,0.5,False,False,70,False,False
Meesho,Shopping,17.3,2026-04-05,,2026-09-09,6,6,3.667,0.3333,False,False,71,False,False
Meesho,Shopping,18.4,2026-04-05,,2026-09-02,9,9,3.667,0.3333,False,False,72,False,False
Meesho,Shopping,21.9.1,2026-04-05,,2026-09-18,5,4,4.2,0.2,False,False,73,False,False
Meesho,Shopping,23.6,2026-04-05,2026-05-10,2026-09-12,34,33,4.0,0.2353,False,True,74,False,False
Meesho,Shopping,23.7,2026-04-05,2026-05-10,2026-09-13,32,30,4.344,0.125,False,True,75,False,False
Meesho,Shopping,24.2,2026-04-05,2026-05-18,2026-09-17,37,32,4.027,0.2432,False,True,76,False,False
Meesho,Shopping,24.7.1,2026-04-05,2026-06-11,2026-08-17,22,20,4.045,0.2273,False,False,77,False,False
Meesho,Shopping,24.8.1,2026-04-05,2026-05-14,2026-09-06,18,17,3.111,0.5,False,False,78,False,False
Meesho,Shopping,13.8.1,2026-04-06,2026-08-23,2026-08-25,11,11,3.273,0.3636,False,False,79,False,False
Meesho,Shopping,14.5.1,2026-04-06,,2026-08-17,8,7,3.5,0.375,False,False,80,False,False
Meesho,Shopping,17.4,2026-04-06,,2026-08-17,6,5,4.333,0.1667,False,False,81,False,False
Meesho,Shopping,20.2,2026-04-06,2026-06-27,2026-09-16,16,16,3.625,0.3125,False,False,82,False,False
Meesho,Shopping,21.7.1,2026-04-06,2026-08-30,2026-09-11,12,12,3.917,0.25,False,False,83,False,False
Meesho,Shopping,27.5,2026-04-06,2026-04-07,2026-09-20,2165,95,4.231,0.1695,False,True,84,True,True
Meesho,Shopping,11.0,2026-04-07,2026-07-26,2026-09-13,13,13,3.308,0.3846,False,False,85,False,False
Meesho,Shopping,17.6,2026-04-07,,2026-09-13,7,7,4.714,0.0,False,False,86,False,False
Meesho,Shopping,17.9,2026-04-07,,2026-09-12,5,5,1.0,1.0,False,False,87,False,False
Meesho,Shopping,20.7,2026-04-07,2026-06-27,2026-09-16,16,15,3.062,0.4375,False,False,88,False,False
Meesho,Shopping,21.1,2026-04-07,,2026-09-20,6,5,2.5,0.6667,False,False,89,False,False
Meesho,Shopping,15.7.2,2026-04-08,,2026-08-15,9,9,4.556,0.1111,False,False,90,False,False
Meesho,Shopping,21.0,2026-04-08,2026-07-17,2026-08-19,12,11,4.083,0.25,False,False,91,False,False
Meesho,Shopping,23.0,2026-04-08,2026-06-11,2026-08-08,16,16,3.562,0.3125,False,False,92,False,False
Meesho,Shopping,23.2.1,2026-04-08,2026-06-13,2026-09-17,18,17,3.889,0.2778,False,False,93,False,False
Meesho,Shopping,12.8,2026-04-09,,2026-09-15,6,6,5.0,0.0,False,False,94,False,False
Meesho,Shopping,18.7,2026-04-09,,2026-08-21,4,4,5.0,0.0,False,False,95,False,False
Meesho,Shopping,20.6.1,2026-04-09,,2026-07-01,9,9,3.222,0.4444,False,False,96,False,False
Meesho,Shopping,23.9,2026-04-09,2026-07-12,2026-09-19,19,17,3.474,0.3684,False,False,97,False,False
Meesho,Shopping,20.9,2026-04-10,2026-05-10,2026-08-14,24,21,3.625,0.3333,False,False,98,False,False
Meesho,Shopping,22.5,2026-04-10,2026-07-16,2026-09-06,15,15,4.4,0.1333,False,False,99,False,False
Meesho,Shopping,23.5,2026-04-10,2026-07-11,2026-09-17,16,16,4.312,0.125,False,False,100,False,False
Meesho,Shopping,18.3.1,2026-04-11,2026-07-31,2026-09-07,11,11,4.545,0.0909,False,False,101,False,False
Meesho,Shopping,19.6,2026-04-11,2026-08-28,2026-08-31,11,11,2.636,0.5455,False,False,102,False,False
Meesho,Shopping,16.7,2026-04-12,,2026-08-31,6,6,4.167,0.1667,False,False,103,False,False
Meesho,Shopping,12.3.1,2026-04-13,,2026-08-08,5,5,4.2,0.2,False,False,104,False,False
Meesho,Shopping,15.9,2026-04-13,,2026-08-19,6,6,2.333,0.6667,False,False,105,False,False
Meesho,Shopping,10.3,2026-04-14,,2026-08-26,4,4,3.0,0.5,False,False,106,False,False
Meesho,Shopping,12.6.1,2026-04-14,,2026-08-24,5,5,4.8,0.0,False,False,107,False,False
Meesho,Shopping,19.2,2026-04-14,,2026-08-12,8,7,2.875,0.5,False,False,108,False,False
Meesho,Shopping,21.6,2026-04-14,2026-08-01,2026-09-19,15,14,3.067,0.4667,False,False,109,False,False
Meesho,Shopping,27.6,2026-04-14,2026-04-14,2026-09-19,3695,121,4.271,0.1627,False,True,110,True,True
Meesho,Shopping,10.7,2026-04-15,,2026-04-15,1,1,5.0,0.0,False,False,111,False,False
Meesho,Shopping,14.1.1,2026-04-15,,2026-08-17,8,8,3.875,0.25,False,False,112,False,False
Meesho,Shopping,15.4,2026-04-15,,2026-08-17,8,8,3.0,0.5,False,False,113,False,False
Meesho,Shopping,22.4,2026-04-15,2026-06-01,2026-08-14,16,16,3.75,0.3125,False,False,114,False,False
Meesho,Shopping,23.8,2026-04-15,2026-06-04,2026-09-18,20,17,3.4,0.4,False,False,115,False,False
Meesho,Shopping,25.1,2026-04-15,,2026-09-07,6,6,3.5,0.3333,False,False,116,False,False
Meesho,Shopping,release-v12.9-416,2026-04-16,,2026-09-01,5,5,4.2,0.2,False,False,117,False,False
Meesho,Shopping,10.4.1,2026-04-17,,2026-04-17,1,1,1.0,1.0,False,False,118,False,False
Meesho,Shopping,18.2,2026-04-17,,2026-09-16,7,7,2.857,0.5714,False,False,119,False,False
Meesho,Shopping,20.1,2026-04-17,,2026-08-03,9,8,2.778,0.5556,False,False,120,False,False
Meesho,Shopping,18.8,2026-04-18,,2026-06-24,5,5,4.2,0.2,False,False,121,False,False
Meesho,Shopping,18.9,2026-04-18,,2026-07-12,9,9,4.111,0.2222,False,False,122,False,False
Meesho,Shopping,22.7,2026-04-18,,2026-08-30,2,2,5.0,0.0,False,False,123,False,False
Meesho,Shopping,24.8,2026-04-18,,2026-08-22,5,5,4.2,0.2,False,False,124,False,False
Meesho,Shopping,12.5.1,2026-04-19,,2026-09-03,4,4,5.0,0.0,False,False,125,False,False
Meesho,Shopping,16.4.1,2026-04-19,,2026-08-07,2,2,3.0,0.5,False,False,126,False,False
Meesho,Shopping,21.7,2026-04-19,,2026-04-19,1,1,5.0,0.0,False,False,127,False,False
Meesho,Shopping,12.1.1,2026-04-20,,2026-08-26,4,4,3.0,0.5,False,False,128,False,False
Meesho,Shopping,13.5,2026-04-20,,2026-09-03,3,3,3.667,0.3333,False,False,129,False,False
Meesho,Shopping,17.0,2026-04-20,,2026-08-30,8,8,3.75,0.25,False,False,130,False,False
Meesho,Shopping,21.5,2026-04-20,2026-09-20,2026-09-20,10,9,4.1,0.2,False,False,131,False,False
Meesho,Shopping,27.7,2026-04-20,2026-04-21,2026-08-26,480,43,4.075,0.2146,False,True,132,True,True
Meesho,Shopping,24.7,2026-04-21,,2026-05-13,2,2,3.0,0.5,False,False,133,False,False
Meesho,Shopping,10.9,2026-04-22,,2026-07-05,3,3,1.0,1.0,False,False,134,False,False
Meesho,Shopping,13.6,2026-04-22,2026-06-16,2026-09-19,22,20,2.545,0.5909,False,False,135,False,False
Meesho,Shopping,11.8,2026-04-23,,2026-04-30,2,2,2.5,0.5,False,False,136,False,False
Meesho,Shopping,11.9,2026-04-23,2026-08-07,2026-08-18,11,11,4.0,0.1818,False,False,137,False,False
Meesho,Shopping,11.6,2026-04-24,2026-08-22,2026-08-24,11,10,3.182,0.4545,False,False,138,False,False
Meesho,Shopping,15.6.1,2026-04-24,,2026-08-16,4,4,4.0,0.25,False,False,139,False,False
Meesho,Shopping,19.5,2026-04-25,,2026-09-20,8,8,4.25,0.125,False,False,140,False,False
Meesho,Shopping,20.5,2026-04-25,,2026-09-07,7,7,4.143,0.1429,False,False,141,False,False
Meesho,Shopping,27.7.1,2026-04-25,2026-04-25,2026-09-19,2290,95,4.223,0.1777,False,True,142,True,True
Meesho,Shopping,12.7,2026-04-26,,2026-08-01,4,4,5.0,0.0,False,False,143,False,False
Meesho,Shopping,17.8,2026-04-26,,2026-09-16,7,7,2.714,0.5714,False,False,144,False,False
Meesho,Shopping,23.3,2026-04-26,,2026-06-25,3,3,4.667,0.0,False,False,145,False,False
Meesho,Shopping,14.6,2026-04-27,,2026-09-13,7,7,4.429,0.1429,False,False,146,False,False
Meesho,Shopping,18.6,2026-04-27,,2026-09-06,6,6,3.5,0.3333,False,False,147,False,False
Meesho,Shopping,19.8,2026-04-28,2026-09-17,2026-09-17,10,9,3.9,0.3,False,False,148,False,False
Meesho,Shopping,27.8,2026-04-28,2026-04-28,2026-09-18,2377,95,4.235,0.1737,False,True,149,True,True
Meesho,Shopping,13.4.1,2026-04-29,,2026-07-04,2,2,1.0,1.0,False,False,150,False,False
Meesho,Shopping,21.2,2026-05-01,2026-07-21,2026-09-19,14,14,4.571,0.0714,False,False,151,False,False
Meesho,Shopping,17.5,2026-05-03,,2026-09-06,4,4,4.0,0.25,False,False,152,False,False
Meesho,Shopping,16.1,2026-05-04,,2026-09-14,8,8,3.75,0.25,False,False,153,False,False
Meesho,Shopping,27.9,2026-05-04,2026-05-05,2026-09-20,15518,138,4.276,0.1622,False,True,154,True,True
Meesho,Shopping,19.0,2026-05-05,2026-09-17,2026-09-19,11,11,3.182,0.4545,False,False,155,False,False
Meesho,Shopping,19.7,2026-05-10,,2026-09-14,8,8,3.0,0.5,False,False,156,False,False
Meesho,Shopping,14.7.2,2026-05-12,,2026-06-27,2,2,5.0,0.0,False,False,157,False,False
Meesho,Shopping,16.3.1,2026-05-12,,2026-08-05,4,4,5.0,0.0,False,False,158,False,False
Meesho,Shopping,8.9,2026-05-13,,2026-05-13,1,1,5.0,0.0,False,False,159,False,False
Meesho,Shopping,16.8,2026-05-15,,2026-09-13,7,7,4.429,0.1429,False,False,160,False,False
Meesho,Shopping,13.1,2026-05-19,,2026-08-08,4,4,3.0,0.5,False,False,161,False,False
Meesho,Shopping,15.1,2026-05-19,,2026-09-04,5,5,2.6,0.6,False,False,162,False,False
Meesho,Shopping,11.2,2026-05-22,,2026-08-09,3,3,5.0,0.0,False,False,163,False,False
Meesho,Shopping,18.0,2026-05-22,,2026-08-16,5,5,2.4,0.6,False,False,164,False,False
Meesho,Shopping,12.6,2026-05-24,,2026-09-19,3,3,3.667,0.3333,False,False,165,False,False
Meesho,Shopping,14.7,2026-05-24,,2026-05-24,1,1,1.0,1.0,False,False,166,False,False
Meesho,Shopping,16.9,2026-05-27,,2026-09-07,7,7,4.0,0.2857,False,False,167,False,False
Meesho,Shopping,13.3,2026-05-28,,2026-09-18,4,4,3.75,0.25,False,False,168,False,False
Meesho,Shopping,13.9.1,2026-05-30,,2026-07-11,2,2,4.0,0.0,False,False,169,False,False
Meesho,Shopping,15.3.1,2026-05-30,,2026-09-18,7,7,3.286,0.4286,False,False,170,False,False
Meesho,Shopping,27.8-beta,2026-06-01,,2026-06-01,1,1,5.0,0.0,False,False,171,False,False
Meesho,Shopping,14.5,2026-06-04,,2026-06-04,1,1,1.0,1.0,False,False,172,False,False
Meesho,Shopping,28.0-beta,2026-06-05,,2026-06-05,1,1,4.0,0.0,False,False,173,False,False
Meesho,Shopping,12.5,2026-06-06,,2026-06-06,1,1,1.0,1.0,False,False,174,False,False
Meesho,Shopping,28.0,2026-06-06,2026-06-06,2026-09-20,3426,97,4.277,0.1611,False,True,175,True,True
Meesho,Shopping,16.0,2026-06-09,,2026-06-09,1,1,5.0,0.0,False,False,176,False,False
Meesho,Shopping,20.6,2026-06-10,,2026-06-10,1,1,4.0,0.0,False,False,177,False,False
Meesho,Shopping,9.8,2026-06-10,,2026-09-01,2,2,3.0,0.5,False,False,178,False,False
Meesho,Shopping,28.1,2026-06-13,2026-06-13,2026-09-20,3104,91,4.211,0.1756,False,True,179,True,True
Meesho,Shopping,13.2,2026-06-14,,2026-09-06,6,6,3.667,0.3333,False,False,180,False,False
Meesho,Shopping,17.1,2026-06-14,,2026-09-11,3,3,3.667,0.3333,False,False,181,False,False
Meesho,Shopping,19.1.1,2026-06-19,,2026-08-29,2,2,4.5,0.0,False,False,182,False,False
Meesho,Shopping,28.2,2026-06-19,2026-06-20,2026-09-20,3176,85,4.244,0.1716,False,True,183,True,True
Meesho,Shopping,15.3,2026-06-21,,2026-06-21,1,1,5.0,0.0,False,False,184,False,False
Meesho,Shopping,12.2,2026-06-25,,2026-07-08,2,2,5.0,0.0,False,False,185,False,False
Meesho,Shopping,28.3,2026-06-26,2026-06-26,2026-09-18,2911,78,4.301,0.1608,False,True,186,True,True
Meesho,Shopping,20.3.1,2026-06-30,,2026-07-07,3,3,3.667,0.3333,False,False,187,False,False
Meesho,Shopping,28.4,2026-07-03,2026-07-04,2026-09-20,4069,80,4.204,0.1794,False,True,188,True,True
Meesho,Shopping,11.1.1,2026-07-08,,2026-07-08,1,1,5.0,0.0,False,False,189,False,False
Meesho,Shopping,28.5,2026-07-10,2026-07-11,2026-09-20,2352,67,4.234,0.1709,False,True,190,True,True
Meesho,Shopping,10.0.1,2026-07-17,,2026-07-17,1,1,1.0,1.0,False,False,191,False,False
Meesho,Shopping,28.6,2026-07-17,2026-07-18,2026-09-20,3238,64,4.318,0.151,False,True,192,True,True
Meesho,Shopping,17.7,2026-07-21,,2026-08-17,2,2,3.0,0.5,False,False,193,False,False
Meesho,Shopping,28.7,2026-07-25,2026-07-25,2026-09-20,3284,57,4.291,0.1586,False,True,194,True,True
Meesho,Shopping,14.1,2026-07-29,,2026-07-29,1,1,1.0,1.0,False,False,195,False,False
Meesho,Shopping,28.8,2026-07-31,2026-08-01,2026-09-20,3727,52,4.344,0.1449,False,True,196,True,True
Meesho,Shopping,13.4,2026-08-02,,2026-08-02,1,1,1.0,1.0,False,False,197,False,False
Meesho,Shopping,10.6,2026-08-03,,2026-08-03,1,1,5.0,0.0,False,False,198,False,False
Meesho,Shopping,12.4,2026-08-05,,2026-09-01,3,3,4.0,0.3333,False,False,199,False,False
Meesho,Shopping,13.0,2026-08-07,,2026-08-07,1,1,5.0,0.0,False,False,200,False,False
Meesho,Shopping,28.9,2026-08-07,2026-08-07,2026-09-20,2708,45,4.188,0.1846,False,True,201,True,True
Meesho,Shopping,7.1.1,2026-08-07,,2026-09-14,2,2,1.0,1.0,False,False,202,False,False
Meesho,Shopping,14.3.2,2026-08-11,,2026-09-02,3,3,3.667,0.3333,False,False,203,False,False
Meesho,Shopping,5.4.2,2026-08-11,,2026-08-11,1,1,5.0,0.0,False,False,204,False,False
Meesho,Shopping,29.0,2026-08-14,2026-08-15,2026-09-20,1227,37,4.161,0.1932,False,True,205,True,True
Meesho,Shopping,10.8,2026-08-16,,2026-09-20,2,2,1.5,1.0,False,False,206,False,False
Meesho,Shopping,8.8,2026-08-16,,2026-08-16,1,1,5.0,0.0,False,False,207,False,False
Meesho,Shopping,14.3,2026-08-19,,2026-09-18,2,2,5.0,0.0,False,False,208,False,False
Meesho,Shopping,29.0.1,2026-08-20,2026-08-20,2026-09-20,2360,32,4.211,0.178,False,True,209,True,True
Meesho,Shopping,29.1,2026-08-23,2026-08-23,2026-09-20,2031,29,4.165,0.1886,False,True,210,True,True
Meesho,Shopping,16.0.1,2026-08-24,,2026-08-24,1,1,5.0,0.0,False,False,211,False,False
Meesho,Shopping,14.8,2026-08-26,,2026-08-26,1,1,5.0,0.0,False,False,212,False,False
Meesho,Shopping,29.2,2026-08-29,2026-08-29,2026-09-20,2793,23,4.267,0.164,False,True,213,True,True
Meesho,Shopping,29.3,2026-09-05,2026-09-05,2026-09-20,2500,16,4.303,0.1536,False,True,214,True,True
Meesho,Shopping,29.4,2026-09-11,2026-09-12,2026-09-20,1811,10,4.364,0.1303,False,True,215,True,True
Meesho,Shopping,16.3,2026-09-14,,2026-09-14,1,1,5.0,0.0,False,False,216,False,False
Meesho,Shopping,29.5,2026-09-19,2026-09-19,2026-09-20,120,2,4.517,0.1083,False,True,217,True,True
Paytm,Payments,10.22.0,2026-04-01,2026-07-01,2026-09-15,23,22,3.391,0.3478,True,False,1,False,False
Paytm,Payments,10.28.3,2026-04-01,2026-07-07,2026-09-12,15,15,3.733,0.2667,True,False,2,False,False
Paytm,Payments,10.35.2,2026-04-01,2026-06-27,2026-09-11,20,18,3.95,0.25,True,False,3,False,False
Paytm,Payments,10.38.0,2026-04-01,,2026-07-19,3,3,3.667,0.3333,True,False,4,False,False
Paytm,Payments,10.41.5,2026-04-01,2026-05-03,2026-09-14,39,34,3.41,0.3333,True,True,5,False,False
Paytm,Payments,10.43.4,2026-04-01,2026-05-25,2026-09-05,24,23,3.75,0.2917,True,False,6,False,False
Paytm,Payments,10.46.2,2026-04-01,2026-05-24,2026-09-16,37,32,3.757,0.2703,True,True,7,False,False
Paytm,Payments,10.47.1,2026-04-01,,2026-09-13,7,7,3.0,0.4286,True,False,8,False,False
Paytm,Payments,10.49.1,2026-04-01,2026-05-22,2026-09-13,22,20,4.273,0.1364,True,False,9,False,False
Paytm,Payments,10.50.1,2026-04-01,2026-06-07,2026-09-20,25,24,3.76,0.28,True,False,10,False,False
Paytm,Payments,10.55.1,2026-04-01,2026-06-08,2026-09-15,24,22,3.583,0.2917,True,False,11,False,False
Paytm,Payments,10.58.4,2026-04-01,2026-05-16,2026-09-12,32,31,4.094,0.1875,True,True,12,False,False
Paytm,Payments,10.62.1,2026-04-01,2026-04-19,2026-09-07,56,47,4.286,0.1607,True,True,13,False,False
Paytm,Payments,10.66.0,2026-04-01,2026-04-10,2026-09-20,61,48,4.033,0.2131,True,True,14,False,False
Paytm,Payments,10.69.0,2026-04-01,2026-04-04,2026-09-18,144,83,4.326,0.1389,True,True,15,False,False
Paytm,Payments,10.70.2,2026-04-01,2026-04-19,2026-09-08,40,33,3.925,0.275,True,True,16,False,False
Paytm,Payments,10.71.0,2026-04-01,2026-04-05,2026-09-18,83,60,4.289,0.1446,True,True,17,False,False
Paytm,Payments,10.72.0,2026-04-01,2026-04-10,2026-09-14,59,46,4.407,0.1186,True,True,18,False,False
Paytm,Payments,10.73.0,2026-04-01,2026-04-03,2026-09-15,239,113,4.343,0.1381,True,True,19,False,False
Paytm,Payments,10.74.1,2026-04-01,2026-04-02,2026-09-20,262,116,4.282,0.1412,True,True,20,False,False
Paytm,Payments,10.75.3,2026-04-01,2026-04-07,2026-09-13,78,58,4.41,0.1026,True,True,21,False,False
Paytm,Payments,10.75.4,2026-04-01,2026-04-01,2026-09-18,124,60,4.234,0.1774,True,True,22,False,False
Paytm,Payments,10.75.6,2026-04-01,2026-04-03,2026-09-17,98,42,4.388,0.1327,True,True,23,False,False
Paytm,Payments,10.76.0,2026-04-01,2026-04-01,2026-09-20,287,109,4.348,0.122,True,True,24,False,False
Paytm,Payments,10.76.1,2026-04-01,2026-04-01,2026-09-19,893,114,4.389,0.1187,True,True,25,False,False
Paytm,Payments,10.76.2,2026-04-01,2026-04-01,2026-09-16,1888,124,4.413,0.1202,True,True,26,False,False
Paytm,Payments,10.9.0,2026-04-01,2026-06-17,2026-09-18,24,24,3.833,0.2917,True,False,27,False,False
Paytm,Payments,6.6.4,2026-04-01,,2026-09-01,2,2,1.5,1.0,True,False,28,False,False
Paytm,Payments,9.12.2,2026-04-01,2026-08-14,2026-08-14,10,10,2.9,0.5,True,False,29,False,False
Paytm,Payments,10.2.0,2026-04-02,,2026-08-06,4,4,2.0,0.75,False,False,30,False,False
Paytm,Payments,10.40.4,2026-04-02,,2026-09-06,9,9,3.222,0.4444,False,False,31,False,False
Paytm,Payments,10.51.0,2026-04-02,2026-07-20,2026-09-19,23,22,3.826,0.2609,False,False,32,False,False
Paytm,Payments,10.57.2,2026-04-02,2026-07-01,2026-09-20,22,21,3.682,0.3182,False,False,33,False,False
Paytm,Payments,10.63.0,2026-04-02,2026-04-11,2026-09-12,71,56,4.085,0.1831,False,True,34,False,False
Paytm,Payments,10.67.2,2026-04-02,2026-06-05,2026-09-16,23,21,3.913,0.2609,False,False,35,False,False
Paytm,Payments,10.68.0,2026-04-02,2026-04-15,2026-09-18,46,41,4.174,0.1739,False,True,36,False,False
Paytm,Payments,10.13.0,2026-04-03,2026-07-20,2026-09-14,16,16,3.188,0.4375,False,False,37,False,False
Paytm,Payments,10.19.0,2026-04-03,2026-07-31,2026-09-17,17,16,3.588,0.3529,False,False,38,False,False
Paytm,Payments,10.26.1,2026-04-03,,2026-09-12,7,7,3.143,0.2857,False,False,39,False,False
Paytm,Payments,10.31.2,2026-04-03,,2026-09-20,8,8,3.625,0.375,False,False,40,False,False
Paytm,Payments,10.37.5,2026-04-03,,2026-07-18,5,5,3.2,0.4,False,False,41,False,False
Paytm,Payments,10.39.1,2026-04-03,2026-06-19,2026-09-14,23,21,3.522,0.3913,False,False,42,False,False
Paytm,Payments,10.48.1,2026-04-03,,2026-09-15,5,5,4.0,0.2,False,False,43,False,False
Paytm,Payments,10.5.0,2026-04-03,,2026-06-16,5,5,3.6,0.4,False,False,44,False,False
Paytm,Payments,10.59.2,2026-04-03,2026-06-18,2026-09-16,15,15,3.467,0.3333,False,False,45,False,False
Paytm,Payments,10.61.1,2026-04-03,2026-05-11,2026-09-19,35,32,4.0,0.2571,False,True,46,False,False
Paytm,Payments,10.64.1,2026-04-03,2026-05-09,2026-09-11,33,31,4.061,0.2121,False,True,47,False,False
Paytm,Payments,8.2.0,2026-04-03,,2026-09-13,4,4,4.75,0.0,False,False,48,False,False
Paytm,Payments,9.0.0,2026-04-03,,2026-05-14,2,2,3.0,0.5,False,False,49,False,False
Paytm,Payments,9.8.3,2026-04-03,2026-07-30,2026-07-30,10,9,3.8,0.3,False,False,50,False,False
Paytm,Payments,10.33.1,2026-04-04,2026-06-15,2026-09-15,19,18,2.421,0.6316,False,False,51,False,False
Paytm,Payments,10.37.6,2026-04-04,2026-06-08,2026-08-29,18,16,3.556,0.2778,False,False,52,False,False
Paytm,Payments,10.52.2,2026-04-04,2026-04-30,2026-09-20,30,27,3.933,0.2333,False,True,53,False,False
Paytm,Payments,8.2.5,2026-04-04,,2026-06-08,2,2,2.5,0.5,False,False,54,False,False
Paytm,Payments,9.10.2,2026-04-04,,2026-08-06,9,9,2.111,0.6667,False,False,55,False,False
Paytm,Payments,9.17.3,2026-04-04,2026-08-11,2026-09-19,14,12,3.0,0.5,False,False,56,False,False
Paytm,Payments,10.43.6,2026-04-05,2026-05-14,2026-09-17,40,34,3.925,0.25,False,True,57,False,False
Paytm,Payments,10.45.0,2026-04-05,2026-07-27,2026-09-18,14,12,2.929,0.5,False,False,58,False,False
Paytm,Payments,10.48.2,2026-04-05,2026-06-01,2026-09-17,22,20,4.0,0.2273,False,False,59,False,False
Paytm,Payments,10.65.1,2026-04-05,2026-05-22,2026-09-04,35,28,4.057,0.1714,False,True,60,False,False
Paytm,Payments,10.20.0,2026-04-06,2026-09-06,2026-09-13,11,11,4.182,0.1818,False,False,61,False,False
Paytm,Payments,10.60.1,2026-04-06,2026-06-16,2026-09-16,26,25,4.038,0.1923,False,False,62,False,False
Paytm,Payments,10.28.2,2026-04-07,,2026-09-13,9,8,3.0,0.4444,False,False,63,False,False
Paytm,Payments,10.53.1,2026-04-07,2026-06-02,2026-09-07,24,21,3.875,0.25,False,False,64,False,False
Paytm,Payments,9.13.4,2026-04-07,,2026-08-30,9,9,3.222,0.4444,False,False,65,False,False
Paytm,Payments,9.20.4,2026-04-07,,2026-09-14,5,5,3.2,0.4,False,False,66,False,False
Paytm,Payments,10.44.4,2026-04-08,2026-09-07,2026-09-16,11,10,3.818,0.1818,False,False,67,False,False
Paytm,Payments,10.77.2,2026-04-09,2026-04-10,2026-09-20,1265,115,4.414,0.117,False,True,68,True,True
Paytm,Payments,5.4.3,2026-04-09,,2026-06-11,3,3,3.667,0.3333,False,False,69,False,False
Paytm,Payments,8.0.1,2026-04-09,,2026-06-04,2,2,3.0,0.5,False,False,70,False,False
Paytm,Payments,8.2.7,2026-04-09,,2026-09-12,5,5,3.4,0.4,False,False,71,False,False
Paytm,Payments,10.30.0,2026-04-10,2026-05-18,2026-09-18,39,36,3.026,0.4872,False,True,72,False,False
Paytm,Payments,10.32.1,2026-04-10,2026-05-22,2026-09-17,37,34,3.784,0.2703,False,True,73,False,False
Paytm,Payments,4.4.2,2026-04-10,,2026-04-10,1,1,1.0,1.0,False,False,74,False,False
Paytm,Payments,10.41.3,2026-04-11,2026-09-06,2026-09-06,10,10,3.3,0.4,False,False,75,False,False
Paytm,Payments,8.4.3,2026-04-11,,2026-04-11,1,1,5.0,0.0,False,False,76,False,False
Paytm,Payments,10.42.2,2026-04-12,2026-08-05,2026-09-12,11,11,4.636,0.0909,False,False,77,False,False
Paytm,Payments,9.21.5,2026-04-12,,2026-08-30,7,7,3.286,0.4286,False,False,78,False,False
Paytm,Payments,6.5.1,2026-04-13,,2026-04-13,1,1,1.0,1.0,False,False,79,False,False
Paytm,Payments,8.3.2,2026-04-13,,2026-04-13,1,1,1.0,1.0,False,False,80,False,False
Paytm,Payments,10.26.0,2026-04-14,,2026-08-28,6,6,3.667,0.3333,False,False,81,False,False
Paytm,Payments,10.43.3,2026-04-14,,2026-09-10,6,6,5.0,0.0,False,False,82,False,False
Paytm,Payments,10.7.0,2026-04-15,2026-06-10,2026-09-17,20,19,3.15,0.45,False,False,83,False,False
Paytm,Payments,10.78.0,2026-04-16,2026-04-17,2026-09-20,1954,131,4.277,0.1556,False,True,84,True,True
Paytm,Payments,10.38.3,2026-04-17,2026-07-08,2026-09-08,21,18,3.095,0.4762,False,False,85,False,False
Paytm,Payments,9.15.2,2026-04-18,,2026-08-18,5,5,3.2,0.4,False,False,86,False,False
Paytm,Payments,10.25.2,2026-04-19,2026-09-13,2026-09-13,10,10,3.9,0.3,False,False,87,False,False
Paytm,Payments,9.13.7,2026-04-20,2026-07-10,2026-09-06,17,17,3.471,0.2941,False,False,88,False,False
Paytm,Payments,10.16.0,2026-04-22,,2026-08-29,3,3,4.333,0.0,False,False,89,False,False
Paytm,Payments,10.41.4,2026-04-22,,2026-09-14,8,8,3.625,0.375,False,False,90,False,False
Paytm,Payments,10.23.2,2026-04-23,2026-06-22,2026-09-13,18,17,3.278,0.3889,False,False,91,False,False
Paytm,Payments,10.8.0,2026-04-24,,2026-09-18,8,8,3.5,0.375,False,False,92,False,False
Paytm,Payments,8.11.4,2026-04-25,,2026-08-31,2,2,3.0,0.5,False,False,93,False,False
Paytm,Payments,10.17.0,2026-04-26,,2026-08-09,7,7,2.714,0.5714,False,False,94,False,False
Paytm,Payments,10.24.0,2026-04-29,,2026-09-07,6,6,3.0,0.5,False,False,95,False,False
Paytm,Payments,7.3.0,2026-04-29,,2026-04-29,1,1,1.0,1.0,False,False,96,False,False
Paytm,Payments,8.4.1,2026-04-30,,2026-08-24,3,3,2.333,0.6667,False,False,97,False,False
Paytm,Payments,10.79.0,2026-05-01,2026-05-02,2026-09-09,457,62,4.133,0.186,False,True,98,True,True
Paytm,Payments,10.38.2,2026-05-03,,2026-05-03,1,1,1.0,1.0,False,False,99,False,False
Paytm,Payments,10.39.0,2026-05-03,,2026-08-30,2,2,4.0,0.0,False,False,100,False,False
Paytm,Payments,10.27.0,2026-05-04,,2026-08-02,4,4,3.0,0.5,False,False,101,False,False
Paytm,Payments,10.34.1,2026-05-05,,2026-09-15,6,6,3.333,0.3333,False,False,102,False,False
Paytm,Payments,10.79.1,2026-05-05,2026-05-06,2026-09-20,4260,132,4.281,0.1498,False,True,103,True,True
Paytm,Payments,9.16.3,2026-05-05,,2026-08-03,2,2,1.0,1.0,False,False,104,False,False
Paytm,Payments,10.35.1,2026-05-06,,2026-09-20,7,7,2.714,0.5714,False,False,105,False,False
Paytm,Payments,9.19.2,2026-05-06,,2026-05-06,1,1,5.0,0.0,False,False,106,False,False
Paytm,Payments,9.3.0,2026-05-06,,2026-09-14,3,3,5.0,0.0,False,False,107,False,False
Paytm,Payments,9.11.4,2026-05-08,,2026-07-09,3,3,2.333,0.6667,False,False,108,False,False
Paytm,Payments,10.3.0,2026-05-10,,2026-08-23,6,6,3.167,0.5,False,False,109,False,False
Paytm,Payments,8.5.0,2026-05-10,,2026-05-10,1,1,1.0,1.0,False,False,110,False,False
Paytm,Payments,5.4.2,2026-05-11,,2026-05-11,1,1,1.0,1.0,False,False,111,False,False
Paytm,Payments,9.7.3,2026-05-11,,2026-09-13,3,3,5.0,0.0,False,False,112,False,False
Paytm,Payments,8.12.2,2026-05-12,,2026-05-12,1,1,2.0,1.0,False,False,113,False,False
Paytm,Payments,8.11.0,2026-05-13,,2026-05-13,1,1,5.0,0.0,False,False,114,False,False
Paytm,Payments,9.19.3,2026-05-13,,2026-09-19,4,4,3.75,0.25,False,False,115,False,False
Paytm,Payments,9.9.3,2026-05-13,,2026-07-01,4,4,3.0,0.5,False,False,116,False,False
Paytm,Payments,9.16.4,2026-05-15,,2026-07-24,4,4,2.0,0.75,False,False,117,False,False
Paytm,Payments,9.6.3,2026-05-15,,2026-09-05,6,6,4.333,0.1667,False,False,118,False,False
Paytm,Payments,10.37.4,2026-05-16,2026-08-29,2026-09-20,12,12,3.167,0.4167,False,False,119,False,False
Paytm,Payments,10.56.2,2026-05-19,,2026-08-28,7,7,4.571,0.0,False,False,120,False,False
Paytm,Payments,8.2.3,2026-05-22,,2026-05-22,1,1,1.0,1.0,False,False,121,False,False
Paytm,Payments,9.18.3,2026-05-22,,2026-07-09,4,4,4.0,0.25,False,False,122,False,False
Paytm,Payments,10.80.0,2026-05-23,2026-05-23,2026-09-19,3139,100,4.397,0.1169,False,True,123,True,True
Paytm,Payments,10.44.2,2026-05-26,2026-09-08,2026-09-08,10,10,3.9,0.2,False,False,124,False,False
Paytm,Payments,9.21.4,2026-05-28,,2026-09-08,5,5,3.4,0.4,False,False,125,False,False
Paytm,Payments,5.5.8,2026-05-29,,2026-05-29,1,1,1.0,1.0,False,False,126,False,False
Paytm,Payments,8.5.2,2026-06-01,,2026-06-01,1,1,5.0,0.0,False,False,127,False,False
Paytm,Payments,10.4.0,2026-06-02,,2026-09-09,4,4,4.0,0.25,False,False,128,False,False
Paytm,Payments,6.0.0,2026-06-04,,2026-06-04,1,1,5.0,0.0,False,False,129,False,False
Paytm,Payments,10.80.1,2026-06-05,2026-06-06,2026-09-20,3424,100,4.402,0.1192,False,True,130,True,True
Paytm,Payments,8.8.4,2026-06-06,,2026-06-06,1,1,5.0,0.0,False,False,131,False,False
Paytm,Payments,9.13.3,2026-06-06,,2026-06-06,1,1,1.0,1.0,False,False,132,False,False
Paytm,Payments,10.23.0,2026-06-12,,2026-08-23,2,2,4.5,0.0,False,False,133,False,False
Paytm,Payments,5.10.1,2026-06-12,,2026-07-06,2,2,1.0,1.0,False,False,134,False,False
Paytm,Payments,9.5.0,2026-06-14,,2026-07-10,2,2,3.5,0.0,False,False,135,False,False
Paytm,Payments,9.18.2,2026-06-18,,2026-06-18,1,1,1.0,1.0,False,False,136,False,False
Paytm,Payments,10.81.1,2026-06-20,2026-06-21,2026-09-19,890,68,4.343,0.1292,False,True,137,True,True
Paytm,Payments,8.2.12,2026-06-21,,2026-06-21,1,1,5.0,0.0,False,False,138,False,False
Paytm,Payments,10.6.0,2026-06-22,,2026-09-20,6,6,2.333,0.6667,False,False,139,False,False
Paytm,Payments,8.2.8,2026-06-25,,2026-08-21,2,2,3.0,0.5,False,False,140,False,False
Paytm,Payments,10.82.3,2026-06-26,2026-06-27,2026-09-19,977,66,4.393,0.1218,False,True,141,True,True
Paytm,Payments,10.25.1,2026-06-27,,2026-08-04,3,3,2.667,0.3333,False,False,142,False,False
Paytm,Payments,7.3.2,2026-06-27,,2026-06-27,1,1,5.0,0.0,False,False,143,False,False
Paytm,Payments,8.15.0,2026-06-28,,2026-08-10,2,2,5.0,0.0,False,False,144,False,False
Paytm,Payments,10.82.5,2026-07-01,2026-07-02,2026-09-19,787,59,4.273,0.1588,False,True,145,True,True
Paytm,Payments,8.12.4,2026-07-05,,2026-07-05,1,1,1.0,1.0,False,False,146,False,False
Paytm,Payments,10.82.6,2026-07-06,2026-07-07,2026-09-19,705,50,4.518,0.0922,False,True,147,True,True
Paytm,Payments,10.82.7,2026-07-08,2026-07-09,2026-09-17,1154,62,4.436,0.1161,False,True,148,True,True
Paytm,Payments,7.0.3,2026-07-09,,2026-07-09,1,1,5.0,0.0,False,False,149,False,False
Paytm,Payments,9.3.2,2026-07-10,,2026-08-22,2,2,1.5,1.0,False,False,150,False,False
Paytm,Payments,10.83.1,2026-07-14,2026-07-15,2026-09-20,1212,66,4.474,0.113,False,True,151,True,True
Paytm,Payments,6.5.2,2026-07-16,,2026-07-16,1,1,5.0,0.0,False,False,152,False,False
Paytm,Payments,7.0.0,2026-07-17,,2026-07-17,1,1,1.0,1.0,False,False,153,False,False
Paytm,Payments,10.83.5,2026-07-20,2026-07-21,2026-09-20,1068,60,4.487,0.1096,False,True,154,True,True
Paytm,Payments,8.2.11,2026-07-21,,2026-07-21,1,1,1.0,1.0,False,False,155,False,False
Paytm,Payments,10.83.9,2026-07-26,2026-07-27,2026-09-19,312,36,4.651,0.0673,False,True,156,True,True
Paytm,Payments,10.83.2,2026-07-28,,2026-07-28,1,1,5.0,0.0,False,False,157,False,False
Paytm,Payments,10.83.10,2026-07-29,2026-07-30,2026-09-20,1064,51,4.467,0.1194,False,True,158,True,True
Paytm,Payments,10.83.12,2026-08-01,2026-08-02,2026-09-20,6918,51,4.516,0.1048,False,True,159,True,True
Paytm,Payments,7.3.4,2026-08-02,,2026-08-02,1,1,5.0,0.0,False,False,160,False,False
Paytm,Payments,10.40.0,2026-08-06,,2026-09-17,2,2,2.0,0.5,False,False,161,False,False
Paytm,Payments,7.4.3,2026-08-10,,2026-08-10,1,1,1.0,1.0,False,False,162,False,False
Paytm,Payments,8.12.5,2026-08-10,,2026-08-10,1,1,1.0,1.0,False,False,163,False,False
Paytm,Payments,10.44.3,2026-08-11,,2026-08-11,1,1,4.0,0.0,False,False,164,False,False
Paytm,Payments,8.14.0,2026-08-15,,2026-08-27,2,2,4.5,0.0,False,False,165,False,False
Paytm,Payments,8.0.4,2026-08-17,,2026-08-17,1,1,5.0,0.0,False,False,166,False,False
Paytm,Payments,10.84.1,2026-08-21,2026-08-22,2026-09-20,477,31,4.426,0.1258,False,True,167,True,True
Paytm,Payments,10.42.1,2026-08-24,,2026-08-24,1,1,1.0,1.0,False,False,168,False,False
Paytm,Payments,7.2.1,2026-08-24,,2026-08-24,1,1,1.0,1.0,False,False,169,False,False
Paytm,Payments,10.84.3,2026-08-28,,2026-08-29,2,2,1.0,1.0,False,False,170,False,False
Paytm,Payments,8.16.2,2026-08-28,,2026-08-28,1,1,5.0,0.0,False,False,171,False,False
Paytm,Payments,1.0,2026-09-02,,2026-09-07,2,2,3.0,0.5,False,False,172,False,False
Paytm,Payments,10.84.5,2026-09-02,2026-09-03,2026-09-20,2062,19,3.995,0.2255,False,True,173,True,True
Paytm,Payments,5.0.2,2026-09-05,,2026-09-05,1,1,1.0,1.0,False,False,174,False,False
Paytm,Payments,9.4.2,2026-09-05,,2026-09-20,2,2,3.0,0.5,False,False,175,False,False
Paytm,Payments,4.2.2,2026-09-06,,2026-09-06,1,1,1.0,1.0,False,False,176,False,False
Paytm,Payments,5.5.5,2026-09-10,,2026-09-10,1,1,1.0,1.0,False,False,177,False,False
Paytm,Payments,8.2.10,2026-09-10,,2026-09-10,1,1,5.0,0.0,False,False,178,False,False
Paytm,Payments,10.58.3,2026-09-11,,2026-09-11,1,1,5.0,0.0,False,False,179,False,False
Paytm,Payments,10.85.3,2026-09-16,2026-09-17,2026-09-20,174,5,4.5,0.1149,False,True,180,True,True
PhonePe,Payments,23.07.21.0.5,2026-04-01,2026-08-21,2026-09-20,14,14,3.714,0.2857,True,False,1,False,False
PhonePe,Payments,23.09.29.0,2026-04-01,2026-07-18,2026-09-19,12,12,4.333,0.1667,True,False,2,False,False
PhonePe,Payments,23.10.13.0,2026-04-01,2026-05-13,2026-09-12,22,22,4.455,0.0909,True,False,3,False,False
PhonePe,Payments,23.11.10.0,2026-04-01,2026-06-09,2026-09-19,26,25,4.038,0.1923,True,False,4,False,False
PhonePe,Payments,24.01.05.0,2026-04-01,2026-05-14,2026-09-03,33,27,4.242,0.1818,True,True,5,False,False
PhonePe,Payments,24.01.19.0,2026-04-01,2026-05-03,2026-09-17,25,23,4.28,0.16,True,False,6,False,False
PhonePe,Payments,24.03.22.0,2026-04-01,2026-05-14,2026-09-18,37,32,3.946,0.2162,True,True,7,False,False
PhonePe,Payments,24.05.17.0,2026-04-01,2026-07-06,2026-09-20,19,18,3.947,0.2632,True,False,8,False,False
PhonePe,Payments,24.07.12.0,2026-04-01,2026-05-16,2026-09-18,26,26,4.0,0.1923,True,False,9,False,False
PhonePe,Payments,24.07.26.0,2026-04-01,2026-05-27,2026-09-15,33,31,3.636,0.303,True,True,10,False,False
PhonePe,Payments,24.09.20.0,2026-04-01,2026-04-10,2026-09-15,59,50,4.458,0.1186,True,True,11,False,False
PhonePe,Payments,24.11.15.0,2026-04-01,2026-05-05,2026-09-01,33,28,4.212,0.1818,True,True,12,False,False
PhonePe,Payments,24.12.13.0,2026-04-01,2026-04-17,2026-09-19,38,34,3.895,0.2105,True,True,13,False,False
PhonePe,Payments,24.12.27.0,2026-04-01,2026-04-05,2026-09-19,98,63,4.327,0.1429,True,True,14,False,False
PhonePe,Payments,25.01.10.0,2026-04-01,2026-04-23,2026-09-20,51,40,4.176,0.1569,True,True,15,False,False
PhonePe,Payments,25.02.12.0,2026-04-01,2026-04-05,2026-09-19,231,124,3.996,0.2294,True,True,16,False,False
PhonePe,Payments,25.03.21.0,2026-04-01,2026-04-07,2026-09-18,106,77,4.377,0.1132,True,True,17,False,False
PhonePe,Payments,25.04.04.0,2026-04-01,2026-04-10,2026-09-19,73,54,4.192,0.1644,True,True,18,False,False
PhonePe,Payments,25.04.18.0,2026-04-01,2026-04-28,2026-09-19,73,55,4.274,0.137,True,True,19,False,False
PhonePe,Payments,25.05.30.0,2026-04-01,2026-04-12,2026-09-18,86,69,4.186,0.1279,True,True,20,False,False
PhonePe,Payments,25.07.11.0,2026-04-01,2026-04-08,2026-09-19,66,56,4.273,0.1515,True,True,21,False,False
PhonePe,Payments,25.08.22.0,2026-04-01,2026-04-09,2026-09-19,99,73,4.465,0.0909,True,True,22,False,False
PhonePe,Payments,25.09.05.0,2026-04-01,2026-04-04,2026-09-19,103,72,4.019,0.2233,True,True,23,False,False
PhonePe,Payments,25.09.19.0,2026-04-01,2026-04-11,2026-09-18,77,64,4.312,0.1558,True,True,24,False,False
PhonePe,Payments,25.10.03.0,2026-04-01,2026-04-06,2026-09-20,193,109,4.119,0.171,True,True,25,False,False
PhonePe,Payments,25.11.14.0,2026-04-01,2026-04-23,2026-09-12,43,38,4.465,0.1163,True,True,26,False,False
PhonePe,Payments,25.11.21.0,2026-04-01,2026-04-09,2026-09-16,72,57,4.153,0.1806,True,True,27,False,False
PhonePe,Payments,25.11.28.0,2026-04-01,2026-04-05,2026-09-19,116,84,4.017,0.1897,True,True,28,False,False
PhonePe,Payments,25.12.12.0,2026-04-01,2026-04-01,2026-09-20,354,140,4.288,0.1384,True,True,29,False,False
PhonePe,Payments,26.01.02.0,2026-04-01,2026-04-02,2026-09-18,157,90,4.331,0.1338,True,True,30,False,False
PhonePe,Payments,26.01.16.0,2026-04-01,2026-04-01,2026-09-19,249,113,4.305,0.1245,True,True,31,False,False
PhonePe,Payments,26.01.30.0,2026-04-01,2026-04-02,2026-09-19,208,93,4.404,0.1106,True,True,32,False,False
PhonePe,Payments,26.02.13.0,2026-04-01,2026-04-01,2026-09-20,335,115,4.418,0.1045,True,True,33,False,False
PhonePe,Payments,26.02.27.0,2026-04-01,2026-04-01,2026-09-20,8988,162,4.477,0.0809,True,True,34,False,False
PhonePe,Payments,26.03.13.0,2026-04-01,2026-04-01,2026-09-20,6287,149,4.478,0.0845,True,True,35,False,False
PhonePe,Payments,4.1.33,2026-04-01,,2026-08-27,9,9,3.222,0.4444,True,False,36,False,False
PhonePe,Payments,23.06.09.0.3,2026-04-02,2026-09-17,2026-09-20,11,11,4.182,0.1818,False,False,37,False,False
PhonePe,Payments,23.12.08.0,2026-04-02,2026-08-08,2026-09-20,13,12,4.308,0.1538,False,False,38,False,False
PhonePe,Payments,24.03.08.0,2026-04-02,2026-07-28,2026-08-29,12,12,3.75,0.3333,False,False,39,False,False
PhonePe,Payments,24.04.05.0,2026-04-02,2026-05-12,2026-09-16,27,25,4.074,0.1852,False,False,40,False,False
PhonePe,Payments,24.04.19.0,2026-04-02,2026-06-12,2026-09-06,19,18,3.842,0.2632,False,False,41,False,False
PhonePe,Payments,24.06.14.0,2026-04-02,2026-05-14,2026-09-19,30,27,4.067,0.1667,False,True,42,False,False
PhonePe,Payments,24.06.28.0,2026-04-02,2026-07-10,2026-09-20,16,13,3.75,0.25,False,False,43,False,False
PhonePe,Payments,24.11.04.0,2026-04-02,2026-05-22,2026-09-12,24,22,3.917,0.1667,False,False,44,False,False
PhonePe,Payments,24.11.29.0,2026-04-02,2026-05-16,2026-09-04,23,23,3.522,0.3043,False,False,45,False,False
PhonePe,Payments,25.02.03.0,2026-04-02,2026-05-04,2026-09-18,43,40,4.14,0.186,False,True,46,False,False
PhonePe,Payments,25.05.02.0,2026-04-02,2026-04-13,2026-09-20,103,69,4.272,0.1456,False,True,47,False,False
PhonePe,Payments,25.05.16.0,2026-04-02,2026-05-08,2026-09-12,34,32,4.118,0.1471,False,True,48,False,False
PhonePe,Payments,25.06.13.0,2026-04-02,2026-04-29,2026-09-18,40,36,4.35,0.125,False,True,49,False,False
PhonePe,Payments,25.06.27.0,2026-04-02,2026-04-07,2026-09-19,188,108,4.239,0.1436,False,True,50,False,False
PhonePe,Payments,25.07.25.0,2026-04-02,2026-04-16,2026-09-19,57,49,4.316,0.1404,False,True,51,False,False
PhonePe,Payments,25.08.08.0,2026-04-02,2026-04-16,2026-09-20,67,58,4.343,0.1194,False,True,52,False,False
PhonePe,Payments,4.1.11,2026-04-02,2026-07-28,2026-09-20,17,17,4.118,0.1765,False,False,53,False,False
PhonePe,Payments,4.1.38,2026-04-02,,2026-09-19,9,8,3.556,0.3333,False,False,54,False,False
PhonePe,Payments,4.1.43,2026-04-02,2026-07-31,2026-09-11,15,15,4.333,0.1333,False,False,55,False,False
PhonePe,Payments,4.1.44,2026-04-02,,2026-08-07,8,8,3.875,0.25,False,False,56,False,False
PhonePe,Payments,4.1.45,2026-04-02,,2026-09-16,8,8,3.0,0.5,False,False,57,False,False
PhonePe,Payments,4.1.48,2026-04-02,,2026-07-30,7,7,3.286,0.4286,False,False,58,False,False
PhonePe,Payments,23.05.13.0.4,2026-04-03,2026-05-25,2026-09-14,27,25,4.185,0.1481,False,False,59,False,False
PhonePe,Payments,24.10.18.0,2026-04-03,2026-06-09,2026-09-15,20,19,4.5,0.1,False,False,60,False,False
PhonePe,Payments,4.1.08,2026-04-03,,2026-09-18,3,3,3.667,0.3333,False,False,61,False,False
PhonePe,Payments,4.1.30,2026-04-03,2026-09-18,2026-09-18,10,10,3.6,0.3,False,False,62,False,False
PhonePe,Payments,4.1.40,2026-04-03,2026-07-30,2026-09-16,15,15,3.067,0.4667,False,False,63,False,False
PhonePe,Payments,23.09.01.0,2026-04-04,2026-07-02,2026-09-20,20,20,3.7,0.3,False,False,64,False,False
PhonePe,Payments,26.03.20.6,2026-04-04,,2026-04-04,1,1,1.0,1.0,False,False,65,False,False
PhonePe,Payments,4.1.14,2026-04-04,2026-05-09,2026-09-18,26,23,3.885,0.2308,False,False,66,False,False
PhonePe,Payments,4.1.22,2026-04-04,,2026-09-05,3,3,5.0,0.0,False,False,67,False,False
PhonePe,Payments,4.1.35,2026-04-04,2026-09-08,2026-09-08,10,8,4.3,0.2,False,False,68,False,False
PhonePe,Payments,23.09.15.0,2026-04-05,2026-08-24,2026-09-04,13,13,3.385,0.3077,False,False,69,False,False
PhonePe,Payments,23.05.26.1.1,2026-04-06,2026-08-29,2026-09-18,11,11,3.545,0.3636,False,False,70,False,False
PhonePe,Payments,24.10.04.0,2026-04-06,2026-06-22,2026-07-28,16,14,3.562,0.3125,False,False,71,False,False
PhonePe,Payments,4.1.28,2026-04-06,,2026-05-10,3,3,2.0,0.6667,False,False,72,False,False
PhonePe,Payments,4.1.34,2026-04-06,,2026-07-04,4,4,3.75,0.25,False,False,73,False,False
PhonePe,Payments,4.1.39,2026-04-06,2026-08-08,2026-09-17,12,10,3.167,0.4167,False,False,74,False,False
PhonePe,Payments,4.1.42.1,2026-04-06,2026-09-05,2026-09-05,10,9,3.8,0.3,False,False,75,False,False
PhonePe,Payments,24.08.09.0,2026-04-07,2026-04-13,2026-09-09,54,46,4.167,0.1296,False,True,76,False,False
PhonePe,Payments,25.10.31.0,2026-04-07,2026-04-20,2026-09-17,57,45,4.0,0.2281,False,True,77,False,False
PhonePe,Payments,23.07.07.0.4,2026-04-08,2026-07-24,2026-09-18,19,18,3.158,0.4211,False,False,78,False,False
PhonePe,Payments,4.0.09,2026-04-08,,2026-07-21,6,6,5.0,0.0,False,False,79,False,False
PhonePe,Payments,4.1.32,2026-04-08,,2026-05-25,3,3,2.667,0.6667,False,False,80,False,False
PhonePe,Payments,4.1.49,2026-04-08,2026-06-03,2026-08-23,22,22,3.818,0.2727,False,False,81,False,False
PhonePe,Payments,24.05.03.0,2026-04-09,2026-07-02,2026-09-14,14,13,4.714,0.0714,False,False,82,False,False
PhonePe,Payments,3.3.2,2026-04-09,,2026-04-09,1,1,5.0,0.0,False,False,83,False,False
PhonePe,Payments,24.02.23.0,2026-04-12,2026-05-27,2026-09-18,27,26,4.37,0.1481,False,False,84,False,False
PhonePe,Payments,24.05.31.0,2026-04-12,2026-08-02,2026-09-18,11,11,3.909,0.1818,False,False,85,False,False
PhonePe,Payments,24.08.23.0,2026-04-12,2026-05-27,2026-09-05,20,18,3.7,0.3,False,False,86,False,False
PhonePe,Payments,4.1.50,2026-04-12,2026-08-22,2026-09-19,11,11,3.818,0.2727,False,False,87,False,False
PhonePe,Payments,23.06.23.0.5,2026-04-13,2026-08-23,2026-09-13,13,13,4.0,0.2308,False,False,88,False,False
PhonePe,Payments,4.1.03,2026-04-13,,2026-08-14,3,3,5.0,0.0,False,False,89,False,False
PhonePe,Payments,4.0.18,2026-04-14,,2026-09-18,5,4,4.2,0.2,False,False,90,False,False
PhonePe,Payments,3.3.51,2026-04-15,,2026-04-15,1,1,5.0,0.0,False,False,91,False,False
PhonePe,Payments,24.09.06.0,2026-04-16,2026-06-04,2026-09-10,23,18,3.348,0.3913,False,False,92,False,False
PhonePe,Payments,4.1.17,2026-04-16,,2026-08-30,9,9,3.333,0.3333,False,False,93,False,False
PhonePe,Payments,4.1.06,2026-04-17,,2026-06-22,3,3,4.333,0.0,False,False,94,False,False
PhonePe,Payments,26.03.30.4,2026-04-19,,2026-04-19,1,1,1.0,1.0,False,False,95,False,False
PhonePe,Payments,26.04.14.6,2026-04-19,,2026-04-19,1,1,5.0,0.0,False,False,96,False,False
PhonePe,Payments,26.04.15.6,2026-04-19,,2026-04-19,1,1,4.0,0.0,False,False,97,False,False
PhonePe,Payments,3.3.13,2026-04-20,,2026-08-28,2,2,3.5,0.5,False,False,98,False,False
PhonePe,Payments,4.1.05,2026-04-20,,2026-07-20,2,2,5.0,0.0,False,False,99,False,False
PhonePe,Payments,26.04.10.0,2026-04-22,2026-04-23,2026-09-20,6494,132,4.472,0.083,False,True,100,True,True
PhonePe,Payments,4.1.20,2026-04-23,,2026-06-21,3,3,5.0,0.0,False,False,101,False,False
PhonePe,Payments,24.02.02.0,2026-04-24,,2026-08-16,2,2,4.0,0.0,False,False,102,False,False
PhonePe,Payments,26.02.02.6,2026-04-25,,2026-04-25,1,1,1.0,1.0,False,False,103,False,False
PhonePe,Payments,4.1.46,2026-04-25,,2026-08-27,9,9,4.556,0.1111,False,False,104,False,False
PhonePe,Payments,23.08.04.0.7,2026-04-26,,2026-07-20,4,3,4.75,0.0,False,False,105,False,False
PhonePe,Payments,4.1.29,2026-04-26,,2026-09-14,6,6,3.5,0.3333,False,False,106,False,False
PhonePe,Payments,23.12.22.0,2026-04-27,,2026-08-28,3,3,3.667,0.3333,False,False,107,False,False
PhonePe,Payments,23.10.27.0,2026-04-30,,2026-08-30,5,5,4.2,0.2,False,False,108,False,False
PhonePe,Payments,26.04.24.6,2026-05-02,,2026-05-08,3,3,2.333,0.6667,False,False,109,False,False
PhonePe,Payments,4.1.15,2026-05-02,,2026-09-20,8,8,3.0,0.5,False,False,110,False,False
PhonePe,Payments,4.1.36,2026-05-02,,2026-08-29,7,7,3.286,0.4286,False,False,111,False,False
PhonePe,Payments,4.1.27,2026-05-04,2026-06-26,2026-09-20,19,17,4.632,0.0526,False,False,112,False,False
PhonePe,Payments,4.1.42,2026-05-04,,2026-05-04,1,1,5.0,0.0,False,False,113,False,False
PhonePe,Payments,4.1.26,2026-05-06,,2026-09-13,3,3,2.0,0.6667,False,False,114,False,False
PhonePe,Payments,26.04.24.0,2026-05-07,2026-05-08,2026-09-20,6725,131,4.484,0.0854,False,True,115,True,True
PhonePe,Payments,4.1.24,2026-05-07,,2026-09-17,3,3,3.667,0.3333,False,False,116,False,False
PhonePe,Payments,4.1.37,2026-05-07,,2026-08-05,5,5,3.8,0.2,False,False,117,False,False
PhonePe,Payments,23.08.18.0,2026-05-11,,2026-08-27,7,7,4.286,0.1429,False,False,118,False,False
PhonePe,Payments,26.04.27.4,2026-05-11,,2026-05-11,1,1,5.0,0.0,False,False,119,False,False
PhonePe,Payments,4.1.10,2026-05-11,,2026-05-11,1,1,1.0,1.0,False,False,120,False,False
PhonePe,Payments,4.1.31,2026-05-11,,2026-09-12,5,5,5.0,0.0,False,False,121,False,False
PhonePe,Payments,3.3.47,2026-05-12,,2026-07-01,2,2,5.0,0.0,False,False,122,False,False
PhonePe,Payments,4.1.41,2026-05-13,,2026-09-16,2,2,5.0,0.0,False,False,123,False,False
PhonePe,Payments,26.05.06.6,2026-05-16,,2026-05-16,1,1,1.0,1.0,False,False,124,False,False
PhonePe,Payments,3.3.32,2026-05-16,,2026-05-22,2,2,5.0,0.0,False,False,125,False,False
PhonePe,Payments,4.1.27-beta,2026-05-17,,2026-09-07,2,2,5.0,0.0,False,False,126,False,False
PhonePe,Payments,23.11.24.1,2026-05-20,,2026-07-26,3,3,3.667,0.3333,False,False,127,False,False
PhonePe,Payments,26.05.08.0,2026-05-20,2026-05-22,2026-09-20,5196,116,4.449,0.0916,False,True,128,True,True
PhonePe,Payments,3.3.39,2026-05-20,,2026-05-20,1,1,1.0,1.0,False,False,129,False,False
PhonePe,Payments,25.12.10.0,2026-05-21,,2026-08-14,4,4,3.5,0.25,False,False,130,False,False
PhonePe,Payments,4.1.21,2026-05-23,,2026-07-09,3,3,3.333,0.3333,False,False,131,False,False
PhonePe,Payments,4.1.25,2026-05-26,,2026-09-14,3,3,1.0,1.0,False,False,132,False,False
PhonePe,Payments,4.1.47,2026-05-30,,2026-09-18,5,4,3.4,0.4,False,False,133,False,False
PhonePe,Payments,3.3.31,2026-05-31,,2026-08-13,2,2,3.0,0.5,False,False,134,False,False
PhonePe,Payments,3.4.05,2026-05-31,,2026-08-03,2,2,4.0,0.0,False,False,135,False,False
PhonePe,Payments,4.1.09,2026-06-01,,2026-09-09,3,3,3.667,0.3333,False,False,136,False,False
PhonePe,Payments,4.1.23,2026-06-01,,2026-07-29,3,3,3.333,0.3333,False,False,137,False,False
PhonePe,Payments,26.05.22.0,2026-06-02,2026-06-03,2026-09-20,2814,95,4.408,0.1077,False,True,138,True,True
PhonePe,Payments,26.05.25.6,2026-06-02,,2026-06-02,1,1,1.0,1.0,False,False,139,False,False
PhonePe,Payments,4.1.48.1,2026-06-02,,2026-06-02,1,1,5.0,0.0,False,False,140,False,False
PhonePe,Payments,4.0.13,2026-06-05,,2026-07-24,6,6,4.333,0.0,False,False,141,False,False
PhonePe,Payments,26.06.08.4,2026-06-14,,2026-06-14,1,1,2.0,1.0,False,False,142,False,False
PhonePe,Payments,26.06.02.6,2026-06-15,,2026-06-15,1,1,2.0,1.0,False,False,143,False,False
PhonePe,Payments,3.3.43,2026-06-15,,2026-06-15,1,1,5.0,0.0,False,False,144,False,False
PhonePe,Payments,4.1.18,2026-06-16,,2026-06-16,1,1,5.0,0.0,False,False,145,False,False
PhonePe,Payments,26.05.14.6,2026-06-17,,2026-06-17,1,1,5.0,0.0,False,False,146,False,False
PhonePe,Payments,3.3.41,2026-06-17,,2026-06-17,1,1,1.0,1.0,False,False,147,False,False
PhonePe,Payments,26.06.05.0,2026-06-18,2026-06-19,2026-09-18,2516,84,4.434,0.1014,False,True,148,True,True
PhonePe,Payments,26.06.05.6,2026-06-18,,2026-06-18,1,1,5.0,0.0,False,False,149,False,False
PhonePe,Payments,26.06.15.4,2026-06-19,,2026-06-19,1,1,1.0,1.0,False,False,150,False,False
PhonePe,Payments,23.05.26.0.6,2026-06-22,,2026-06-22,1,1,5.0,0.0,False,False,151,False,False
PhonePe,Payments,26.06.12.0,2026-06-23,2026-06-24,2026-09-20,3255,85,4.412,0.1008,False,True,152,True,True
PhonePe,Payments,26.06.16.6,2026-06-26,,2026-06-26,1,1,1.0,1.0,False,False,153,False,False
PhonePe,Payments,3.4.07,2026-06-27,,2026-06-27,1,1,2.0,1.0,False,False,154,False,False
PhonePe,Payments,26.06.19.0,2026-07-02,2026-07-03,2026-09-20,4622,81,4.437,0.0965,False,True,155,True,True
PhonePe,Payments,4.1.19,2026-07-02,,2026-08-30,3,3,3.0,0.3333,False,False,156,False,False
PhonePe,Payments,26.06.26.6,2026-07-04,,2026-07-04,1,1,1.0,1.0,False,False,157,False,False
PhonePe,Payments,26.06.23.4,2026-07-05,,2026-07-05,1,1,1.0,1.0,False,False,158,False,False
PhonePe,Payments,26.07.01.6,2026-07-08,,2026-07-08,1,1,5.0,0.0,False,False,159,False,False
PhonePe,Payments,3.4.10,2026-07-08,,2026-07-08,1,1,1.0,1.0,False,False,160,False,False
PhonePe,Payments,4.0.12,2026-07-09,,2026-07-09,1,1,1.0,1.0,False,False,161,False,False
PhonePe,Payments,26.07.03.0,2026-07-16,2026-07-17,2026-09-20,13216,67,4.506,0.0779,False,True,162,True,True
PhonePe,Payments,26.07.13.4,2026-07-18,,2026-07-18,1,1,5.0,0.0,False,False,163,False,False
PhonePe,Payments,26.07.14.6,2026-07-19,,2026-07-19,1,1,4.0,0.0,False,False,164,False,False
PhonePe,Payments,26.07.10.0,2026-07-23,2026-07-24,2026-09-20,4356,60,4.474,0.0865,False,True,165,True,True
PhonePe,Payments,3.3.7,2026-07-25,,2026-07-25,1,1,1.0,1.0,False,False,166,False,False
PhonePe,Payments,26.07.16.6,2026-08-01,,2026-08-01,1,1,5.0,0.0,False,False,167,False,False
PhonePe,Payments,26.07.24.6,2026-08-03,,2026-08-03,1,1,1.0,1.0,False,False,168,False,False
PhonePe,Payments,3.3.46,2026-08-03,,2026-08-03,1,1,5.0,0.0,False,False,169,False,False
PhonePe,Payments,4.1.02,2026-08-03,,2026-08-03,1,1,4.0,0.0,False,False,170,False,False
PhonePe,Payments,26.07.30.6,2026-08-04,,2026-08-19,2,2,5.0,0.0,False,False,171,False,False
PhonePe,Payments,4.0.16,2026-08-10,,2026-08-10,1,1,5.0,0.0,False,False,172,False,False
PhonePe,Payments,3.2.3,2026-08-11,,2026-08-11,1,1,1.0,1.0,False,False,173,False,False
PhonePe,Payments,3.4.02,2026-08-18,,2026-08-18,1,1,5.0,0.0,False,False,174,False,False
PhonePe,Payments,26.07.31.0,2026-08-19,2026-08-20,2026-09-20,483,33,4.387,0.1077,False,True,175,True,True
PhonePe,Payments,26.08.11.6,2026-08-20,,2026-08-20,1,1,5.0,0.0,False,False,176,False,False
PhonePe,Payments,26.08.18.6,2026-08-24,,2026-09-01,2,2,3.0,0.5,False,False,177,False,False
PhonePe,Payments,26.08.14.0,2026-08-26,2026-08-26,2026-09-20,1081,26,4.397,0.1064,False,True,178,True,True
PhonePe,Payments,26.08.19.6,2026-08-29,,2026-08-29,1,1,4.0,0.0,False,False,179,False,False
PhonePe,Payments,4.1.13,2026-08-29,,2026-09-09,2,2,3.0,0.5,False,False,180,False,False
PhonePe,Payments,26.08.14.6,2026-09-01,,2026-09-01,1,1,5.0,0.0,False,False,181,False,False
PhonePe,Payments,26.08.17.4,2026-09-04,,2026-09-04,1,1,1.0,1.0,False,False,182,False,False
PhonePe,Payments,26.08.28.0,2026-09-08,2026-09-09,2026-09-20,2817,13,4.381,0.1115,False,True,183,True,True
PhonePe,Payments,4.0.03,2026-09-08,,2026-09-11,2,2,5.0,0.0,False,False,184,False,False
PhonePe,Payments,26.08.04.4,2026-09-09,,2026-09-09,1,1,5.0,0.0,False,False,185,False,False
PhonePe,Payments,26.09.02.6,2026-09-10,,2026-09-10,1,1,5.0,0.0,False,False,186,False,False
PhonePe,Payments,4.1.0,2026-09-10,,2026-09-10,1,1,1.0,1.0,False,False,187,False,False
PhonePe,Payments,4.1.07,2026-09-10,,2026-09-10,1,1,5.0,0.0,False,False,188,False,False
PhonePe,Payments,3.4.04,2026-09-12,,2026-09-12,1,1,5.0,0.0,False,False,189,False,False
PhonePe,Payments,26.09.04.6,2026-09-15,,2026-09-16,4,2,2.0,0.5,False,False,190,False,False
PhonePe,Payments,23.05.26.6.5,2026-09-16,,2026-09-16,1,1,1.0,1.0,False,False,191,False,False
PhonePe,Payments,3.3.6,2026-09-18,,2026-09-18,1,1,1.0,1.0,False,False,192,False,False
PhonePe,Payments,4.0.11,2026-09-19,,2026-09-19,1,1,1.0,1.0,False,False,193,False,False
Google Pay,Payments,126.1.5 (arm64-v8a_release_flutter),2026-04-01,,2026-09-08,2,2,3.0,0.5,True,False,1,False,False
Google Pay,Payments,137.1.4 (armeabi-v7a_release_flutter),2026-04-01,,2026-04-01,1,1,1.0,1.0,True,False,2,False,False
Google Pay,Payments,144.1.3 (arm64-v8a_release_flutter),2026-04-01,2026-04-24,2026-09-11,43,39,4.488,0.093,True,True,3,False,False
Google Pay,Payments,165.1.3 (arm64-v8a_release_beta_flutter),2026-04-01,,2026-05-18,2,2,3.0,0.5,True,False,4,False,False
Google Pay,Payments,169.1.8 (arm64-v8a_release_flutter),2026-04-01,2026-04-19,2026-09-19,85,63,4.588,0.0588,True,True,5,False,False
Google Pay,Payments,175.1.4 (armeabi-v7a_release_flutter),2026-04-01,,2026-05-09,2,2,4.0,0.0,True,False,6,False,False
Google Pay,Payments,180.1.2 (arm64-v8a_release_flutter),2026-04-01,,2026-06-18,4,4,3.25,0.25,True,False,7,False,False
Google Pay,Payments,186.1.2 (arm64-v8a_release_flutter),2026-04-01,,2026-09-09,3,3,4.0,0.3333,True,False,8,False,False
Google Pay,Payments,219.1.3 (armeabi-v7a_release_flutter),2026-04-01,,2026-04-01,1,1,5.0,0.0,True,False,9,False,False
Google Pay,Payments,242.1.4 (armeabi-v7a_release_flutter),2026-04-01,,2026-08-11,2,2,5.0,0.0,True,False,10,False,False
Google Pay,Payments,244.1.1 (arm64-v8a_release_flutter),2026-04-01,,2026-06-14,7,7,3.571,0.2857,True,False,11,False,False
Google Pay,Payments,251.1.3 (arm64-v8a_release_flutter),2026-04-01,,2026-07-20,6,6,4.167,0.1667,True,False,12,False,False
Google Pay,Payments,264.1.2 (arm64-v8a_release_flutter),2026-04-01,2026-04-06,2026-09-18,83,57,3.855,0.2651,True,True,13,False,False
Google Pay,Payments,278.1.1 (arm64-v8a_release_flutter),2026-04-01,2026-07-04,2026-09-14,12,12,3.333,0.3333,True,False,14,False,False
Google Pay,Payments,280.1.3 (arm64-v8a_release_flutter),2026-04-01,2026-08-15,2026-08-19,11,10,3.273,0.4545,True,False,15,False,False
Google Pay,Payments,287.1.1 (arm64-v8a_release_flutter),2026-04-01,2026-04-21,2026-09-15,55,44,3.218,0.4,True,True,16,False,False
Google Pay,Payments,288.2.1 (armeabi-v7a_release_flutter),2026-04-01,,2026-09-04,6,6,3.0,0.5,True,False,17,False,False
Google Pay,Payments,292.2.2 (arm64-v8a_release_flutter),2026-04-01,2026-07-03,2026-09-17,17,15,3.412,0.3529,True,False,18,False,False
Google Pay,Payments,297.1.1 (arm64-v8a_release_flutter),2026-04-01,2026-07-16,2026-09-10,13,13,3.308,0.3846,True,False,19,False,False
Google Pay,Payments,304.1.3 (arm64-v8a_release_flutter),2026-04-01,2026-08-20,2026-09-13,12,11,3.917,0.25,True,False,20,False,False
Google Pay,Payments,307.1.1 (arm64-v8a_release_flutter),2026-04-01,2026-06-21,2026-09-06,18,16,3.778,0.2778,True,False,21,False,False
Google Pay,Payments,308.1.1 (arm64-v8a_release_flutter),2026-04-01,,2026-09-07,9,9,4.111,0.2222,True,False,22,False,False
Google Pay,Payments,309.1.1 (arm64-v8a_release_flutter),2026-04-01,2026-06-11,2026-09-20,21,21,3.333,0.381,True,False,23,False,False
Google Pay,Payments,310.1.2 (arm64-v8a_release_flutter),2026-04-01,2026-04-05,2026-09-15,100,71,3.7,0.28,True,True,24,False,False
Google Pay,Payments,315.1.2 (arm64-v8a_release_flutter),2026-04-01,2026-04-25,2026-09-16,28,25,3.036,0.4643,True,False,25,False,False
Google Pay,Payments,316.1.1 (arm64-v8a_release_flutter),2026-04-01,2026-08-11,2026-09-17,12,11,4.167,0.1667,True,False,26,False,False
Google Pay,Payments,317.1.1 (arm64-v8a_release_flutter),2026-04-01,2026-04-13,2026-09-08,35,28,3.829,0.2857,True,True,27,False,False
Google Pay,Payments,318.1.2 (arm64-v8a_release_flutter),2026-04-01,2026-04-18,2026-09-04,35,27,4.114,0.2,True,True,28,False,False
Google Pay,Payments,319.1.2 (arm64-v8a_release_flutter),2026-04-01,2026-04-02,2026-09-11,113,63,3.85,0.2566,True,True,29,False,False
Google Pay,Payments,319.1.2 (armeabi-v7a_release_flutter),2026-04-01,2026-04-28,2026-07-02,17,15,4.471,0.1176,True,False,30,False,False
Google Pay,Payments,322.1.2 (arm64-v8a_release_flutter),2026-04-01,2026-04-01,2026-08-29,110,54,3.718,0.2909,True,True,31,False,False
Google Pay,Payments,323.1.1 (arm64-v8a_release_flutter),2026-04-01,2026-04-01,2026-09-20,457,65,3.969,0.2232,True,True,32,False,False
Google Pay,Payments,323.1.1 (armeabi-v7a_release_flutter),2026-04-01,2026-04-02,2026-09-06,43,18,4.326,0.1628,True,True,33,False,False
Google Pay,Payments,323.1.2 (arm64-v8a_release_flutter),2026-04-01,2026-04-04,2026-08-29,16,8,4.062,0.1875,True,False,34,False,False
Google Pay,Payments,323.1.3 (arm64-v8a_release_flutter),2026-04-01,,2026-04-04,6,4,3.0,0.3333,True,False,35,False,False
Google Pay,Payments,324.1.1 (arm64-v8a_release_flutter),2026-04-01,2026-04-02,2026-06-09,19,8,3.579,0.3684,True,False,36,False,False
Google Pay,Payments,324.1.1 (armeabi-v7a_release_flutter),2026-04-01,,2026-06-25,4,4,3.25,0.5,True,False,37,False,False
Google Pay,Payments,325.1.2 (arm64-v8a_release_flutter),2026-04-01,2026-04-02,2026-08-29,588,54,3.815,0.2687,True,True,38,False,False
Google Pay,Payments,49.0.003_RC07 (arm64-v8a),2026-04-01,2026-04-11,2026-09-17,64,51,4.0,0.2344,True,True,39,False,False
Google Pay,Payments,69.0.001_RC03 (arm64-v8a),2026-04-01,2026-04-02,2026-09-19,264,130,4.292,0.1515,True,True,40,False,False
Google Pay,Payments,122.1.4 (arm64-v8a_release_flutter),2026-04-02,2026-05-18,2026-09-18,33,32,4.182,0.2121,False,True,41,False,False
Google Pay,Payments,140.1.3 (arm64-v8a_release_flutter),2026-04-02,2026-07-02,2026-09-05,20,18,4.1,0.2,False,False,42,False,False
Google Pay,Payments,147.1.3 (armeabi-v7a_release_flutter),2026-04-02,,2026-09-13,8,8,3.375,0.375,False,False,43,False,False
Google Pay,Payments,190.1.4 (arm64-v8a_release_flutter),2026-04-02,,2026-08-06,3,3,2.333,0.6667,False,False,44,False,False
Google Pay,Payments,197.1.2 (arm64-v8a_release_flutter),2026-04-02,,2026-06-24,3,3,4.333,0.0,False,False,45,False,False
Google Pay,Payments,250.1.1 (arm64-v8a_release_flutter),2026-04-02,,2026-08-11,9,9,4.333,0.1111,False,False,46,False,False
Google Pay,Payments,268.1.1 (arm64-v8a_release_flutter),2026-04-02,,2026-09-03,4,3,2.0,0.75,False,False,47,False,False
Google Pay,Payments,273.1.3 (arm64-v8a_release_flutter),2026-04-02,,2026-04-23,4,3,4.5,0.0,False,False,48,False,False
Google Pay,Payments,291.1.3 (arm64-v8a_release_flutter),2026-04-02,2026-07-30,2026-09-06,13,12,3.385,0.3846,False,False,49,False,False
Google Pay,Payments,306.1.1 (armeabi-v7a_release_flutter),2026-04-02,,2026-09-08,9,9,4.333,0.1111,False,False,50,False,False
Google Pay,Payments,307.1.1 (armeabi-v7a_release_flutter),2026-04-02,,2026-07-12,2,2,5.0,0.0,False,False,51,False,False
Google Pay,Payments,313.1.2 (arm64-v8a_release_flutter),2026-04-02,2026-05-04,2026-09-04,23,21,4.043,0.2174,False,False,52,False,False
Google Pay,Payments,322.1.2 (armeabi-v7a_release_flutter),2026-04-02,2026-06-14,2026-09-02,13,12,4.846,0.0,False,False,53,False,False
Google Pay,Payments,325.1.2 (armeabi-v7a_release_flutter),2026-04-02,2026-04-05,2026-09-07,47,22,4.128,0.1915,False,True,54,False,False
Google Pay,Payments,145.2.1 (arm64-v8a_release_flutter),2026-04-03,2026-06-07,2026-09-03,18,18,4.333,0.1111,False,False,55,False,False
Google Pay,Payments,170.1.5 (arm64-v8a_release_flutter),2026-04-03,2026-05-18,2026-09-19,52,39,3.712,0.3077,False,True,56,False,False
Google Pay,Payments,177.1.5 (arm64-v8a_release_flutter),2026-04-03,,2026-08-03,3,3,5.0,0.0,False,False,57,False,False
Google Pay,Payments,179.1.2 (arm64-v8a_release_flutter),2026-04-03,2026-05-18,2026-09-20,39,35,2.974,0.5128,False,True,58,False,False
Google Pay,Payments,179.1.2 (armeabi-v7a_release_flutter),2026-04-03,,2026-08-15,3,3,3.667,0.3333,False,False,59,False,False
Google Pay,Payments,195.1.3 (arm64-v8a_release_flutter),2026-04-03,,2026-08-02,5,5,3.2,0.4,False,False,60,False,False
Google Pay,Payments,227.1.1 (arm64-v8a_release_flutter),2026-04-03,,2026-08-29,8,8,3.375,0.375,False,False,61,False,False
Google Pay,Payments,243.1.1 (arm64-v8a_release_flutter),2026-04-03,,2026-04-03,1,1,1.0,1.0,False,False,62,False,False
Google Pay,Payments,245.1.1 (arm64-v8a_release_flutter),2026-04-03,,2026-07-30,4,4,3.5,0.25,False,False,63,False,False
Google Pay,Payments,246.1.1 (arm64-v8a_release_flutter),2026-04-03,,2026-08-26,8,8,3.875,0.25,False,False,64,False,False
Google Pay,Payments,263.1.1 (arm64-v8a_release_flutter),2026-04-03,,2026-09-01,7,7,4.429,0.1429,False,False,65,False,False
Google Pay,Payments,275.1.2 (arm64-v8a_release_flutter),2026-04-03,,2026-09-01,8,8,4.125,0.125,False,False,66,False,False
Google Pay,Payments,276.1.4 (arm64-v8a_release_flutter),2026-04-03,2026-06-21,2026-08-29,15,14,3.333,0.4,False,False,67,False,False
Google Pay,Payments,296.1.1 (arm64-v8a_release_flutter),2026-04-03,2026-09-04,2026-09-12,13,11,3.692,0.3077,False,False,68,False,False
Google Pay,Payments,318.1.2 (armeabi-v7a_release_flutter),2026-04-03,,2026-08-14,6,5,4.0,0.1667,False,False,69,False,False
Google Pay,Payments,319.1.6 (arm64-v8a_release_flutter),2026-04-03,,2026-07-05,2,2,3.0,0.5,False,False,70,False,False
Google Pay,Payments,69.0.001_RC03 (armeabi-v7a),2026-04-03,2026-05-18,2026-09-16,23,22,4.522,0.1304,False,False,71,False,False
Google Pay,Payments,162.1.5 (arm64-v8a_release_flutter),2026-04-04,2026-05-20,2026-09-13,29,25,4.448,0.1034,False,False,72,False,False
Google Pay,Payments,228.1.1 (armeabi-v7a_release_flutter),2026-04-04,,2026-04-04,1,1,1.0,1.0,False,False,73,False,False
Google Pay,Payments,230.1.1 (armeabi-v7a_release_flutter),2026-04-04,,2026-05-10,2,2,3.0,0.5,False,False,74,False,False
Google Pay,Payments,242.1.4 (arm64-v8a_release_flutter),2026-04-04,2026-09-01,2026-09-10,12,12,4.083,0.1667,False,False,75,False,False
Google Pay,Payments,313.1.2 (armeabi-v7a_release_flutter),2026-04-04,,2026-08-27,4,4,3.25,0.5,False,False,76,False,False
Google Pay,Payments,49.0.003_RC07 (armeabi-v7a),2026-04-04,2026-04-18,2026-09-20,105,71,4.314,0.1238,False,True,77,False,False
Google Pay,Payments,173.1.4 (arm64-v8a_release_flutter),2026-04-05,2026-07-23,2026-09-17,22,20,3.091,0.4545,False,False,78,False,False
Google Pay,Payments,210.1.2 (arm64-v8a_release_flutter),2026-04-05,,2026-08-21,5,5,4.2,0.2,False,False,79,False,False
Google Pay,Payments,253.1.2 (arm64-v8a_release_flutter),2026-04-05,,2026-09-15,5,5,2.4,0.6,False,False,80,False,False
Google Pay,Payments,279.1.2 (arm64-v8a_release_flutter),2026-04-05,,2026-04-05,1,1,5.0,0.0,False,False,81,False,False
Google Pay,Payments,310.1.2 (armeabi-v7a_release_flutter),2026-04-05,2026-06-11,2026-09-13,16,16,3.812,0.25,False,False,82,False,False
Google Pay,Payments,168.1.3 (arm64-v8a_release_flutter),2026-04-06,,2026-08-30,8,8,3.375,0.25,False,False,83,False,False
Google Pay,Payments,173.1.4 (armeabi-v7a_release_flutter),2026-04-06,,2026-07-18,8,8,3.5,0.25,False,False,84,False,False
Google Pay,Payments,181.1.3 (armeabi-v7a_release_flutter),2026-04-06,,2026-04-06,1,1,5.0,0.0,False,False,85,False,False
Google Pay,Payments,200.1.1 (armeabi-v7a_release_flutter),2026-04-06,,2026-09-04,3,3,4.667,0.0,False,False,86,False,False
Google Pay,Payments,238.1.1 (arm64-v8a_release_flutter),2026-04-06,,2026-06-21,4,4,4.0,0.25,False,False,87,False,False
Google Pay,Payments,255.1.2 (arm64-v8a_release_flutter),2026-04-06,2026-05-21,2026-09-13,22,20,3.364,0.3636,False,False,88,False,False
Google Pay,Payments,267.1.2 (armeabi-v7a_release_flutter),2026-04-06,,2026-07-09,4,3,5.0,0.0,False,False,89,False,False
Google Pay,Payments,288.2.1 (arm64-v8a_release_flutter),2026-04-06,2026-05-17,2026-08-23,25,20,3.56,0.36,False,False,90,False,False
Google Pay,Payments,301.1.3 (arm64-v8a_release_flutter),2026-04-06,2026-05-03,2026-09-12,46,41,3.783,0.2826,False,True,91,False,False
Google Pay,Payments,325.1.3 (arm64-v8a_release_flutter),2026-04-06,2026-04-09,2026-04-11,17,4,3.235,0.3529,False,False,92,False,False
Google Pay,Payments,326.1.2 (arm64-v8a_release_flutter),2026-04-06,2026-04-09,2026-09-16,320,43,3.528,0.3344,False,True,93,True,True
Google Pay,Payments,128.1.7 (arm64-v8a_release_flutter),2026-04-07,,2026-06-02,2,2,1.0,1.0,False,False,94,False,False
Google Pay,Payments,166.1.5 (arm64-v8a_release_flutter),2026-04-07,,2026-09-06,3,3,2.0,0.6667,False,False,95,False,False
Google Pay,Payments,196.1.4 (arm64-v8a_release_flutter),2026-04-07,,2026-04-07,1,1,5.0,0.0,False,False,96,False,False
Google Pay,Payments,257.1.3 (arm64-v8a_release_flutter),2026-04-07,2026-07-24,2026-08-21,13,11,4.0,0.2308,False,False,97,False,False
Google Pay,Payments,265.1.1 (armeabi-v7a_release_flutter),2026-04-07,,2026-04-07,1,1,5.0,0.0,False,False,98,False,False
Google Pay,Payments,275.1.2 (armeabi-v7a_release_flutter),2026-04-07,,2026-05-16,3,3,3.333,0.3333,False,False,99,False,False
Google Pay,Payments,283.1.1 (arm64-v8a_release_flutter),2026-04-07,,2026-09-20,8,8,3.25,0.375,False,False,100,False,False
Google Pay,Payments,298.1.1 (armeabi-v7a_release_flutter),2026-04-07,,2026-07-18,6,6,4.833,0.0,False,False,101,False,False
Google Pay,Payments,305.1.1 (arm64-v8a_release_flutter),2026-04-07,2026-05-12,2026-09-18,19,18,3.579,0.2632,False,False,102,False,False
Google Pay,Payments,325.1.3 (armeabi-v7a_release_flutter),2026-04-07,,2026-06-05,2,2,5.0,0.0,False,False,103,False,False
Google Pay,Payments,191.1.3 (arm64-v8a_release_flutter),2026-04-08,,2026-09-20,7,7,3.286,0.4286,False,False,104,False,False
Google Pay,Payments,233.1.3 (arm64-v8a_release_flutter),2026-04-08,,2026-08-22,2,2,2.0,0.5,False,False,105,False,False
Google Pay,Payments,248.1.3 (arm64-v8a_release_flutter),2026-04-08,,2026-04-19,2,2,5.0,0.0,False,False,106,False,False
Google Pay,Payments,283.1.1 (armeabi-v7a_release_flutter),2026-04-08,,2026-08-07,4,4,4.25,0.25,False,False,107,False,False
Google Pay,Payments,295.1.1 (arm64-v8a_release_flutter),2026-04-08,2026-08-14,2026-09-19,14,14,4.143,0.1429,False,False,108,False,False
Google Pay,Payments,319.1.4 (arm64-v8a_release_flutter),2026-04-08,,2026-04-08,1,1,5.0,0.0,False,False,109,False,False
Google Pay,Payments,326.1.2 (armeabi-v7a_release_flutter),2026-04-08,2026-04-12,2026-06-14,23,10,4.348,0.1304,False,False,110,False,False
Google Pay,Payments,153.1.3 (armeabi-v7a_release_flutter),2026-04-09,,2026-05-18,3,3,3.667,0.3333,False,False,111,False,False
Google Pay,Payments,155.1.2 (arm64-v8a_release_flutter),2026-04-09,,2026-08-25,4,4,3.5,0.25,False,False,112,False,False
Google Pay,Payments,156.1.2 (arm64-v8a_release_flutter),2026-04-09,,2026-09-19,3,3,2.0,0.6667,False,False,113,False,False
Google Pay,Payments,215.3.1 (arm64-v8a_release_flutter),2026-04-09,,2026-05-24,3,3,3.667,0.3333,False,False,114,False,False
Google Pay,Payments,293.1.1 (arm64-v8a_release_flutter),2026-04-09,2026-05-19,2026-09-20,21,20,3.619,0.2857,False,False,115,False,False
Google Pay,Payments,297.1.1 (armeabi-v7a_release_flutter),2026-04-09,,2026-07-15,3,3,4.667,0.0,False,False,116,False,False
Google Pay,Payments,306.1.1 (arm64-v8a_release_flutter),2026-04-09,2026-06-05,2026-09-15,22,22,3.818,0.2273,False,False,117,False,False
Google Pay,Payments,319.1.7 (arm64-v8a_release_flutter),2026-04-09,,2026-06-23,3,3,3.667,0.3333,False,False,118,False,False
Google Pay,Payments,132.1.5 (arm64-v8a_release_flutter),2026-04-10,,2026-04-10,1,1,1.0,1.0,False,False,119,False,False
Google Pay,Payments,199.1.1 (arm64-v8a_release_flutter),2026-04-10,2026-05-22,2026-09-12,25,22,4.28,0.12,False,False,120,False,False
Google Pay,Payments,228.1.1 (arm64-v8a_release_flutter),2026-04-10,,2026-06-09,3,3,4.667,0.0,False,False,121,False,False
Google Pay,Payments,266.1.1 (arm64-v8a_release_flutter),2026-04-10,,2026-09-05,4,4,4.75,0.0,False,False,122,False,False
Google Pay,Payments,271.1.2 (arm64-v8a_release_flutter),2026-04-10,2026-08-27,2026-08-27,10,10,3.9,0.3,False,False,123,False,False
Google Pay,Payments,288.2.2 (arm64-v8a_release_flutter),2026-04-10,,2026-07-28,4,4,2.75,0.5,False,False,124,False,False
Google Pay,Payments,300.1.4 (arm64-v8a_release_flutter),2026-04-10,,2026-09-03,8,8,4.5,0.125,False,False,125,False,False
Google Pay,Payments,305.1.1 (armeabi-v7a_release_flutter),2026-04-10,,2026-08-08,3,3,3.667,0.3333,False,False,126,False,False
Google Pay,Payments,326.1.3 (arm64-v8a_release_flutter),2026-04-10,2026-05-11,2026-05-11,10,6,3.0,0.5,False,False,127,False,False
Google Pay,Payments,327.1.1 (arm64-v8a_release_flutter),2026-04-10,2026-04-13,2026-09-18,457,77,3.976,0.2232,False,True,128,True,True
Google Pay,Payments,219.1.3 (arm64-v8a_release_flutter),2026-04-11,,2026-09-14,4,4,3.75,0.25,False,False,129,False,False
Google Pay,Payments,292.2.2 (armeabi-v7a_release_flutter),2026-04-11,,2026-04-11,1,1,5.0,0.0,False,False,130,False,False
Google Pay,Payments,298.1.1 (arm64-v8a_release_flutter),2026-04-11,2026-05-21,2026-09-07,31,27,4.323,0.129,False,True,131,False,False
Google Pay,Payments,249.1.4 (arm64-v8a_release_flutter),2026-04-12,,2026-09-05,3,3,4.0,0.0,False,False,132,False,False
Google Pay,Payments,326.1.3 (armeabi-v7a_release_flutter),2026-04-12,,2026-04-12,1,1,5.0,0.0,False,False,133,False,False
Google Pay,Payments,134.1.2 (arm64-v8a_release_flutter),2026-04-13,,2026-05-23,4,4,2.0,0.75,False,False,134,False,False
Google Pay,Payments,213.1.3 (arm64-v8a_release_flutter),2026-04-13,,2026-04-13,1,1,3.0,0.0,False,False,135,False,False
Google Pay,Payments,244.1.1 (armeabi-v7a_release_flutter),2026-04-13,,2026-06-18,2,2,5.0,0.0,False,False,136,False,False
Google Pay,Payments,327.1.1 (armeabi-v7a_release_flutter),2026-04-13,2026-04-19,2026-08-12,22,17,3.909,0.2727,False,False,137,False,False
Google Pay,Payments,205.1.6 (arm64-v8a_release_flutter),2026-04-14,2026-09-16,2026-09-16,10,10,2.7,0.6,False,False,138,False,False
Google Pay,Payments,308.1.1 (armeabi-v7a_release_flutter),2026-04-14,,2026-05-08,3,3,5.0,0.0,False,False,139,False,False
Google Pay,Payments,232.1.1 (arm64-v8a_release_flutter),2026-04-15,,2026-05-13,2,2,3.0,0.5,False,False,140,False,False
Google Pay,Payments,268.1.1 (armeabi-v7a_release_flutter),2026-04-15,,2026-05-07,2,2,5.0,0.0,False,False,141,False,False
Google Pay,Payments,269.1.3 (armeabi-v7a_release_flutter),2026-04-15,,2026-04-15,1,1,1.0,1.0,False,False,142,False,False
Google Pay,Payments,126.1.2 (arm64-v8a_release_flutter),2026-04-16,,2026-04-16,1,1,1.0,1.0,False,False,143,False,False
Google Pay,Payments,262.1.3 (arm64-v8a_release_flutter),2026-04-16,,2026-08-05,6,6,4.833,0.0,False,False,144,False,False
Google Pay,Payments,328.1.1 (arm64-v8a_release_flutter),2026-04-16,,2026-04-19,6,4,3.0,0.5,False,False,145,False,False
Google Pay,Payments,253.1.3 (arm64-v8a_release_flutter),2026-04-17,,2026-04-17,1,1,1.0,1.0,False,False,146,False,False
Google Pay,Payments,294.1.1 (arm64-v8a_release_flutter),2026-04-17,2026-08-11,2026-09-06,12,12,3.5,0.25,False,False,147,False,False
Google Pay,Payments,327.1.2 (arm64-v8a_release_flutter),2026-04-17,,2026-07-18,3,3,3.333,0.3333,False,False,148,False,False
Google Pay,Payments,328.1.2 (arm64-v8a_release_flutter),2026-04-17,2026-04-20,2026-09-17,762,98,3.848,0.2598,False,True,149,True,True
Google Pay,Payments,69.0.001_RC04 (arm64-v8a),2026-04-17,,2026-09-10,4,4,4.75,0.0,False,False,150,False,False
Google Pay,Payments,317.1.1 (armeabi-v7a_release_flutter),2026-04-19,,2026-09-11,5,5,5.0,0.0,False,False,151,False,False
Google Pay,Payments,226.1.2 (arm64-v8a_release_flutter),2026-04-20,2026-05-22,2026-09-18,18,17,3.0,0.4444,False,False,152,False,False
Google Pay,Payments,310.1.4 (arm64-v8a_release_flutter),2026-04-20,,2026-07-16,4,4,4.0,0.25,False,False,153,False,False
Google Pay,Payments,327.1.3 (arm64-v8a_release_flutter),2026-04-20,,2026-04-20,3,1,3.667,0.3333,False,False,154,False,False
Google Pay,Payments,328.1.2 (armeabi-v7a_release_flutter),2026-04-20,2026-04-21,2026-07-17,420,27,3.702,0.2714,False,True,155,False,False
Google Pay,Payments,136.1.5 (arm64-v8a_release_flutter),2026-04-21,,2026-04-21,1,1,1.0,1.0,False,False,156,False,False
Google Pay,Payments,273.1.5 (arm64-v8a_release_flutter),2026-04-21,,2026-04-21,1,1,5.0,0.0,False,False,157,False,False
Google Pay,Payments,163.1.6 (arm64-v8a_release_flutter),2026-04-23,2026-09-15,2026-09-15,10,10,3.8,0.3,False,False,158,False,False
Google Pay,Payments,298.1.3 (arm64-v8a_release_flutter),2026-04-23,,2026-05-30,2,2,2.0,0.5,False,False,159,False,False
Google Pay,Payments,301.1.3 (armeabi-v7a_release_flutter),2026-04-23,2026-09-04,2026-09-11,11,11,4.545,0.0909,False,False,160,False,False
Google Pay,Payments,155.1.2 (armeabi-v7a_release_flutter),2026-04-24,,2026-04-24,1,1,5.0,0.0,False,False,161,False,False
Google Pay,Payments,300.1.4 (armeabi-v7a_release_flutter),2026-04-24,,2026-04-24,1,1,1.0,1.0,False,False,162,False,False
Google Pay,Payments,56.0.001_RC04 (arm64-v8a),2026-04-25,,2026-09-08,8,7,3.75,0.25,False,False,163,False,False
Google Pay,Payments,159.1.1 (arm64-v8a_release_flutter),2026-04-26,,2026-07-10,2,2,2.5,0.5,False,False,164,False,False
Google Pay,Payments,234.1.3 (armeabi-v7a_release_flutter),2026-04-26,,2026-04-26,1,1,5.0,0.0,False,False,165,False,False
Google Pay,Payments,309.1.1 (armeabi-v7a_release_flutter),2026-04-26,,2026-08-22,3,3,5.0,0.0,False,False,166,False,False
Google Pay,Payments,317.1.2 (arm64-v8a_release_flutter),2026-04-26,,2026-04-26,1,1,1.0,1.0,False,False,167,False,False
Google Pay,Payments,322.1.3 (armeabi-v7a_release_flutter),2026-04-26,,2026-04-26,1,1,5.0,0.0,False,False,168,False,False
Google Pay,Payments,149.1.1 (armeabi-v7a_release_flutter),2026-04-27,,2026-05-18,2,2,4.5,0.0,False,False,169,False,False
Google Pay,Payments,187.1.2 (arm64-v8a_release_flutter),2026-04-27,,2026-04-27,1,1,2.0,1.0,False,False,170,False,False
Google Pay,Payments,204.1.3 (arm64-v8a_release_flutter),2026-04-27,,2026-04-27,1,1,5.0,0.0,False,False,171,False,False
Google Pay,Payments,243.1.1 (armeabi-v7a_release_flutter),2026-04-27,,2026-09-06,3,2,4.667,0.0,False,False,172,False,False
Google Pay,Payments,303.1.4 (arm64-v8a_release_flutter),2026-04-27,,2026-09-14,4,4,4.25,0.0,False,False,173,False,False
Google Pay,Payments,295.1.1 (armeabi-v7a_release_flutter),2026-04-28,,2026-05-13,3,3,2.333,0.6667,False,False,174,False,False
Google Pay,Payments,328.1.3 (arm64-v8a_release_flutter),2026-04-28,,2026-05-02,5,4,4.4,0.0,False,False,175,False,False
Google Pay,Payments,328.1.3 (armeabi-v7a_release_flutter),2026-04-28,,2026-04-30,7,3,3.0,0.4286,False,False,176,False,False
Google Pay,Payments,141.1.7 (armeabi-v7a_release_flutter),2026-04-29,,2026-08-06,2,2,3.5,0.5,False,False,177,False,False
Google Pay,Payments,182.1.1 (arm64-v8a_release_flutter),2026-04-29,,2026-05-18,2,2,3.0,0.5,False,False,178,False,False
Google Pay,Payments,329.1.2 (arm64-v8a_release_flutter),2026-04-29,2026-05-01,2026-08-29,392,47,3.949,0.2245,False,True,179,True,True
Google Pay,Payments,154.1.4 (arm64-v8a_release_flutter),2026-04-30,,2026-06-14,2,2,3.5,0.5,False,False,180,False,False
Google Pay,Payments,189.1.2 (arm64-v8a_release_flutter),2026-04-30,,2026-07-05,2,2,2.5,0.5,False,False,181,False,False
Google Pay,Payments,240.1.1 (arm64-v8a_release_flutter),2026-04-30,,2026-09-07,7,7,3.286,0.4286,False,False,182,False,False
Google Pay,Payments,270.1.4 (arm64-v8a_release_flutter),2026-04-30,,2026-08-23,5,5,5.0,0.0,False,False,183,False,False
Google Pay,Payments,329.1.2 (armeabi-v7a_release_flutter),2026-04-30,2026-05-01,2026-09-08,210,24,3.529,0.3333,False,True,184,False,False
Google Pay,Payments,146.1.3 (arm64-v8a_release_flutter),2026-05-01,,2026-05-01,1,1,5.0,0.0,False,False,185,False,False
Google Pay,Payments,234.1.3 (arm64-v8a_release_flutter),2026-05-01,,2026-08-31,6,6,4.5,0.1667,False,False,186,False,False
Google Pay,Payments,265.1.2 (arm64-v8a_release_flutter),2026-05-01,,2026-05-01,1,1,5.0,0.0,False,False,187,False,False
Google Pay,Payments,319.1.3 (armeabi-v7a_release_flutter),2026-05-01,,2026-05-01,1,1,5.0,0.0,False,False,188,False,False
Google Pay,Payments,263.1.1 (armeabi-v7a_release_flutter),2026-05-02,,2026-06-29,2,2,3.0,0.5,False,False,189,False,False
Google Pay,Payments,288.2.2 (armeabi-v7a_release_flutter),2026-05-02,,2026-05-02,1,1,1.0,1.0,False,False,190,False,False
Google Pay,Payments,303.1.4 (armeabi-v7a_release_flutter),2026-05-02,,2026-05-02,1,1,5.0,0.0,False,False,191,False,False
Google Pay,Payments,126.1.5 (armeabi-v7a_release_flutter),2026-05-03,2026-09-05,2026-09-05,10,10,5.0,0.0,False,False,192,False,False
Google Pay,Payments,134.1.2 (armeabi-v7a_release_flutter),2026-05-03,,2026-05-03,1,1,5.0,0.0,False,False,193,False,False
Google Pay,Payments,205.1.6 (armeabi-v7a_release_flutter),2026-05-03,,2026-06-07,3,3,4.0,0.3333,False,False,194,False,False
Google Pay,Payments,218.1.3 (armeabi-v7a_release_flutter),2026-05-03,,2026-05-03,1,1,5.0,0.0,False,False,195,False,False
Google Pay,Payments,278.1.1 (armeabi-v7a_release_flutter),2026-05-03,,2026-05-03,1,1,5.0,0.0,False,False,196,False,False
Google Pay,Payments,282.1.3 (armeabi-v7a_release_flutter),2026-05-03,,2026-07-24,3,3,5.0,0.0,False,False,197,False,False
Google Pay,Payments,329.1.3 (arm64-v8a_release_flutter),2026-05-04,2026-05-18,2026-05-18,10,5,3.5,0.3,False,False,198,False,False
Google Pay,Payments,330.1.2 (arm64-v8a_release_flutter),2026-05-04,,2026-05-04,2,1,3.0,0.5,False,False,199,False,False
Google Pay,Payments,220.1.2 (armeabi-v7a_release_flutter),2026-05-05,,2026-05-05,1,1,5.0,0.0,False,False,200,False,False
Google Pay,Payments,269.1.3 (arm64-v8a_release_flutter),2026-05-05,,2026-09-14,8,8,4.375,0.125,False,False,201,False,False
Google Pay,Payments,329.1.3 (armeabi-v7a_release_flutter),2026-05-05,,2026-05-06,2,2,3.0,0.5,False,False,202,False,False
Google Pay,Payments,330.1.3 (arm64-v8a_release_flutter),2026-05-05,2026-05-07,2026-08-16,496,53,3.944,0.2339,False,True,203,True,True
Google Pay,Payments,330.1.3 (armeabi-v7a_release_flutter),2026-05-05,2026-05-09,2026-08-31,38,19,4.211,0.1842,False,True,204,False,False
Google Pay,Payments,239.1.1 (arm64-v8a_release_flutter),2026-05-06,,2026-06-03,2,2,3.0,0.5,False,False,205,False,False
Google Pay,Payments,145.2.1 (armeabi-v7a_release_flutter),2026-05-07,,2026-05-07,1,1,5.0,0.0,False,False,206,False,False
Google Pay,Payments,254.1.2 (arm64-v8a_release_flutter),2026-05-07,,2026-09-07,5,5,3.2,0.4,False,False,207,False,False
Google Pay,Payments,285.1.1 (armeabi-v7a_release_flutter),2026-05-07,,2026-05-07,1,1,1.0,1.0,False,False,208,False,False
Google Pay,Payments,293.1.1 (armeabi-v7a_release_flutter),2026-05-07,,2026-05-21,2,2,4.5,0.0,False,False,209,False,False
Google Pay,Payments,147.1.3 (arm64-v8a_release_flutter),2026-05-08,,2026-08-17,4,4,2.0,0.75,False,False,210,False,False
Google Pay,Payments,211.1.1 (armeabi-v7a_release_flutter),2026-05-08,,2026-05-08,1,1,5.0,0.0,False,False,211,False,False
Google Pay,Payments,225.1.3 (arm64-v8a_release_flutter),2026-05-09,,2026-06-10,3,3,2.667,0.6667,False,False,212,False,False
Google Pay,Payments,229.1.1 (arm64-v8a_release_flutter),2026-05-09,,2026-09-09,5,5,3.2,0.4,False,False,213,False,False
Google Pay,Payments,277.1.3 (arm64-v8a_release_flutter),2026-05-09,,2026-05-09,1,1,5.0,0.0,False,False,214,False,False
Google Pay,Payments,285.1.1 (arm64-v8a_release_flutter),2026-05-09,,2026-08-19,4,4,3.75,0.25,False,False,215,False,False
Google Pay,Payments,164.1.2 (arm64-v8a_release_flutter),2026-05-10,,2026-05-10,1,1,1.0,1.0,False,False,216,False,False
Google Pay,Payments,330.1.4 (arm64-v8a_release_flutter),2026-05-11,2026-05-12,2026-06-22,19,8,3.842,0.2105,False,False,217,False,False
Google Pay,Payments,331.1.2 (arm64-v8a_release_flutter),2026-05-11,2026-05-13,2026-09-17,1490,85,3.59,0.3215,False,True,218,True,True
Google Pay,Payments,315.1.3 (arm64-v8a_release_flutter),2026-05-12,,2026-05-12,1,1,5.0,0.0,False,False,219,False,False
Google Pay,Payments,212.1.1 (arm64-v8a_release_flutter),2026-05-13,,2026-09-10,2,2,3.0,0.0,False,False,220,False,False
Google Pay,Payments,331.1.2 (armeabi-v7a_release_flutter),2026-05-13,2026-05-17,2026-09-09,152,26,3.526,0.3421,False,True,221,False,False
Google Pay,Payments,137.1.4 (arm64-v8a_release_flutter),2026-05-14,,2026-08-09,2,2,5.0,0.0,False,False,222,False,False
Google Pay,Payments,265.1.1 (arm64-v8a_release_flutter),2026-05-14,,2026-08-11,6,6,5.0,0.0,False,False,223,False,False
Google Pay,Payments,285.1.2 (arm64-v8a_release_flutter),2026-05-14,,2026-05-14,1,1,4.0,0.0,False,False,224,False,False
Google Pay,Payments,167.1.5 (arm64-v8a_release_flutter),2026-05-15,,2026-09-09,2,2,3.0,0.5,False,False,225,False,False
Google Pay,Payments,247.1.2 (armeabi-v7a_release_flutter),2026-05-15,,2026-05-19,2,2,3.0,0.5,False,False,226,False,False
Google Pay,Payments,282.1.3 (arm64-v8a_release_flutter),2026-05-15,2026-09-16,2026-09-16,10,10,3.8,0.3,False,False,227,False,False
Google Pay,Payments,321.1.1 (armeabi-v7a_release_flutter),2026-05-15,,2026-05-15,1,1,5.0,0.0,False,False,228,False,False
Google Pay,Payments,152.1.2 (arm64-v8a_release_flutter),2026-05-16,,2026-08-13,4,4,2.5,0.5,False,False,229,False,False
Google Pay,Payments,184.1.1 (arm64-v8a_release_flutter),2026-05-16,,2026-05-16,1,1,5.0,0.0,False,False,230,False,False
Google Pay,Payments,198.1.2 (arm64-v8a_release_flutter),2026-05-16,,2026-05-16,1,1,5.0,0.0,False,False,231,False,False
Google Pay,Payments,200.1.1 (arm64-v8a_release_flutter),2026-05-16,2026-08-12,2026-09-19,14,12,3.0,0.5,False,False,232,False,False
Google Pay,Payments,220.1.2 (arm64-v8a_release_flutter),2026-05-17,,2026-09-15,7,7,3.143,0.4286,False,False,233,False,False
Google Pay,Payments,320.1.1 (arm64-v8a_release_flutter),2026-05-17,,2026-06-12,2,2,3.0,0.5,False,False,234,False,False
Google Pay,Payments,215.3.1 (armeabi-v7a_release_flutter),2026-05-18,,2026-05-18,1,1,5.0,0.0,False,False,235,False,False
Google Pay,Payments,218.1.3 (arm64-v8a_release_flutter),2026-05-18,,2026-07-01,3,3,3.333,0.3333,False,False,236,False,False
Google Pay,Payments,235.1.1 (arm64-v8a_release_flutter),2026-05-18,,2026-05-18,1,1,1.0,1.0,False,False,237,False,False
Google Pay,Payments,237.1.2 (arm64-v8a_release_flutter),2026-05-18,,2026-07-17,4,4,3.5,0.5,False,False,238,False,False
Google Pay,Payments,286.1.1 (arm64-v8a_release_flutter),2026-05-18,,2026-07-04,2,2,3.0,0.5,False,False,239,False,False
Google Pay,Payments,286.1.2 (arm64-v8a_release_flutter),2026-05-18,,2026-05-18,1,1,1.0,1.0,False,False,240,False,False
Google Pay,Payments,289.1.1 (armeabi-v7a_release_flutter),2026-05-18,,2026-05-27,2,2,5.0,0.0,False,False,241,False,False
Google Pay,Payments,308.1.2 (arm64-v8a_release_flutter),2026-05-18,,2026-05-18,1,1,1.0,1.0,False,False,242,False,False
Google Pay,Payments,5.0.001_RC14 (arm64-v8a),2026-05-18,,2026-05-18,1,1,1.0,1.0,False,False,243,False,False
Google Pay,Payments,150.1.6 (armeabi-v7a_release_flutter),2026-05-19,,2026-05-19,1,1,2.0,1.0,False,False,244,False,False
Google Pay,Payments,161.1.4 (arm64-v8a_release_flutter),2026-05-19,,2026-08-31,3,3,4.667,0.0,False,False,245,False,False
Google Pay,Payments,187.1.2 (armeabi-v7a_release_flutter),2026-05-19,,2026-05-19,1,1,1.0,1.0,False,False,246,False,False
Google Pay,Payments,211.1.1 (arm64-v8a_release_flutter),2026-05-19,,2026-09-17,2,2,5.0,0.0,False,False,247,False,False
Google Pay,Payments,253.1.2 (armeabi-v7a_release_flutter),2026-05-19,,2026-09-16,3,3,5.0,0.0,False,False,248,False,False
Google Pay,Payments,171.1.4 (armeabi-v7a_release_flutter),2026-05-20,,2026-08-01,2,2,5.0,0.0,False,False,249,False,False
Google Pay,Payments,178.1.6 (arm64-v8a_release_flutter),2026-05-20,,2026-09-20,2,2,5.0,0.0,False,False,250,False,False
Google Pay,Payments,257.1.3 (armeabi-v7a_release_flutter),2026-05-20,,2026-07-26,4,4,4.0,0.25,False,False,251,False,False
Google Pay,Payments,267.1.2 (arm64-v8a_release_flutter),2026-05-20,,2026-09-14,5,5,4.2,0.2,False,False,252,False,False
Google Pay,Payments,130.1.6 (armeabi-v7a_release_flutter),2026-05-21,,2026-07-08,2,2,3.0,0.5,False,False,253,False,False
Google Pay,Payments,230.1.1 (arm64-v8a_release_flutter),2026-05-21,,2026-05-21,1,1,3.0,0.0,False,False,254,False,False
Google Pay,Payments,319.1.3 (arm64-v8a_release_flutter),2026-05-21,,2026-05-21,1,1,5.0,0.0,False,False,255,False,False
Google Pay,Payments,332.1.1 (arm64-v8a_release_flutter),2026-05-21,2026-05-24,2026-09-16,481,59,4.027,0.21,False,True,256,True,True
Google Pay,Payments,130.1.6 (arm64-v8a_release_flutter),2026-05-22,,2026-05-22,1,1,5.0,0.0,False,False,257,False,False
Google Pay,Payments,331.1.3 (arm64-v8a_release_flutter),2026-05-22,,2026-05-25,6,4,3.5,0.3333,False,False,258,False,False
Google Pay,Payments,196.1.4 (armeabi-v7a_release_flutter),2026-05-25,,2026-05-25,1,1,5.0,0.0,False,False,259,False,False
Google Pay,Payments,280.1.3 (armeabi-v7a_release_flutter),2026-05-25,,2026-05-25,1,1,3.0,0.0,False,False,260,False,False
Google Pay,Payments,69.0.001_RC04 (armeabi-v7a),2026-05-25,,2026-05-30,2,2,4.5,0.0,False,False,261,False,False
Google Pay,Payments,333.1.1 (arm64-v8a_release_flutter),2026-05-26,2026-06-01,2026-09-17,461,57,3.881,0.2386,False,True,262,True,True
Google Pay,Payments,139.1.3 (arm64-v8a_release_flutter),2026-05-27,,2026-05-27,1,1,5.0,0.0,False,False,263,False,False
Google Pay,Payments,332.1.1 (armeabi-v7a_release_flutter),2026-05-27,2026-05-31,2026-09-18,31,17,4.226,0.1935,False,True,264,False,False
Google Pay,Payments,332.1.5 (arm64-v8a_release_flutter),2026-05-27,2026-05-30,2026-06-30,20,9,4.25,0.15,False,False,265,False,False
Google Pay,Payments,214.1.4 (arm64-v8a_release_flutter),2026-05-28,,2026-08-02,4,4,1.0,1.0,False,False,266,False,False
Google Pay,Payments,304.1.4 (arm64-v8a_release_flutter),2026-05-29,,2026-05-29,1,1,5.0,0.0,False,False,267,False,False
Google Pay,Payments,333.1.1 (armeabi-v7a_release_flutter),2026-05-29,2026-06-05,2026-09-13,31,19,4.226,0.129,False,True,268,False,False
Google Pay,Payments,247.1.2 (arm64-v8a_release_flutter),2026-05-31,,2026-09-09,6,6,3.5,0.3333,False,False,269,False,False
Google Pay,Payments,313.1.3 (arm64-v8a_release_flutter),2026-06-01,,2026-09-10,2,2,5.0,0.0,False,False,270,False,False
Google Pay,Payments,274.1.2 (arm64-v8a_release_flutter),2026-06-02,,2026-08-24,3,3,2.333,0.6667,False,False,271,False,False
Google Pay,Payments,318.1.3 (arm64-v8a_release_flutter),2026-06-03,,2026-06-03,1,1,5.0,0.0,False,False,272,False,False
Google Pay,Payments,333.1.2 (arm64-v8a_release_flutter),2026-06-03,2026-06-08,2026-08-21,15,9,4.133,0.2,False,False,273,False,False
Google Pay,Payments,61.0.001_RC02 (arm64-v8a),2026-06-03,,2026-06-03,1,1,1.0,1.0,False,False,274,False,False
Google Pay,Payments,157.1.3 (arm64-v8a_release_flutter),2026-06-04,,2026-08-25,2,2,3.0,0.5,False,False,275,False,False
Google Pay,Payments,192.1.2 (arm64-v8a_release_flutter),2026-06-04,,2026-06-04,1,1,5.0,0.0,False,False,276,False,False
Google Pay,Payments,213.1.8 (arm64-v8a_release_flutter),2026-06-04,,2026-07-14,2,2,2.0,0.5,False,False,277,False,False
Google Pay,Payments,334.1.2 (arm64-v8a_release_flutter),2026-06-04,2026-06-07,2026-09-08,183,32,3.852,0.2568,False,True,278,True,True
Google Pay,Payments,55.0.001_RC02 (arm64-v8a),2026-06-04,,2026-06-04,1,1,1.0,1.0,False,False,279,False,False
Google Pay,Payments,149.1.1 (arm64-v8a_release_flutter),2026-06-06,,2026-06-06,1,1,5.0,0.0,False,False,280,False,False
Google Pay,Payments,224.1.3 (arm64-v8a_release_flutter),2026-06-08,,2026-06-08,1,1,1.0,1.0,False,False,281,False,False
Google Pay,Payments,233.1.3 (armeabi-v7a_release_flutter),2026-06-08,,2026-09-11,2,2,5.0,0.0,False,False,282,False,False
Google Pay,Payments,334.1.2 (armeabi-v7a_release_flutter),2026-06-08,2026-07-10,2026-07-10,10,7,3.5,0.3,False,False,283,False,False
Google Pay,Payments,44.0.001_RC02 (arm64-v8a),2026-06-08,,2026-06-08,1,1,4.0,0.0,False,False,284,False,False
Google Pay,Payments,248.1.3 (armeabi-v7a_release_flutter),2026-06-09,,2026-06-17,2,2,5.0,0.0,False,False,285,False,False
Google Pay,Payments,334.1.3 (arm64-v8a_release_flutter),2026-06-09,,2026-09-05,8,5,4.5,0.125,False,False,286,False,False
Google Pay,Payments,334.1.3 (armeabi-v7a_release_flutter),2026-06-09,,2026-06-11,2,2,5.0,0.0,False,False,287,False,False
Google Pay,Payments,335.1.2 (arm64-v8a_release_flutter),2026-06-09,2026-06-11,2026-09-20,710,66,3.904,0.2408,False,True,288,True,True
Google Pay,Payments,68.0.001_RC02 (arm64-v8a),2026-06-09,,2026-06-09,1,1,4.0,0.0,False,False,289,False,False
Google Pay,Payments,335.1.2 (armeabi-v7a_release_flutter),2026-06-12,2026-06-15,2026-09-13,52,24,4.096,0.1731,False,True,290,False,False
Google Pay,Payments,335.1.3 (arm64-v8a_release_flutter),2026-06-12,2026-06-15,2026-06-25,19,10,4.421,0.1053,False,False,291,False,False
Google Pay,Payments,335.1.4 (arm64-v8a_release_flutter),2026-06-12,2026-06-14,2026-06-22,37,11,3.622,0.2703,False,True,292,True,True
Google Pay,Payments,216.1.1 (arm64-v8a_release_flutter),2026-06-13,,2026-08-19,2,2,5.0,0.0,False,False,293,False,False
Google Pay,Payments,231.1.1 (arm64-v8a_release_flutter),2026-06-13,,2026-07-04,2,2,5.0,0.0,False,False,294,False,False
Google Pay,Payments,335.1.4 (armeabi-v7a_release_flutter),2026-06-13,,2026-06-17,2,2,4.0,0.0,False,False,295,False,False
Google Pay,Payments,276.1.4 (armeabi-v7a_release_flutter),2026-06-15,,2026-06-15,1,1,5.0,0.0,False,False,296,False,False
Google Pay,Payments,297.1.2 (arm64-v8a_release_flutter),2026-06-15,,2026-06-15,1,1,5.0,0.0,False,False,297,False,False
Google Pay,Payments,335.1.3 (armeabi-v7a_release_flutter),2026-06-15,,2026-08-05,5,5,5.0,0.0,False,False,298,False,False
Google Pay,Payments,205.1.5 (arm64-v8a_release_flutter),2026-06-16,,2026-08-11,2,2,3.0,0.5,False,False,299,False,False
Google Pay,Payments,304.1.3 (armeabi-v7a_release_flutter),2026-06-16,,2026-06-16,1,1,4.0,0.0,False,False,300,False,False
Google Pay,Payments,335.1.5 (arm64-v8a_release_flutter),2026-06-16,2026-06-20,2026-07-09,18,9,3.667,0.2778,False,False,301,False,False
Google Pay,Payments,336.1.1 (arm64-v8a_release_flutter),2026-06-16,2026-06-19,2026-09-12,218,42,3.954,0.2294,False,True,302,True,True
Google Pay,Payments,159.1.1 (armeabi-v7a_release_flutter),2026-06-17,,2026-07-11,2,2,5.0,0.0,False,False,303,False,False
Google Pay,Payments,335.1.5 (armeabi-v7a_release_flutter),2026-06-17,,2026-06-17,1,1,5.0,0.0,False,False,304,False,False
Google Pay,Payments,240.1.1 (armeabi-v7a_release_flutter),2026-06-18,,2026-06-18,1,1,5.0,0.0,False,False,305,False,False
Google Pay,Payments,321.1.1 (arm64-v8a_release_flutter),2026-06-18,,2026-06-18,1,1,1.0,1.0,False,False,306,False,False
Google Pay,Payments,64.0.003_RC03 (arm64-v8a),2026-06-18,,2026-07-06,2,2,2.0,1.0,False,False,307,False,False
Google Pay,Payments,143.1.4 (armeabi-v7a_release_flutter),2026-06-21,,2026-06-21,1,1,5.0,0.0,False,False,308,False,False
Google Pay,Payments,231.1.2 (arm64-v8a_release_flutter),2026-06-21,,2026-06-21,1,1,5.0,0.0,False,False,309,False,False
Google Pay,Payments,336.1.1 (armeabi-v7a_release_flutter),2026-06-22,2026-06-26,2026-07-21,17,10,3.882,0.2353,False,False,310,False,False
Google Pay,Payments,185.1.1 (armeabi-v7a_release_flutter),2026-06-23,,2026-06-23,1,1,1.0,1.0,False,False,311,False,False
Google Pay,Payments,198.1.2 (armeabi-v7a_release_flutter),2026-06-23,,2026-06-23,1,1,5.0,0.0,False,False,312,False,False
Google Pay,Payments,247.1.1 (armeabi-v7a_release_flutter),2026-06-23,,2026-06-23,1,1,5.0,0.0,False,False,313,False,False
Google Pay,Payments,271.1.2 (armeabi-v7a_release_flutter),2026-06-23,,2026-09-04,2,2,4.0,0.0,False,False,314,False,False
Google Pay,Payments,337.1.1 (arm64-v8a_release_flutter),2026-06-23,2026-06-25,2026-09-20,454,61,3.91,0.2445,False,True,315,True,True
Google Pay,Payments,336.1.2 (arm64-v8a_release_flutter),2026-06-24,,2026-06-27,5,3,4.2,0.0,False,False,316,False,False
Google Pay,Payments,205.1.5 (armeabi-v7a_release_flutter),2026-06-25,,2026-09-02,2,2,3.0,0.5,False,False,317,False,False
Google Pay,Payments,336.1.2 (armeabi-v7a_release_flutter),2026-06-25,,2026-06-25,1,1,5.0,0.0,False,False,318,False,False
Google Pay,Payments,337.1.1 (armeabi-v7a_release_flutter),2026-06-26,2026-06-29,2026-09-03,30,16,4.2,0.1667,False,True,319,False,False
Google Pay,Payments,268.1.2 (arm64-v8a_release_flutter),2026-06-28,,2026-06-28,1,1,5.0,0.0,False,False,320,False,False
Google Pay,Payments,337.1.2 (arm64-v8a_release_flutter),2026-06-29,2026-07-01,2026-09-05,22,11,3.818,0.2727,False,False,321,False,False
Google Pay,Payments,172.1.5 (arm64-v8a_release_flutter),2026-06-30,,2026-06-30,1,1,5.0,0.0,False,False,322,False,False
Google Pay,Payments,235.1.1 (armeabi-v7a_release_flutter),2026-06-30,,2026-09-02,3,3,2.333,0.6667,False,False,323,False,False
Google Pay,Payments,337.1.2 (armeabi-v7a_release_flutter),2026-06-30,,2026-07-01,2,2,4.0,0.0,False,False,324,False,False
Google Pay,Payments,338.1.1 (arm64-v8a_release_flutter),2026-06-30,2026-07-03,2026-09-20,209,37,3.947,0.2249,False,True,325,True,True
Google Pay,Payments,143.1.4 (arm64-v8a_release_flutter),2026-07-01,,2026-08-02,4,4,5.0,0.0,False,False,326,False,False
Google Pay,Payments,193.1.4 (arm64-v8a_release_flutter),2026-07-01,,2026-07-15,2,2,4.5,0.0,False,False,327,False,False
Google Pay,Payments,338.1.1 (armeabi-v7a_release_flutter),2026-07-02,2026-07-08,2026-07-16,12,7,4.5,0.0833,False,False,328,False,False
Google Pay,Payments,338.1.2 (arm64-v8a_release_flutter),2026-07-04,,2026-07-21,5,4,4.0,0.2,False,False,329,False,False
Google Pay,Payments,339.1.1 (arm64-v8a_release_flutter),2026-07-04,2026-07-06,2026-09-19,968,66,3.903,0.2407,False,True,330,True,True
Google Pay,Payments,339.1.1 (armeabi-v7a_release_flutter),2026-07-05,2026-07-09,2026-09-19,75,33,4.107,0.1867,False,True,331,False,False
Google Pay,Payments,190.1.4 (armeabi-v7a_release_flutter),2026-07-07,,2026-07-13,2,2,2.5,0.5,False,False,332,False,False
Google Pay,Payments,338.1.2 (armeabi-v7a_release_flutter),2026-07-08,,2026-07-08,1,1,5.0,0.0,False,False,333,False,False
Google Pay,Payments,160.1.1 (arm64-v8a_release_flutter),2026-07-09,,2026-07-09,1,1,5.0,0.0,False,False,334,False,False
Google Pay,Payments,194.1.3 (arm64-v8a_release_flutter),2026-07-10,,2026-07-25,2,2,3.0,0.5,False,False,335,False,False
Google Pay,Payments,128.1.7 (armeabi-v7a_release_flutter),2026-07-11,,2026-07-11,1,1,5.0,0.0,False,False,336,False,False
Google Pay,Payments,185.1.1 (arm64-v8a_release_flutter),2026-07-11,,2026-07-11,1,1,1.0,1.0,False,False,337,False,False
Google Pay,Payments,123.1.8 (arm64-v8a_release_flutter),2026-07-15,,2026-07-15,1,1,5.0,0.0,False,False,338,False,False
Google Pay,Payments,340.1.2 (arm64-v8a_release_flutter),2026-07-15,2026-07-19,2026-09-12,86,25,4.174,0.1628,False,True,339,True,True
Google Pay,Payments,53.0.001_RC05 (arm64-v8a),2026-07-15,,2026-07-19,2,2,3.0,0.5,False,False,340,False,False
Google Pay,Payments,18.0.002_RC08 (armeabi-v7a),2026-07-16,,2026-07-16,1,1,2.0,1.0,False,False,341,False,False
Google Pay,Payments,339.1.2 (arm64-v8a_release_flutter),2026-07-16,2026-07-19,2026-09-13,20,8,4.55,0.1,False,False,342,False,False
Google Pay,Payments,340.1.2 (armeabi-v7a_release_flutter),2026-07-18,2026-08-02,2026-09-14,14,11,4.786,0.0714,False,False,343,False,False
Google Pay,Payments,226.1.2 (armeabi-v7a_release_flutter),2026-07-20,,2026-07-20,1,1,1.0,1.0,False,False,344,False,False
Google Pay,Payments,341.1.1 (arm64-v8a_release_flutter),2026-07-20,2026-07-22,2026-09-19,448,47,3.953,0.221,False,True,345,True,True
Google Pay,Payments,340.1.3 (arm64-v8a_release_flutter),2026-07-21,2026-08-31,2026-08-31,10,6,3.8,0.3,False,False,346,False,False
Google Pay,Payments,237.1.2 (armeabi-v7a_release_flutter),2026-07-22,,2026-07-22,1,1,5.0,0.0,False,False,347,False,False
Google Pay,Payments,171.1.4 (arm64-v8a_release_flutter),2026-07-23,,2026-08-11,2,2,3.0,0.5,False,False,348,False,False
Google Pay,Payments,191.1.3 (armeabi-v7a_release_flutter),2026-07-23,,2026-07-23,1,1,1.0,1.0,False,False,349,False,False
Google Pay,Payments,339.1.2 (armeabi-v7a_release_flutter),2026-07-23,,2026-07-23,1,1,4.0,0.0,False,False,350,False,False
Google Pay,Payments,341.1.1 (armeabi-v7a_release_flutter),2026-07-23,2026-07-26,2026-09-15,40,22,4.225,0.175,False,True,351,False,False
Google Pay,Payments,341.1.2 (arm64-v8a_release_flutter),2026-07-23,,2026-08-02,9,8,4.778,0.0,False,False,352,False,False
Google Pay,Payments,341.1.3 (arm64-v8a_release_flutter),2026-07-23,2026-07-29,2026-09-02,16,9,4.375,0.125,False,False,353,False,False
Google Pay,Payments,341.1.3 (armeabi-v7a_release_flutter),2026-07-24,,2026-07-24,1,1,4.0,0.0,False,False,354,False,False
Google Pay,Payments,177.1.5 (armeabi-v7a_release_flutter),2026-07-26,,2026-07-26,1,1,5.0,0.0,False,False,355,False,False
Google Pay,Payments,341.1.2 (armeabi-v7a_release_flutter),2026-07-27,,2026-07-27,1,1,5.0,0.0,False,False,356,False,False
Google Pay,Payments,341.1.4 (arm64-v8a_release_flutter),2026-07-27,2026-07-30,2026-09-10,18,6,4.389,0.1111,False,False,357,False,False
Google Pay,Payments,341.1.4 (armeabi-v7a_release_flutter),2026-07-28,,2026-08-02,2,2,5.0,0.0,False,False,358,False,False
Google Pay,Payments,342.1.1 (arm64-v8a_release_flutter),2026-07-28,2026-07-30,2026-09-17,396,37,4.028,0.2096,False,True,359,True,True
Google Pay,Payments,138.1.7 (arm64-v8a_release_flutter),2026-07-29,,2026-07-29,1,1,5.0,0.0,False,False,360,False,False
Google Pay,Payments,303.1.2 (arm64-v8a_release_flutter),2026-07-29,,2026-07-29,1,1,1.0,1.0,False,False,361,False,False
Google Pay,Payments,299.1.1 (arm64-v8a_release_flutter),2026-07-31,,2026-07-31,1,1,5.0,0.0,False,False,362,False,False
Google Pay,Payments,295.1.2 (arm64-v8a_release_flutter),2026-08-01,,2026-08-01,1,1,4.0,0.0,False,False,363,False,False
Google Pay,Payments,333.1.2 (armeabi-v7a_release_flutter),2026-08-01,,2026-08-01,1,1,5.0,0.0,False,False,364,False,False
Google Pay,Payments,342.1.1 (armeabi-v7a_release_flutter),2026-08-01,2026-08-05,2026-09-04,21,14,4.333,0.1429,False,False,365,False,False
Google Pay,Payments,246.1.1 (armeabi-v7a_release_flutter),2026-08-02,,2026-08-18,2,2,4.5,0.0,False,False,366,False,False
Google Pay,Payments,343.1.1 (arm64-v8a_release_flutter),2026-08-03,2026-08-06,2026-09-20,670,46,3.973,0.2284,False,True,367,True,True
Google Pay,Payments,342.1.2 (arm64-v8a_release_flutter),2026-08-04,,2026-08-11,8,4,4.875,0.0,False,False,368,False,False
Google Pay,Payments,176.1.7 (arm64-v8a_release_flutter),2026-08-05,,2026-09-19,3,3,4.667,0.0,False,False,369,False,False
Google Pay,Payments,255.1.2 (armeabi-v7a_release_flutter),2026-08-05,,2026-08-05,1,1,5.0,0.0,False,False,370,False,False
Google Pay,Payments,343.1.1 (armeabi-v7a_release_flutter),2026-08-06,2026-08-09,2026-09-18,54,22,4.074,0.1852,False,True,371,False,False
Google Pay,Payments,313.1.3 (armeabi-v7a_release_flutter),2026-08-07,,2026-08-07,1,1,5.0,0.0,False,False,372,False,False
Google Pay,Payments,194.1.3 (armeabi-v7a_release_flutter),2026-08-08,,2026-08-08,1,1,5.0,0.0,False,False,373,False,False
Google Pay,Payments,235.1.2 (arm64-v8a_release_flutter),2026-08-08,,2026-08-08,1,1,1.0,1.0,False,False,374,False,False
Google Pay,Payments,175.1.4 (arm64-v8a_release_flutter),2026-08-11,,2026-09-06,3,3,3.667,0.3333,False,False,375,False,False
Google Pay,Payments,309.1.2 (arm64-v8a_release_flutter),2026-08-13,,2026-08-13,1,1,1.0,1.0,False,False,376,False,False
Google Pay,Payments,343.1.2 (arm64-v8a_release_flutter),2026-08-15,,2026-09-14,7,6,4.571,0.0,False,False,377,False,False
Google Pay,Payments,344.1.3 (arm64-v8a_release_flutter),2026-08-15,2026-08-18,2026-09-19,280,31,3.807,0.25,False,True,378,True,True
Google Pay,Payments,344.1.3 (armeabi-v7a_release_flutter),2026-08-16,2026-08-22,2026-09-11,26,15,4.308,0.1154,False,False,379,False,False
Google Pay,Payments,66.0.001_RC04 (arm64-v8a),2026-08-16,,2026-08-16,1,1,1.0,1.0,False,False,380,False,False
Google Pay,Payments,343.1.2 (armeabi-v7a_release_flutter),2026-08-17,,2026-08-17,1,1,4.0,0.0,False,False,381,False,False
Google Pay,Payments,310.1.4 (armeabi-v7a_release_flutter),2026-08-18,,2026-08-18,1,1,5.0,0.0,False,False,382,False,False
Google Pay,Payments,165.1.5 (arm64-v8a_release_flutter),2026-08-19,,2026-08-19,1,1,5.0,0.0,False,False,383,False,False
Google Pay,Payments,222.1.4 (arm64-v8a_release_flutter),2026-08-20,,2026-08-20,1,1,5.0,0.0,False,False,384,False,False
Google Pay,Payments,344.1.4 (arm64-v8a_release_flutter),2026-08-20,,2026-08-23,8,3,3.5,0.25,False,False,385,False,False
Google Pay,Payments,344.1.5 (arm64-v8a_release_flutter),2026-08-20,,2026-08-26,6,5,3.0,0.5,False,False,386,False,False
Google Pay,Payments,20.0.001_RC05 (armeabi-v7a),2026-08-21,,2026-08-21,1,1,5.0,0.0,False,False,387,False,False
Google Pay,Payments,289.1.1 (arm64-v8a_release_flutter),2026-08-21,,2026-08-21,1,1,1.0,1.0,False,False,388,False,False
Google Pay,Payments,344.1.6 (arm64-v8a_release_flutter),2026-08-21,2026-08-23,2026-08-24,12,4,4.167,0.1667,False,False,389,False,False
Google Pay,Payments,346.1.1 (arm64-v8a_release_flutter),2026-08-21,2026-08-24,2026-09-20,1354,30,4.309,0.1352,False,True,390,True,True
Google Pay,Payments,183.1.1 (arm64-v8a_release_flutter),2026-08-25,,2026-08-25,1,1,5.0,0.0,False,False,391,False,False
Google Pay,Payments,346.1.1 (armeabi-v7a_release_flutter),2026-08-25,2026-08-28,2026-09-19,75,22,4.213,0.1467,False,True,392,False,False
Google Pay,Payments,250.1.1 (armeabi-v7a_release_flutter),2026-08-26,,2026-08-26,1,1,5.0,0.0,False,False,393,False,False
Google Pay,Payments,47.0.001_RC02 (arm64-v8a),2026-08-28,,2026-08-28,1,1,1.0,1.0,False,False,394,False,False
Google Pay,Payments,315.1.2 (armeabi-v7a_release_flutter),2026-08-29,,2026-08-29,1,1,1.0,1.0,False,False,395,False,False
Google Pay,Payments,148.1.3 (armeabi-v7a_release_flutter),2026-09-01,,2026-09-01,1,1,5.0,0.0,False,False,396,False,False
Google Pay,Payments,346.1.2 (arm64-v8a_release_flutter),2026-09-01,,2026-09-12,9,6,4.444,0.1111,False,False,397,False,False
Google Pay,Payments,347.1.1 (arm64-v8a_release_flutter),2026-09-01,2026-09-03,2026-09-20,730,20,4.334,0.1274,False,True,398,True,True
Google Pay,Payments,166.1.5 (armeabi-v7a_release_flutter),2026-09-03,,2026-09-03,1,1,1.0,1.0,False,False,399,False,False
Google Pay,Payments,346.1.2 (armeabi-v7a_release_flutter),2026-09-03,,2026-09-03,1,1,5.0,0.0,False,False,400,False,False
Google Pay,Payments,347.1.1 (armeabi-v7a_release_flutter),2026-09-04,2026-09-06,2026-09-18,39,13,4.615,0.0769,False,True,401,False,False
Google Pay,Payments,347.1.2 (arm64-v8a_release_flutter),2026-09-05,2026-09-07,2026-09-15,24,8,4.417,0.1667,False,False,402,False,False
Google Pay,Payments,181.1.3 (arm64-v8a_release_flutter),2026-09-06,,2026-09-06,1,1,1.0,1.0,False,False,403,False,False
Google Pay,Payments,347.1.2 (armeabi-v7a_release_flutter),2026-09-06,,2026-09-06,1,1,5.0,0.0,False,False,404,False,False
Google Pay,Payments,348.1.2 (arm64-v8a_release_flutter),2026-09-06,2026-09-08,2026-09-20,1045,15,4.17,0.1665,False,True,405,True,True
Google Pay,Payments,348.1.2 (armeabi-v7a_release_flutter),2026-09-08,2026-09-10,2026-09-19,68,12,3.985,0.1912,False,True,406,False,False
Google Pay,Payments,139.1.3 (armeabi-v7a_release_flutter),2026-09-13,,2026-09-13,1,1,5.0,0.0,False,False,407,False,False
Google Pay,Payments,281.1.2 (arm64-v8a_release_flutter),2026-09-13,,2026-09-13,1,1,5.0,0.0,False,False,408,False,False
Google Pay,Payments,291.1.3 (armeabi-v7a_release_flutter),2026-09-13,,2026-09-18,2,2,2.5,0.5,False,False,409,False,False
Google Pay,Payments,67.0.001_RC02 (arm64-v8a),2026-09-13,,2026-09-13,1,1,1.0,1.0,False,False,410,False,False
Google Pay,Payments,135.1.7 (armeabi-v7a_release_flutter),2026-09-15,,2026-09-15,1,1,4.0,0.0,False,False,411,False,False
Google Pay,Payments,150.1.5 (armeabi-v7a_release_flutter),2026-09-15,,2026-09-15,1,1,5.0,0.0,False,False,412,False,False
Google Pay,Payments,217.1.2 (arm64-v8a_release_flutter),2026-09-15,,2026-09-15,1,1,5.0,0.0,False,False,413,False,False
Google Pay,Payments,132.1.5 (armeabi-v7a_release_flutter),2026-09-17,,2026-09-17,1,1,3.0,0.0,False,False,414,False,False
Google Pay,Payments,348.1.3 (arm64-v8a_release_flutter),2026-09-17,,2026-09-19,4,3,5.0,0.0,False,False,415,False,False
Google Pay,Payments,349.1.1 (arm64-v8a_release_flutter),2026-09-17,2026-09-18,2026-09-20,118,4,4.169,0.161,False,True,416,True,True
Google Pay,Payments,349.1.1 (armeabi-v7a_release_flutter),2026-09-18,,2026-09-20,8,3,3.5,0.375,False,False,417,False,False
Google Pay,Payments,348.1.3 (armeabi-v7a_release_flutter),2026-09-19,,2026-09-19,1,1,5.0,0.0,False,False,418,False,False
Google Pay,Payments,223.1.4 (arm64-v8a_release_flutter),2026-09-20,,2026-09-20,1,1,5.0,0.0,False,False,419,False,False
