app_name,week_start,week_end,review_count,mean_rating,sd_rating,pct_low_star,pct_negative_sentiment,pct_has_issue,mean_sentiment,mean_issue_count,median_length,n_low_star,n_negative_sentiment,n_has_issue,pct_crash_bugs_stability,pct_payment_refund,pct_delivery_delay,pct_order_quality_fulfillment,pct_cancellation_return,pct_customer_support,pct_account_login_otp,pct_pricing_charges_fraud,pct_ui_ux_update,n_crash_bugs_stability,n_payment_refund,n_delivery_delay,n_order_quality_fulfillment,n_cancellation_return,n_customer_support,n_account_login_otp,n_pricing_charges_fraud,n_ui_ux_update,in_common_window,post_regime_shift,partial_week,n_ge_min
Swiggy,2025-08-11,2025-08-17,1,1.0,,100.0,100.0,100.0,-0.527,3.0,93.0,1,1,1,100.0,0.0,0.0,0.0,100.0,100.0,0.0,0.0,0.0,1,0,0,0,1,1,0,0,0,False,False,False,False
Swiggy,2025-08-18,2025-08-24,0,,,,,,,,,0,0,0,,,,,,,,,,0,0,0,0,0,0,0,0,0,False,False,False,False
Swiggy,2025-08-25,2025-08-31,0,,,,,,,,,0,0,0,,,,,,,,,,0,0,0,0,0,0,0,0,0,False,False,False,False
Swiggy,2025-09-01,2025-09-07,0,,,,,,,,,0,0,0,,,,,,,,,,0,0,0,0,0,0,0,0,0,False,False,False,False
Swiggy,2025-09-08,2025-09-14,0,,,,,,,,,0,0,0,,,,,,,,,,0,0,0,0,0,0,0,0,0,False,False,False,False
Swiggy,2025-09-15,2025-09-21,0,,,,,,,,,0,0,0,,,,,,,,,,0,0,0,0,0,0,0,0,0,False,False,False,False
Swiggy,2025-09-22,2025-09-28,0,,,,,,,,,0,0,0,,,,,,,,,,0,0,0,0,0,0,0,0,0,False,False,False,False
Swiggy,2025-09-29,2025-10-05,1,2.0,,100.0,0.0,100.0,0.105,2.0,67.0,1,0,1,0.0,0.0,100.0,0.0,0.0,100.0,0.0,0.0,0.0,0,0,1,0,0,1,0,0,0,False,False,False,False
Swiggy,2025-10-06,2025-10-12,0,,,,,,,,,0,0,0,,,,,,,,,,0,0,0,0,0,0,0,0,0,False,False,False,False
Swiggy,2025-10-13,2025-10-19,0,,,,,,,,,0,0,0,,,,,,,,,,0,0,0,0,0,0,0,0,0,False,False,False,False
Swiggy,2025-10-20,2025-10-26,0,,,,,,,,,0,0,0,,,,,,,,,,0,0,0,0,0,0,0,0,0,False,False,False,False
Swiggy,2025-10-27,2025-11-02,0,,,,,,,,,0,0,0,,,,,,,,,,0,0,0,0,0,0,0,0,0,False,False,False,False
Swiggy,2025-11-03,2025-11-09,0,,,,,,,,,0,0,0,,,,,,,,,,0,0,0,0,0,0,0,0,0,False,False,False,False
Swiggy,2025-11-10,2025-11-16,0,,,,,,,,,0,0,0,,,,,,,,,,0,0,0,0,0,0,0,0,0,False,False,False,False
Swiggy,2025-11-17,2025-11-23,0,,,,,,,,,0,0,0,,,,,,,,,,0,0,0,0,0,0,0,0,0,False,False,False,False
Swiggy,2025-11-24,2025-11-30,0,,,,,,,,,0,0,0,,,,,,,,,,0,0,0,0,0,0,0,0,0,False,False,False,False
Swiggy,2025-12-01,2025-12-07,0,,,,,,,,,0,0,0,,,,,,,,,,0,0,0,0,0,0,0,0,0,False,False,False,False
Swiggy,2025-12-08,2025-12-14,0,,,,,,,,,0,0,0,,,,,,,,,,0,0,0,0,0,0,0,0,0,False,False,False,False
Swiggy,2025-12-15,2025-12-21,0,,,,,,,,,0,0,0,,,,,,,,,,0,0,0,0,0,0,0,0,0,False,False,False,False
Swiggy,2025-12-22,2025-12-28,0,,,,,,,,,0,0,0,,,,,,,,,,0,0,0,0,0,0,0,0,0,False,False,False,False
Swiggy,2025-12-29,2026-01-04,0,,,,,,,,,0,0,0,,,,,,,,,,0,0,0,0,0,0,0,0,0,False,False,False,False
Swiggy,2026-01-05,2026-01-11,0,,,,,,,,,0,0,0,,,,,,,,,,0,0,0,0,0,0,0,0,0,False,False,False,False
Swiggy,2026-01-12,2026-01-18,0,,,,,,,,,0,0,0,,,,,,,,,,0,0,0,0,0,0,0,0,0,False,False,False,False
Swiggy,2026-01-19,2026-01-25,0,,,,,,,,,0,0,0,,,,,,,,,,0,0,0,0,0,0,0,0,0,False,False,False,False
Swiggy,2026-01-26,2026-02-01,0,,,,,,,,,0,0,0,,,,,,,,,,0,0,0,0,0,0,0,0,0,False,False,False,False
Swiggy,2026-02-02,2026-02-08,0,,,,,,,,,0,0,0,,,,,,,,,,0,0,0,0,0,0,0,0,0,False,False,False,False
Swiggy,2026-02-09,2026-02-15,0,,,,,,,,,0,0,0,,,,,,,,,,0,0,0,0,0,0,0,0,0,False,False,False,False
Swiggy,2026-02-16,2026-02-22,0,,,,,,,,,0,0,0,,,,,,,,,,0,0,0,0,0,0,0,0,0,False,False,False,False
Swiggy,2026-02-23,2026-03-01,1,1.0,,100.0,100.0,100.0,-0.69,2.0,62.0,1,1,1,0.0,0.0,100.0,0.0,100.0,0.0,0.0,0.0,0.0,0,0,1,0,1,0,0,0,0,False,False,False,False
Swiggy,2026-03-02,2026-03-08,1,1.0,,100.0,0.0,100.0,0.219,1.0,49.0,1,0,1,0.0,0.0,0.0,0.0,0.0,100.0,0.0,0.0,0.0,0,0,0,0,0,1,0,0,0,False,False,False,False
Swiggy,2026-03-09,2026-03-15,0,,,,,,,,,0,0,0,,,,,,,,,,0,0,0,0,0,0,0,0,0,False,False,False,False
Swiggy,2026-03-16,2026-03-22,0,,,,,,,,,0,0,0,,,,,,,,,,0,0,0,0,0,0,0,0,0,False,False,False,False
Swiggy,2026-03-23,2026-03-29,8,1.125,0.354,100.0,62.5,75.0,-0.232,2.125,58.0,8,5,6,0.0,50.0,50.0,12.5,37.5,37.5,0.0,25.0,0.0,0,4,4,1,3,3,0,2,0,False,False,False,False
Swiggy,2026-03-30,2026-04-05,30,1.1,0.548,96.667,86.667,90.0,-0.486,1.7,69.0,29,26,27,0.0,33.333,30.0,6.667,23.333,66.667,0.0,10.0,0.0,0,10,9,2,7,20,0,3,0,False,False,False,True
Swiggy,2026-04-06,2026-04-12,44,1.091,0.473,97.727,63.636,90.909,-0.248,2.0,80.5,43,28,40,2.273,22.727,34.091,13.636,43.182,59.091,2.273,20.455,2.273,1,10,15,6,19,26,1,9,1,False,False,False,True
Swiggy,2026-04-13,2026-04-19,41,1.195,0.641,92.683,78.049,82.927,-0.461,1.488,69.0,38,32,34,2.439,19.512,29.268,9.756,31.707,43.902,0.0,12.195,0.0,1,8,12,4,13,18,0,5,0,False,False,False,True
Swiggy,2026-04-20,2026-04-26,39,1.128,0.522,97.436,84.615,89.744,-0.532,1.949,75.0,38,33,35,0.0,35.897,41.026,12.821,33.333,56.41,2.564,10.256,2.564,0,14,16,5,13,22,1,4,1,True,False,False,True
Swiggy,2026-04-27,2026-05-03,58,1.069,0.368,96.552,86.207,96.552,-0.493,2.069,77.0,56,50,56,3.448,36.207,46.552,8.621,50.0,50.0,1.724,10.345,0.0,2,21,27,5,29,29,1,6,0,True,False,False,True
Swiggy,2026-05-04,2026-05-10,54,1.074,0.328,98.148,85.185,90.741,-0.531,1.944,80.5,53,46,49,1.852,20.37,37.037,16.667,42.593,64.815,0.0,11.111,0.0,1,11,20,9,23,35,0,6,0,True,False,False,True
Swiggy,2026-05-11,2026-05-17,53,1.075,0.432,98.113,79.245,96.226,-0.446,2.151,70.0,52,42,51,0.0,28.302,41.509,13.208,45.283,62.264,5.66,18.868,0.0,0,15,22,7,24,33,3,10,0,True,False,False,True
Swiggy,2026-05-18,2026-05-24,42,1.048,0.216,100.0,73.81,90.476,-0.428,1.833,80.0,42,31,38,4.762,28.571,35.714,21.429,21.429,54.762,0.0,16.667,0.0,2,12,15,9,9,23,0,7,0,True,False,False,True
Swiggy,2026-05-25,2026-05-31,50,1.08,0.34,98.0,68.0,88.0,-0.346,1.9,77.0,49,34,44,4.0,18.0,36.0,24.0,34.0,66.0,0.0,6.0,2.0,2,9,18,12,17,33,0,3,1,True,False,False,True
Swiggy,2026-06-01,2026-06-07,47,1.106,0.375,97.872,80.851,89.362,-0.394,1.617,75.0,46,38,42,0.0,23.404,34.043,10.638,31.915,44.681,2.128,14.894,0.0,0,11,16,5,15,21,1,7,0,True,False,False,True
Swiggy,2026-06-08,2026-06-14,46,1.13,0.4,97.826,73.913,82.609,-0.359,1.457,69.0,45,34,38,0.0,17.391,28.261,4.348,41.304,36.957,0.0,17.391,0.0,0,8,13,2,19,17,0,8,0,True,False,False,True
Swiggy,2026-06-15,2026-06-21,54,1.111,0.317,100.0,81.481,87.037,-0.456,1.889,74.0,54,44,47,5.556,35.185,29.63,14.815,38.889,51.852,0.0,12.963,0.0,3,19,16,8,21,28,0,7,0,True,False,False,True
Swiggy,2026-06-22,2026-06-28,111,1.234,0.7,93.694,74.775,82.883,-0.353,1.649,65.0,104,83,92,2.703,25.225,25.225,12.613,31.532,53.153,0.0,13.514,0.901,3,28,28,14,35,59,0,15,1,True,False,False,True
Swiggy,2026-06-29,2026-07-05,188,1.181,0.685,94.149,73.404,84.043,-0.39,1.649,53.5,177,138,158,3.723,22.872,27.128,18.617,29.787,53.191,1.064,8.511,0.0,7,43,51,35,56,100,2,16,0,True,True,False,True
Swiggy,2026-07-06,2026-07-12,197,1.239,0.845,92.893,73.096,87.31,-0.381,1.721,52.0,183,144,172,2.538,24.873,26.396,11.675,37.563,51.777,1.523,13.706,2.03,5,49,52,23,74,102,3,27,4,True,True,False,True
Swiggy,2026-07-13,2026-07-19,199,1.302,0.847,91.457,74.874,82.915,-0.374,1.553,56.0,182,149,165,4.02,26.633,29.146,14.573,25.126,42.211,0.0,13.065,0.503,8,53,58,29,50,84,0,26,1,True,True,False,True
Swiggy,2026-07-20,2026-07-26,202,1.248,0.857,94.059,71.782,80.198,-0.381,1.579,51.5,190,145,162,6.436,21.782,24.752,10.396,33.663,46.535,0.495,13.366,0.495,13,44,50,21,68,94,1,27,1,True,True,False,True
Swiggy,2026-07-27,2026-08-02,181,1.149,0.628,95.58,77.901,81.768,-0.447,1.558,56.0,173,141,148,1.657,24.309,29.834,12.155,29.282,40.884,0.552,16.575,0.552,3,44,54,22,53,74,1,30,1,True,True,False,True
Swiggy,2026-08-03,2026-08-09,206,1.262,0.877,93.689,67.476,81.068,-0.309,1.505,57.0,193,139,167,4.854,23.301,23.786,7.282,30.097,47.087,0.0,13.107,0.971,10,48,49,15,62,97,0,27,2,True,True,False,True
Swiggy,2026-08-10,2026-08-16,224,1.237,0.827,93.75,69.196,75.893,-0.35,1.451,57.5,210,155,170,3.571,25.893,24.107,8.036,25.0,43.75,0.893,13.393,0.446,8,58,54,18,56,98,2,30,1,True,True,False,True
Swiggy,2026-08-17,2026-08-23,174,1.167,0.599,94.253,71.839,83.333,-0.355,1.575,52.0,164,125,145,2.874,21.264,26.437,14.368,25.862,44.828,2.874,16.092,2.874,5,37,46,25,45,78,5,28,5,True,True,False,True
Swiggy,2026-08-24,2026-08-30,225,1.289,0.882,92.0,72.0,78.667,-0.356,1.467,51.0,207,162,177,4.444,22.222,23.111,9.333,26.222,45.333,2.667,12.0,1.333,10,50,52,21,59,102,6,27,3,True,True,False,True
Swiggy,2026-08-31,2026-09-06,237,1.266,0.859,91.983,74.262,82.278,-0.373,1.515,51.0,218,176,195,3.376,21.941,28.692,9.283,27.426,47.679,0.844,12.236,0.0,8,52,68,22,65,113,2,29,0,True,True,False,True
Swiggy,2026-09-07,2026-09-13,209,1.239,0.826,93.78,71.77,83.254,-0.332,1.589,50.0,196,150,174,4.785,28.23,29.665,9.091,29.187,43.062,0.478,13.397,0.957,10,59,62,19,61,90,1,28,2,True,True,False,True
Swiggy,2026-09-14,2026-09-20,77,1.247,0.876,93.506,80.519,84.416,-0.425,1.558,50.0,72,62,65,1.299,16.883,33.766,11.688,31.169,46.753,2.597,10.39,1.299,1,13,26,9,24,36,2,8,1,False,True,True,True
Zomato,2026-03-16,2026-03-22,1,1.0,,100.0,100.0,100.0,-0.273,1.0,59.0,1,1,1,0.0,0.0,0.0,0.0,0.0,0.0,0.0,100.0,0.0,0,0,0,0,0,0,0,1,0,False,False,False,False
Zomato,2026-03-23,2026-03-29,7,1.143,0.378,100.0,85.714,71.429,-0.485,1.571,58.0,7,6,5,0.0,42.857,57.143,14.286,0.0,28.571,0.0,14.286,0.0,0,3,4,1,0,2,0,1,0,False,False,False,False
Zomato,2026-03-30,2026-04-05,37,1.703,1.412,81.081,59.459,83.784,-0.139,1.459,62.0,30,22,31,2.703,21.622,37.838,13.514,18.919,35.135,0.0,10.811,5.405,1,8,14,5,7,13,0,4,2,False,False,False,True
Zomato,2026-04-06,2026-04-12,46,1.522,1.225,86.957,71.739,78.261,-0.319,1.283,68.0,40,33,36,4.348,17.391,19.565,8.696,21.739,34.783,2.174,19.565,0.0,2,8,9,4,10,16,1,9,0,False,False,False,True
Zomato,2026-04-13,2026-04-19,47,1.638,1.374,82.979,70.213,72.34,-0.227,1.383,69.0,39,33,34,2.128,21.277,31.915,2.128,29.787,36.17,0.0,14.894,0.0,1,10,15,1,14,17,0,7,0,False,False,False,True
Zomato,2026-04-20,2026-04-26,50,1.36,0.985,90.0,70.0,84.0,-0.362,1.52,78.5,45,35,42,0.0,26.0,38.0,4.0,26.0,42.0,0.0,16.0,0.0,0,13,19,2,13,21,0,8,0,True,False,False,True
Zomato,2026-04-27,2026-05-03,75,1.707,1.412,80.0,57.333,88.0,-0.196,1.547,70.0,60,43,66,1.333,18.667,38.667,5.333,18.667,49.333,0.0,21.333,1.333,1,14,29,4,14,37,0,16,1,True,False,False,True
Zomato,2026-05-04,2026-05-10,77,1.532,1.242,85.714,70.13,88.312,-0.298,1.675,68.0,66,54,68,3.896,16.883,36.364,14.286,24.675,53.247,0.0,18.182,0.0,3,13,28,11,19,41,0,14,0,True,False,False,True
Zomato,2026-05-11,2026-05-17,55,1.364,1.007,92.727,65.455,92.727,-0.26,1.655,70.0,51,36,51,1.818,36.364,30.909,12.727,18.182,49.091,1.818,12.727,1.818,1,20,17,7,10,27,1,7,1,True,False,False,True
Zomato,2026-05-18,2026-05-24,56,1.464,1.144,85.714,66.071,83.929,-0.23,1.804,72.5,48,37,47,1.786,39.286,25.0,19.643,21.429,57.143,0.0,14.286,1.786,1,22,14,11,12,32,0,8,1,True,False,False,True
Zomato,2026-05-25,2026-05-31,64,1.469,1.168,87.5,73.438,87.5,-0.384,1.734,72.0,56,47,56,3.125,29.688,37.5,14.062,26.562,53.125,0.0,9.375,0.0,2,19,24,9,17,34,0,6,0,True,False,False,True
Zomato,2026-06-01,2026-06-07,54,1.574,1.354,85.185,62.963,88.889,-0.198,1.778,69.0,46,34,48,5.556,33.333,33.333,14.815,20.37,50.0,0.0,20.37,0.0,3,18,18,8,11,27,0,11,0,True,False,False,True
Zomato,2026-06-08,2026-06-14,58,1.19,0.661,94.828,70.69,84.483,-0.315,1.897,73.0,55,41,49,1.724,29.31,41.379,22.414,25.862,53.448,0.0,15.517,0.0,1,17,24,13,15,31,0,9,0,True,False,False,True
Zomato,2026-06-15,2026-06-21,75,1.293,0.851,93.333,74.667,86.667,-0.374,1.92,71.0,70,56,65,2.667,28.0,46.667,20.0,28.0,58.667,0.0,8.0,0.0,2,21,35,15,21,44,0,6,0,True,False,False,True
Zomato,2026-06-22,2026-06-28,65,1.246,0.83,93.846,73.846,90.769,-0.413,1.815,66.0,61,48,59,3.077,20.0,38.462,21.538,26.154,58.462,1.538,12.308,0.0,2,13,25,14,17,38,1,8,0,True,False,False,True
Zomato,2026-06-29,2026-07-05,176,1.438,1.114,88.068,69.318,79.545,-0.312,1.341,56.0,155,122,140,0.568,19.318,31.25,10.795,10.795,48.295,0.0,12.5,0.568,1,34,55,19,19,85,0,22,1,True,True,False,True
Zomato,2026-07-06,2026-07-12,199,1.457,1.127,88.442,61.809,75.879,-0.196,1.312,50.0,176,123,151,3.015,17.085,26.131,12.563,19.095,38.191,1.005,13.065,1.005,6,34,52,25,38,76,2,26,2,True,True,False,True
Zomato,2026-07-13,2026-07-19,168,1.411,1.08,88.095,71.429,81.548,-0.326,1.446,49.0,148,120,137,0.0,16.667,24.405,17.262,23.214,44.048,0.0,17.857,1.19,0,28,41,29,39,74,0,30,2,True,True,False,True
Zomato,2026-07-20,2026-07-26,135,1.311,0.966,91.111,67.407,67.407,-0.312,1.267,47.0,123,91,91,2.222,20.0,23.704,14.074,17.037,37.037,0.0,12.593,0.0,3,27,32,19,23,50,0,17,0,True,True,False,True
Zomato,2026-07-27,2026-08-02,179,1.458,1.04,85.475,70.391,73.743,-0.315,1.352,48.0,153,126,132,1.117,18.436,34.078,11.173,16.76,40.782,0.559,11.732,0.559,2,33,61,20,30,73,1,21,1,True,True,False,True
Zomato,2026-08-03,2026-08-09,231,1.32,0.942,90.476,68.831,74.892,-0.319,1.242,47.0,209,159,173,1.299,12.554,32.9,10.823,11.688,41.558,1.299,11.688,0.433,3,29,76,25,27,96,3,27,1,True,True,False,True
Zomato,2026-08-10,2026-08-16,214,1.453,1.136,88.318,70.561,78.037,-0.338,1.266,46.0,189,151,167,1.869,18.692,24.766,9.813,14.019,45.327,0.0,11.682,0.467,4,40,53,21,30,97,0,25,1,True,True,False,True
Zomato,2026-08-17,2026-08-23,211,1.436,1.104,88.152,70.616,73.934,-0.295,1.374,45.0,186,149,156,2.37,20.853,25.592,13.27,17.062,45.498,0.0,12.322,0.474,5,44,54,28,36,96,0,26,1,True,True,False,True
Zomato,2026-08-24,2026-08-30,215,1.47,1.147,86.977,68.837,71.628,-0.296,1.233,47.0,187,148,154,2.791,16.279,21.395,12.558,17.209,41.395,0.465,10.698,0.465,6,35,46,27,37,89,1,23,1,True,True,False,True
Zomato,2026-08-31,2026-09-06,219,1.416,1.082,87.671,66.21,75.799,-0.288,1.274,47.0,192,145,166,1.37,15.982,29.68,9.132,15.982,42.009,0.0,12.785,0.457,3,35,65,20,35,92,0,28,1,True,True,False,True
Zomato,2026-09-07,2026-09-13,212,1.392,1.032,90.566,69.811,79.245,-0.299,1.354,48.0,192,148,168,0.943,18.396,23.113,11.792,13.679,48.585,0.472,16.981,1.415,2,39,49,25,29,103,1,36,3,True,True,False,True
Zomato,2026-09-14,2026-09-20,71,1.479,1.157,87.324,64.789,73.239,-0.266,1.296,43.0,62,46,52,0.0,12.676,36.62,11.268,14.085,40.845,1.408,12.676,0.0,0,9,26,8,10,29,1,9,0,False,True,True,True
Myntra,2024-11-04,2024-11-10,1,1.0,,100.0,100.0,100.0,-0.541,2.0,93.0,1,1,1,0.0,0.0,100.0,0.0,0.0,100.0,0.0,0.0,0.0,0,0,1,0,0,1,0,0,0,False,False,False,False
Myntra,2024-11-11,2024-11-17,0,,,,,,,,,0,0,0,,,,,,,,,,0,0,0,0,0,0,0,0,0,False,False,False,False
Myntra,2024-11-18,2024-11-24,0,,,,,,,,,0,0,0,,,,,,,,,,0,0,0,0,0,0,0,0,0,False,False,False,False
Myntra,2024-11-25,2024-12-01,0,,,,,,,,,0,0,0,,,,,,,,,,0,0,0,0,0,0,0,0,0,False,False,False,False
Myntra,2024-12-02,2024-12-08,0,,,,,,,,,0,0,0,,,,,,,,,,0,0,0,0,0,0,0,0,0,False,False,False,False
Myntra,2024-12-09,2024-12-15,0,,,,,,,,,0,0,0,,,,,,,,,,0,0,0,0,0,0,0,0,0,False,False,False,False
Myntra,2024-12-16,2024-12-22,0,,,,,,,,,0,0,0,,,,,,,,,,0,0,0,0,0,0,0,0,0,False,False,False,False
Myntra,2024-12-23,2024-12-29,0,,,,,,,,,0,0,0,,,,,,,,,,0,0,0,0,0,0,0,0,0,False,False,False,False
Myntra,2024-12-30,2025-01-05,0,,,,,,,,,0,0,0,,,,,,,,,,0,0,0,0,0,0,0,0,0,False,False,False,False
Myntra,2025-01-06,2025-01-12,0,,,,,,,,,0,0,0,,,,,,,,,,0,0,0,0,0,0,0,0,0,False,False,False,False
Myntra,2025-01-13,2025-01-19,0,,,,,,,,,0,0,0,,,,,,,,,,0,0,0,0,0,0,0,0,0,False,False,False,False
Myntra,2025-01-20,2025-01-26,0,,,,,,,,,0,0,0,,,,,,,,,,0,0,0,0,0,0,0,0,0,False,False,False,False
Myntra,2025-01-27,2025-02-02,0,,,,,,,,,0,0,0,,,,,,,,,,0,0,0,0,0,0,0,0,0,False,False,False,False
Myntra,2025-02-03,2025-02-09,0,,,,,,,,,0,0,0,,,,,,,,,,0,0,0,0,0,0,0,0,0,False,False,False,False
Myntra,2025-02-10,2025-02-16,0,,,,,,,,,0,0,0,,,,,,,,,,0,0,0,0,0,0,0,0,0,False,False,False,False
Myntra,2025-02-17,2025-02-23,0,,,,,,,,,0,0,0,,,,,,,,,,0,0,0,0,0,0,0,0,0,False,False,False,False
Myntra,2025-02-24,2025-03-02,0,,,,,,,,,0,0,0,,,,,,,,,,0,0,0,0,0,0,0,0,0,False,False,False,False
Myntra,2025-03-03,2025-03-09,0,,,,,,,,,0,0,0,,,,,,,,,,0,0,0,0,0,0,0,0,0,False,False,False,False
Myntra,2025-03-10,2025-03-16,0,,,,,,,,,0,0,0,,,,,,,,,,0,0,0,0,0,0,0,0,0,False,False,False,False
Myntra,2025-03-17,2025-03-23,0,,,,,,,,,0,0,0,,,,,,,,,,0,0,0,0,0,0,0,0,0,False,False,False,False
Myntra,2025-03-24,2025-03-30,0,,,,,,,,,0,0,0,,,,,,,,,,0,0,0,0,0,0,0,0,0,False,False,False,False
Myntra,2025-03-31,2025-04-06,0,,,,,,,,,0,0,0,,,,,,,,,,0,0,0,0,0,0,0,0,0,False,False,False,False
Myntra,2025-04-07,2025-04-13,0,,,,,,,,,0,0,0,,,,,,,,,,0,0,0,0,0,0,0,0,0,False,False,False,False
Myntra,2025-04-14,2025-04-20,0,,,,,,,,,0,0,0,,,,,,,,,,0,0,0,0,0,0,0,0,0,False,False,False,False
Myntra,2025-04-21,2025-04-27,0,,,,,,,,,0,0,0,,,,,,,,,,0,0,0,0,0,0,0,0,0,False,False,False,False
Myntra,2025-04-28,2025-05-04,0,,,,,,,,,0,0,0,,,,,,,,,,0,0,0,0,0,0,0,0,0,False,False,False,False
Myntra,2025-05-05,2025-05-11,0,,,,,,,,,0,0,0,,,,,,,,,,0,0,0,0,0,0,0,0,0,False,False,False,False
Myntra,2025-05-12,2025-05-18,0,,,,,,,,,0,0,0,,,,,,,,,,0,0,0,0,0,0,0,0,0,False,False,False,False
Myntra,2025-05-19,2025-05-25,0,,,,,,,,,0,0,0,,,,,,,,,,0,0,0,0,0,0,0,0,0,False,False,False,False
Myntra,2025-05-26,2025-06-01,0,,,,,,,,,0,0,0,,,,,,,,,,0,0,0,0,0,0,0,0,0,False,False,False,False
Myntra,2025-06-02,2025-06-08,0,,,,,,,,,0,0,0,,,,,,,,,,0,0,0,0,0,0,0,0,0,False,False,False,False
Myntra,2025-06-09,2025-06-15,0,,,,,,,,,0,0,0,,,,,,,,,,0,0,0,0,0,0,0,0,0,False,False,False,False
Myntra,2025-06-16,2025-06-22,0,,,,,,,,,0,0,0,,,,,,,,,,0,0,0,0,0,0,0,0,0,False,False,False,False
Myntra,2025-06-23,2025-06-29,0,,,,,,,,,0,0,0,,,,,,,,,,0,0,0,0,0,0,0,0,0,False,False,False,False
Myntra,2025-06-30,2025-07-06,0,,,,,,,,,0,0,0,,,,,,,,,,0,0,0,0,0,0,0,0,0,False,False,False,False
Myntra,2025-07-07,2025-07-13,0,,,,,,,,,0,0,0,,,,,,,,,,0,0,0,0,0,0,0,0,0,False,False,False,False
Myntra,2025-07-14,2025-07-20,0,,,,,,,,,0,0,0,,,,,,,,,,0,0,0,0,0,0,0,0,0,False,False,False,False
Myntra,2025-07-21,2025-07-27,0,,,,,,,,,0,0,0,,,,,,,,,,0,0,0,0,0,0,0,0,0,False,False,False,False
Myntra,2025-07-28,2025-08-03,0,,,,,,,,,0,0,0,,,,,,,,,,0,0,0,0,0,0,0,0,0,False,False,False,False
Myntra,2025-08-04,2025-08-10,0,,,,,,,,,0,0,0,,,,,,,,,,0,0,0,0,0,0,0,0,0,False,False,False,False
Myntra,2025-08-11,2025-08-17,0,,,,,,,,,0,0,0,,,,,,,,,,0,0,0,0,0,0,0,0,0,False,False,False,False
Myntra,2025-08-18,2025-08-24,0,,,,,,,,,0,0,0,,,,,,,,,,0,0,0,0,0,0,0,0,0,False,False,False,False
Myntra,2025-08-25,2025-08-31,0,,,,,,,,,0,0,0,,,,,,,,,,0,0,0,0,0,0,0,0,0,False,False,False,False
Myntra,2025-09-01,2025-09-07,1,3.0,,0.0,0.0,0.0,0.878,0.0,89.0,0,0,0,0.0,0.0,0.0,0.0,0.0,0.0,0.0,0.0,0.0,0,0,0,0,0,0,0,0,0,False,False,False,False
Myntra,2025-09-08,2025-09-14,1,3.0,,0.0,100.0,100.0,-0.92,3.0,86.0,0,1,1,0.0,100.0,0.0,0.0,100.0,100.0,0.0,0.0,0.0,0,1,0,0,1,1,0,0,0,False,False,False,False
Myntra,2025-09-15,2025-09-21,0,,,,,,,,,0,0,0,,,,,,,,,,0,0,0,0,0,0,0,0,0,False,False,False,False
Myntra,2025-09-22,2025-09-28,0,,,,,,,,,0,0,0,,,,,,,,,,0,0,0,0,0,0,0,0,0,False,False,False,False
Myntra,2025-09-29,2025-10-05,0,,,,,,,,,0,0,0,,,,,,,,,,0,0,0,0,0,0,0,0,0,False,False,False,False
Myntra,2025-10-06,2025-10-12,0,,,,,,,,,0,0,0,,,,,,,,,,0,0,0,0,0,0,0,0,0,False,False,False,False
Myntra,2025-10-13,2025-10-19,0,,,,,,,,,0,0,0,,,,,,,,,,0,0,0,0,0,0,0,0,0,False,False,False,False
Myntra,2025-10-20,2025-10-26,0,,,,,,,,,0,0,0,,,,,,,,,,0,0,0,0,0,0,0,0,0,False,False,False,False
Myntra,2025-10-27,2025-11-02,0,,,,,,,,,0,0,0,,,,,,,,,,0,0,0,0,0,0,0,0,0,False,False,False,False
Myntra,2025-11-03,2025-11-09,0,,,,,,,,,0,0,0,,,,,,,,,,0,0,0,0,0,0,0,0,0,False,False,False,False
Myntra,2025-11-10,2025-11-16,0,,,,,,,,,0,0,0,,,,,,,,,,0,0,0,0,0,0,0,0,0,False,False,False,False
Myntra,2025-11-17,2025-11-23,0,,,,,,,,,0,0,0,,,,,,,,,,0,0,0,0,0,0,0,0,0,False,False,False,False
Myntra,2025-11-24,2025-11-30,0,,,,,,,,,0,0,0,,,,,,,,,,0,0,0,0,0,0,0,0,0,False,False,False,False
Myntra,2025-12-01,2025-12-07,0,,,,,,,,,0,0,0,,,,,,,,,,0,0,0,0,0,0,0,0,0,False,False,False,False
Myntra,2025-12-08,2025-12-14,0,,,,,,,,,0,0,0,,,,,,,,,,0,0,0,0,0,0,0,0,0,False,False,False,False
Myntra,2025-12-15,2025-12-21,0,,,,,,,,,0,0,0,,,,,,,,,,0,0,0,0,0,0,0,0,0,False,False,False,False
Myntra,2025-12-22,2025-12-28,0,,,,,,,,,0,0,0,,,,,,,,,,0,0,0,0,0,0,0,0,0,False,False,False,False
Myntra,2025-12-29,2026-01-04,0,,,,,,,,,0,0,0,,,,,,,,,,0,0,0,0,0,0,0,0,0,False,False,False,False
Myntra,2026-01-05,2026-01-11,0,,,,,,,,,0,0,0,,,,,,,,,,0,0,0,0,0,0,0,0,0,False,False,False,False
Myntra,2026-01-12,2026-01-18,0,,,,,,,,,0,0,0,,,,,,,,,,0,0,0,0,0,0,0,0,0,False,False,False,False
Myntra,2026-01-19,2026-01-25,0,,,,,,,,,0,0,0,,,,,,,,,,0,0,0,0,0,0,0,0,0,False,False,False,False
Myntra,2026-01-26,2026-02-01,0,,,,,,,,,0,0,0,,,,,,,,,,0,0,0,0,0,0,0,0,0,False,False,False,False
Myntra,2026-02-02,2026-02-08,0,,,,,,,,,0,0,0,,,,,,,,,,0,0,0,0,0,0,0,0,0,False,False,False,False
Myntra,2026-02-09,2026-02-15,0,,,,,,,,,0,0,0,,,,,,,,,,0,0,0,0,0,0,0,0,0,False,False,False,False
Myntra,2026-02-16,2026-02-22,0,,,,,,,,,0,0,0,,,,,,,,,,0,0,0,0,0,0,0,0,0,False,False,False,False
Myntra,2026-02-23,2026-03-01,0,,,,,,,,,0,0,0,,,,,,,,,,0,0,0,0,0,0,0,0,0,False,False,False,False
Myntra,2026-03-02,2026-03-08,0,,,,,,,,,0,0,0,,,,,,,,,,0,0,0,0,0,0,0,0,0,False,False,False,False
Myntra,2026-03-09,2026-03-15,0,,,,,,,,,0,0,0,,,,,,,,,,0,0,0,0,0,0,0,0,0,False,False,False,False
Myntra,2026-03-16,2026-03-22,0,,,,,,,,,0,0,0,,,,,,,,,,0,0,0,0,0,0,0,0,0,False,False,False,False
Myntra,2026-03-23,2026-03-29,0,,,,,,,,,0,0,0,,,,,,,,,,0,0,0,0,0,0,0,0,0,False,False,False,False
Myntra,2026-03-30,2026-04-05,4,3.25,1.708,25.0,50.0,75.0,0.159,1.5,81.0,1,2,3,0.0,0.0,0.0,25.0,75.0,25.0,0.0,0.0,25.0,0,0,0,1,3,1,0,0,1,False,False,False,False
Myntra,2026-04-06,2026-04-12,26,2.077,1.742,73.077,50.0,80.769,-0.02,1.692,69.0,19,13,21,7.692,30.769,11.538,11.538,69.231,30.769,0.0,7.692,0.0,2,8,3,3,18,8,0,2,0,False,False,False,False
Myntra,2026-04-13,2026-04-19,52,2.115,1.711,69.231,55.769,73.077,-0.045,1.423,71.5,36,29,38,1.923,19.231,19.231,11.538,53.846,28.846,0.0,5.769,1.923,1,10,10,6,28,15,0,3,1,False,False,False,True
Myntra,2026-04-20,2026-04-26,50,2.6,1.852,56.0,46.0,82.0,0.073,1.48,67.5,28,23,41,0.0,10.0,20.0,20.0,48.0,38.0,0.0,10.0,2.0,0,5,10,10,24,19,0,5,1,True,False,False,True
Myntra,2026-04-27,2026-05-03,48,2.188,1.77,68.75,56.25,85.417,-0.084,1.542,69.5,33,27,41,2.083,18.75,22.917,8.333,39.583,37.5,2.083,14.583,8.333,1,9,11,4,19,18,1,7,4,True,False,False,True
Myntra,2026-05-04,2026-05-10,55,2.455,1.844,60.0,52.727,83.636,-0.016,1.545,62.0,33,29,46,1.818,16.364,23.636,5.455,60.0,30.909,1.818,12.727,1.818,1,9,13,3,33,17,1,7,1,True,False,False,True
Myntra,2026-05-11,2026-05-17,54,2.907,1.876,50.0,38.889,74.074,0.212,1.278,70.5,27,21,40,1.852,14.815,9.259,12.963,48.148,27.778,3.704,5.556,3.704,1,8,5,7,26,15,2,3,2,True,False,False,True
Myntra,2026-05-18,2026-05-24,47,2.298,1.817,65.957,55.319,87.234,-0.048,1.489,68.0,31,26,41,2.128,12.766,21.277,0.0,48.936,53.191,0.0,6.383,4.255,1,6,10,0,23,25,0,3,2,True,False,False,True
Myntra,2026-05-25,2026-05-31,53,2.151,1.714,67.925,49.057,69.811,0.001,1.509,65.0,36,26,37,0.0,20.755,18.868,11.321,39.623,50.943,1.887,7.547,0.0,0,11,10,6,21,27,1,4,0,True,False,False,True
Myntra,2026-06-01,2026-06-07,88,2.557,1.856,60.227,43.182,68.182,0.086,1.182,64.5,53,38,60,1.136,10.227,9.091,11.364,46.591,26.136,0.0,9.091,4.545,1,9,8,10,41,23,0,8,4,True,False,False,True
Myntra,2026-06-08,2026-06-14,83,2.157,1.749,69.88,55.422,79.518,-0.087,1.554,70.0,58,46,66,8.434,14.458,18.072,6.024,59.036,37.349,1.205,9.639,1.205,7,12,15,5,49,31,1,8,1,True,False,False,True
Myntra,2026-06-15,2026-06-21,81,2.049,1.665,74.074,61.728,83.951,-0.149,1.654,65.0,60,50,68,2.469,11.111,24.691,13.58,53.086,45.679,1.235,12.346,1.235,2,9,20,11,43,37,1,10,1,True,False,False,True
Myntra,2026-06-22,2026-06-28,73,2.479,1.908,63.014,54.795,73.973,-0.029,1.466,63.0,46,40,54,1.37,10.959,24.658,12.329,39.726,42.466,0.0,12.329,2.74,1,8,18,9,29,31,0,9,2,True,False,False,True
Myntra,2026-06-29,2026-07-05,118,2.881,1.918,52.542,37.288,66.949,0.217,1.178,56.0,62,44,79,1.695,12.712,11.017,9.322,38.136,34.746,1.695,4.237,4.237,2,15,13,11,45,41,2,5,5,True,True,False,True
Myntra,2026-07-06,2026-07-12,171,2.953,1.937,49.708,41.52,61.404,0.127,1.064,45.0,85,71,105,1.754,8.187,15.205,9.357,33.333,26.316,1.17,8.772,2.339,3,14,26,16,57,45,2,15,4,True,True,False,True
Myntra,2026-07-13,2026-07-19,171,2.731,1.909,54.971,48.538,65.497,0.054,1.211,49.0,94,83,112,1.754,11.696,15.789,9.357,44.444,29.24,0.585,5.263,2.924,3,20,27,16,76,50,1,9,5,True,True,False,True
Myntra,2026-07-20,2026-07-26,151,2.934,1.955,50.331,41.06,64.238,0.193,1.232,40.0,76,62,97,3.311,13.907,15.894,8.609,43.046,29.801,0.0,7.285,1.325,5,21,24,13,65,45,0,11,2,True,True,False,True
Myntra,2026-07-27,2026-08-02,147,2.925,1.916,50.34,43.537,62.585,0.111,1.02,44.0,74,64,92,1.361,14.286,10.884,2.721,38.776,25.85,0.0,6.122,2.041,2,21,16,4,57,38,0,9,3,True,True,False,True
Myntra,2026-08-03,2026-08-09,203,2.808,1.913,52.217,47.291,58.128,0.068,0.975,44.0,106,96,118,1.478,10.837,12.808,6.404,35.468,24.138,0.0,5.911,0.493,3,22,26,13,72,49,0,12,1,True,True,False,True
Myntra,2026-08-10,2026-08-16,210,2.281,1.772,66.19,53.81,65.238,-0.053,1.181,47.0,139,113,137,2.381,12.381,20.476,8.095,35.238,28.095,0.0,10.952,0.476,5,26,43,17,74,59,0,23,1,True,True,False,True
Myntra,2026-08-17,2026-08-23,312,2.782,1.919,54.808,46.154,59.936,0.085,1.115,44.0,171,144,187,0.962,11.859,13.462,7.692,37.5,30.769,1.603,7.051,0.641,3,37,42,24,117,96,5,22,2,True,True,False,True
Myntra,2026-08-24,2026-08-30,239,2.414,1.874,64.017,53.975,68.619,-0.045,1.293,46.0,153,129,164,2.51,17.992,16.318,9.623,41.004,32.636,0.418,7.95,0.837,6,43,39,23,98,78,1,19,2,True,True,False,True
Myntra,2026-08-31,2026-09-06,240,2.875,1.917,51.667,42.5,59.583,0.155,1.05,41.0,124,102,143,2.083,13.333,13.333,5.417,32.5,25.833,1.25,8.333,2.917,5,32,32,13,78,62,3,20,7,True,True,False,True
Myntra,2026-09-07,2026-09-13,245,2.906,1.911,50.612,40.0,56.327,0.181,0.959,45.0,124,98,138,1.224,9.796,13.878,5.306,32.653,25.714,0.408,4.898,2.041,3,24,34,13,80,63,1,12,5,True,True,False,True
Myntra,2026-09-14,2026-09-20,74,2.405,1.835,63.514,55.405,64.865,-0.077,1.176,50.0,47,41,48,2.703,10.811,22.973,6.757,35.135,29.73,0.0,9.459,0.0,2,8,17,5,26,22,0,7,0,False,True,True,True
Paytm,2018-09-10,2018-09-16,2,4.5,0.707,0.0,50.0,50.0,0.076,0.5,97.0,0,1,1,0.0,0.0,0.0,0.0,0.0,50.0,0.0,0.0,0.0,0,0,0,0,0,1,0,0,0,False,False,False,False
Paytm,2018-09-17,2018-09-23,5,1.2,0.447,100.0,100.0,80.0,-0.803,1.2,70.0,5,5,4,0.0,40.0,0.0,0.0,20.0,40.0,20.0,0.0,0.0,0,2,0,0,1,2,1,0,0,False,False,False,False
Paytm,2018-09-24,2018-09-30,11,1.0,0.0,100.0,63.636,81.818,-0.247,1.455,84.0,11,7,9,9.091,18.182,9.091,0.0,0.0,63.636,36.364,0.0,9.091,1,2,1,0,0,7,4,0,1,False,False,False,False
Paytm,2018-10-01,2018-10-07,3,1.0,0.0,100.0,66.667,100.0,-0.402,1.667,60.0,3,2,3,33.333,0.0,0.0,0.0,0.0,66.667,66.667,0.0,0.0,1,0,0,0,0,2,2,0,0,False,False,False,False
Paytm,2018-10-08,2018-10-14,5,1.4,0.894,80.0,40.0,100.0,0.213,1.8,108.0,4,2,5,0.0,40.0,20.0,0.0,60.0,40.0,20.0,0.0,0.0,0,2,1,0,3,2,1,0,0,False,False,False,False
Paytm,2018-10-15,2018-10-21,7,1.0,0.0,100.0,57.143,85.714,-0.293,1.857,75.0,7,4,6,0.0,28.571,0.0,14.286,28.571,71.429,14.286,28.571,0.0,0,2,0,1,2,5,1,2,0,False,False,False,False
Paytm,2018-10-22,2018-10-28,8,1.375,0.744,87.5,50.0,100.0,0.106,1.625,89.5,7,4,8,0.0,37.5,0.0,0.0,12.5,75.0,12.5,25.0,0.0,0,3,0,0,1,6,1,2,0,False,False,False,False
Paytm,2018-10-29,2018-11-04,6,1.5,1.225,83.333,83.333,100.0,-0.493,2.0,63.0,5,5,6,0.0,0.0,0.0,16.667,66.667,50.0,33.333,16.667,16.667,0,0,0,1,4,3,2,1,1,False,False,False,False
Paytm,2018-11-05,2018-11-11,11,1.0,0.0,100.0,54.545,90.909,-0.221,1.636,73.0,11,6,10,27.273,9.091,36.364,0.0,36.364,45.455,9.091,0.0,0.0,3,1,4,0,4,5,1,0,0,False,False,False,False
Paytm,2018-11-12,2018-11-18,4,1.25,0.5,100.0,75.0,100.0,-0.629,2.5,68.5,4,3,4,0.0,50.0,25.0,25.0,50.0,75.0,0.0,25.0,0.0,0,2,1,1,2,3,0,1,0,False,False,False,False
Paytm,2018-11-19,2018-11-25,5,1.0,0.0,100.0,80.0,100.0,-0.251,2.0,79.0,5,4,5,0.0,40.0,0.0,20.0,20.0,80.0,20.0,0.0,20.0,0,2,0,1,1,4,1,0,1,False,False,False,False
Paytm,2018-11-26,2018-12-02,1,2.0,,100.0,0.0,0.0,0.262,0.0,48.0,1,0,0,0.0,0.0,0.0,0.0,0.0,0.0,0.0,0.0,0.0,0,0,0,0,0,0,0,0,0,False,False,False,False
Paytm,2018-12-03,2018-12-09,5,1.4,0.548,100.0,80.0,60.0,-0.25,1.0,66.0,5,4,3,0.0,20.0,20.0,0.0,20.0,40.0,0.0,0.0,0.0,0,1,1,0,1,2,0,0,0,False,False,False,False
Paytm,2018-12-10,2018-12-16,7,1.0,0.0,100.0,85.714,100.0,-0.572,2.143,76.0,7,6,7,14.286,28.571,0.0,14.286,14.286,71.429,57.143,14.286,0.0,1,2,0,1,1,5,4,1,0,False,False,False,False
Paytm,2018-12-17,2018-12-23,5,2.4,1.517,60.0,60.0,80.0,-0.044,1.2,93.0,3,3,4,0.0,0.0,0.0,20.0,20.0,20.0,40.0,20.0,0.0,0,0,0,1,1,1,2,1,0,False,False,False,False
Paytm,2018-12-24,2018-12-30,4,1.0,0.0,100.0,25.0,75.0,-0.022,1.25,86.0,4,1,3,0.0,0.0,0.0,0.0,25.0,75.0,25.0,0.0,0.0,0,0,0,0,1,3,1,0,0,False,False,False,False
Paytm,2018-12-31,2019-01-06,7,1.714,1.496,85.714,71.429,57.143,-0.301,0.714,71.0,6,5,4,0.0,28.571,0.0,0.0,0.0,42.857,0.0,0.0,0.0,0,2,0,0,0,3,0,0,0,False,False,False,False
Paytm,2019-01-07,2019-01-13,3,1.0,0.0,100.0,0.0,66.667,0.926,1.667,77.0,3,0,2,33.333,33.333,0.0,0.0,33.333,66.667,0.0,0.0,0.0,1,1,0,0,1,2,0,0,0,False,False,False,False
Paytm,2019-01-14,2019-01-20,1,1.0,,100.0,0.0,0.0,0.758,0.0,54.0,1,0,0,0.0,0.0,0.0,0.0,0.0,0.0,0.0,0.0,0.0,0,0,0,0,0,0,0,0,0,False,False,False,False
Paytm,2019-01-21,2019-01-27,3,2.0,1.732,66.667,33.333,100.0,0.351,1.333,66.0,2,1,3,0.0,66.667,0.0,0.0,33.333,33.333,0.0,0.0,0.0,0,2,0,0,1,1,0,0,0,False,False,False,False
Paytm,2019-01-28,2019-02-03,1,1.0,,100.0,100.0,0.0,-0.477,0.0,67.0,1,1,0,0.0,0.0,0.0,0.0,0.0,0.0,0.0,0.0,0.0,0,0,0,0,0,0,0,0,0,False,False,False,False
Paytm,2019-02-04,2019-02-10,1,1.0,,100.0,0.0,100.0,0.19,1.0,75.0,1,0,1,0.0,0.0,0.0,0.0,0.0,100.0,0.0,0.0,0.0,0,0,0,0,0,1,0,0,0,False,False,False,False
Paytm,2019-02-11,2019-02-17,2,1.0,0.0,100.0,100.0,100.0,-0.648,2.5,82.5,2,2,2,0.0,100.0,50.0,0.0,0.0,100.0,0.0,0.0,0.0,0,2,1,0,0,2,0,0,0,False,False,False,False
Paytm,2019-02-18,2019-02-24,2,1.0,0.0,100.0,50.0,50.0,0.01,0.5,67.0,2,1,1,0.0,0.0,0.0,0.0,0.0,50.0,0.0,0.0,0.0,0,0,0,0,0,1,0,0,0,False,False,False,False
Paytm,2019-02-25,2019-03-03,1,3.0,,0.0,100.0,0.0,-0.071,0.0,77.0,0,1,0,0.0,0.0,0.0,0.0,0.0,0.0,0.0,0.0,0.0,0,0,0,0,0,0,0,0,0,False,False,False,False
Paytm,2019-03-04,2019-03-10,4,2.0,2.0,75.0,50.0,75.0,-0.172,1.25,74.0,3,2,3,0.0,25.0,25.0,0.0,25.0,50.0,0.0,0.0,0.0,0,1,1,0,1,2,0,0,0,False,False,False,False
Paytm,2019-03-11,2019-03-17,4,1.0,0.0,100.0,75.0,100.0,-0.129,1.75,93.5,4,3,4,0.0,50.0,0.0,0.0,25.0,100.0,0.0,0.0,0.0,0,2,0,0,1,4,0,0,0,False,False,False,False
Paytm,2019-03-18,2019-03-24,4,1.5,1.0,75.0,75.0,100.0,-0.479,2.25,84.5,3,3,4,25.0,25.0,50.0,0.0,50.0,75.0,0.0,0.0,0.0,1,1,2,0,2,3,0,0,0,False,False,False,False
Paytm,2019-03-25,2019-03-31,2,1.0,0.0,100.0,100.0,50.0,-0.692,1.5,81.5,2,2,1,50.0,0.0,0.0,0.0,0.0,50.0,50.0,0.0,0.0,1,0,0,0,0,1,1,0,0,False,False,False,False
Paytm,2019-04-01,2019-04-07,2,1.0,0.0,100.0,100.0,50.0,-0.256,0.5,69.5,2,2,1,0.0,0.0,0.0,0.0,50.0,0.0,0.0,0.0,0.0,0,0,0,0,1,0,0,0,0,False,False,False,False
Paytm,2019-04-08,2019-04-14,1,1.0,,100.0,0.0,100.0,0.727,2.0,93.0,1,0,1,0.0,0.0,0.0,0.0,0.0,100.0,100.0,0.0,0.0,0,0,0,0,0,1,1,0,0,False,False,False,False
Paytm,2019-04-15,2019-04-21,4,2.25,1.893,75.0,75.0,75.0,-0.491,1.0,60.5,3,3,3,0.0,50.0,0.0,0.0,0.0,25.0,25.0,0.0,0.0,0,2,0,0,0,1,1,0,0,False,False,False,False
Paytm,2019-04-22,2019-04-28,5,2.0,1.414,60.0,40.0,60.0,-0.046,1.2,72.0,3,2,3,0.0,40.0,0.0,0.0,20.0,20.0,20.0,0.0,20.0,0,2,0,0,1,1,1,0,1,False,False,False,False
Paytm,2019-04-29,2019-05-05,1,1.0,,100.0,100.0,100.0,-0.656,1.0,223.0,1,1,1,0.0,0.0,0.0,0.0,0.0,100.0,0.0,0.0,0.0,0,0,0,0,0,1,0,0,0,False,False,False,False
Paytm,2019-05-06,2019-05-12,4,1.0,0.0,100.0,75.0,100.0,-0.629,1.75,77.0,4,3,4,0.0,50.0,25.0,0.0,0.0,50.0,25.0,25.0,0.0,0,2,1,0,0,2,1,1,0,False,False,False,False
Paytm,2019-05-13,2019-05-19,7,2.571,1.134,28.571,28.571,57.143,0.176,0.857,79.0,2,2,4,28.571,0.0,0.0,0.0,0.0,28.571,14.286,14.286,0.0,2,0,0,0,0,2,1,1,0,False,False,False,False
Paytm,2019-05-20,2019-05-26,3,3.667,2.309,33.333,0.0,100.0,0.504,1.667,79.0,1,0,3,0.0,66.667,33.333,0.0,33.333,33.333,0.0,0.0,0.0,0,2,1,0,1,1,0,0,0,False,False,False,False
Paytm,2019-05-27,2019-06-02,5,3.0,2.0,40.0,40.0,40.0,-0.011,1.2,89.0,2,2,2,0.0,20.0,0.0,20.0,20.0,20.0,20.0,20.0,0.0,0,1,0,1,1,1,1,1,0,False,False,False,False
Paytm,2019-06-03,2019-06-09,3,1.0,0.0,100.0,66.667,66.667,-0.472,1.333,73.0,3,2,2,0.0,0.0,0.0,33.333,66.667,33.333,0.0,0.0,0.0,0,0,0,1,2,1,0,0,0,False,False,False,False
Paytm,2019-06-10,2019-06-16,2,1.5,0.707,100.0,100.0,100.0,-0.813,1.5,72.0,2,2,2,50.0,0.0,0.0,0.0,0.0,100.0,0.0,0.0,0.0,1,0,0,0,0,2,0,0,0,False,False,False,False
Paytm,2019-06-17,2019-06-23,5,1.0,0.0,100.0,60.0,100.0,-0.182,1.4,86.0,5,3,5,20.0,0.0,0.0,0.0,20.0,80.0,0.0,0.0,20.0,1,0,0,0,1,4,0,0,1,False,False,False,False
Paytm,2019-06-24,2019-06-30,2,3.0,2.828,50.0,50.0,100.0,-0.021,1.5,72.0,1,1,2,0.0,0.0,0.0,0.0,50.0,100.0,0.0,0.0,0.0,0,0,0,0,1,2,0,0,0,False,False,False,False
Paytm,2019-07-01,2019-07-07,4,2.25,1.893,75.0,75.0,50.0,-0.118,0.75,77.0,3,3,2,0.0,25.0,0.0,0.0,0.0,0.0,0.0,25.0,25.0,0,1,0,0,0,0,0,1,1,False,False,False,False
Paytm,2019-07-08,2019-07-14,1,1.0,,100.0,100.0,100.0,-0.647,3.0,72.0,1,1,1,0.0,100.0,0.0,0.0,0.0,100.0,0.0,100.0,0.0,0,1,0,0,0,1,0,1,0,False,False,False,False
Paytm,2019-07-15,2019-07-21,5,3.0,1.581,40.0,60.0,60.0,-0.172,0.8,77.0,2,3,3,0.0,0.0,0.0,0.0,0.0,40.0,40.0,0.0,0.0,0,0,0,0,0,2,2,0,0,False,False,False,False
Paytm,2019-07-22,2019-07-28,3,1.0,0.0,100.0,66.667,100.0,-0.294,1.667,77.0,3,2,3,33.333,0.0,0.0,33.333,0.0,66.667,33.333,0.0,0.0,1,0,0,1,0,2,1,0,0,False,False,False,False
Paytm,2019-07-29,2019-08-04,2,1.0,0.0,100.0,50.0,100.0,0.088,2.0,79.0,2,1,2,100.0,0.0,0.0,0.0,0.0,50.0,50.0,0.0,0.0,2,0,0,0,0,1,1,0,0,False,False,False,False
Paytm,2019-08-05,2019-08-11,4,1.0,0.0,100.0,25.0,75.0,0.465,1.25,69.5,4,1,3,0.0,50.0,0.0,0.0,0.0,50.0,0.0,0.0,25.0,0,2,0,0,0,2,0,0,1,False,False,False,False
Paytm,2019-08-12,2019-08-18,6,1.167,0.408,100.0,66.667,83.333,-0.415,1.5,81.0,6,4,5,16.667,33.333,0.0,16.667,16.667,50.0,16.667,0.0,0.0,1,2,0,1,1,3,1,0,0,False,False,False,False
Paytm,2019-08-19,2019-08-25,3,2.333,1.528,66.667,33.333,66.667,0.234,0.667,62.0,2,1,2,0.0,0.0,0.0,33.333,0.0,0.0,0.0,33.333,0.0,0,0,0,1,0,0,0,1,0,False,False,False,False
Paytm,2019-08-26,2019-09-01,3,1.0,0.0,100.0,0.0,33.333,0.792,0.333,91.0,3,0,1,0.0,0.0,0.0,0.0,0.0,33.333,0.0,0.0,0.0,0,0,0,0,0,1,0,0,0,False,False,False,False
Paytm,2019-09-02,2019-09-08,5,1.2,0.447,100.0,80.0,80.0,-0.689,1.2,79.0,5,4,4,0.0,0.0,20.0,20.0,20.0,40.0,0.0,20.0,0.0,0,0,1,1,1,2,0,1,0,False,False,False,False
Paytm,2019-09-09,2019-09-15,5,1.6,1.342,80.0,60.0,60.0,-0.101,0.6,87.0,4,3,3,0.0,20.0,0.0,0.0,0.0,40.0,0.0,0.0,0.0,0,1,0,0,0,2,0,0,0,False,False,False,False
Paytm,2019-09-16,2019-09-22,2,2.5,2.121,50.0,50.0,50.0,0.025,1.5,67.0,1,1,1,0.0,0.0,0.0,50.0,50.0,50.0,0.0,0.0,0.0,0,0,0,1,1,1,0,0,0,False,False,False,False
Paytm,2019-09-23,2019-09-29,1,1.0,,100.0,100.0,100.0,-0.382,1.0,61.0,1,1,1,0.0,0.0,0.0,0.0,0.0,100.0,0.0,0.0,0.0,0,0,0,0,0,1,0,0,0,False,False,False,False
Paytm,2019-09-30,2019-10-06,3,1.0,0.0,100.0,100.0,66.667,-0.818,0.667,90.0,3,3,2,0.0,0.0,0.0,0.0,0.0,66.667,0.0,0.0,0.0,0,0,0,0,0,2,0,0,0,False,False,False,False
Paytm,2019-10-07,2019-10-13,4,1.0,0.0,100.0,50.0,75.0,-0.081,1.0,70.5,4,2,3,0.0,0.0,0.0,0.0,25.0,50.0,0.0,0.0,25.0,0,0,0,0,1,2,0,0,1,False,False,False,False
Paytm,2019-10-14,2019-10-20,2,1.5,0.707,100.0,100.0,100.0,-0.894,1.5,75.0,2,2,2,0.0,0.0,0.0,100.0,0.0,50.0,0.0,0.0,0.0,0,0,0,2,0,1,0,0,0,False,False,False,False
Paytm,2019-10-21,2019-10-27,4,1.25,0.5,100.0,75.0,100.0,-0.398,2.0,63.5,4,3,4,0.0,25.0,0.0,0.0,50.0,75.0,50.0,0.0,0.0,0,1,0,0,2,3,2,0,0,False,False,False,False
Paytm,2019-10-28,2019-11-03,1,1.0,,100.0,100.0,100.0,-0.957,2.0,76.0,1,1,1,0.0,0.0,0.0,0.0,100.0,100.0,0.0,0.0,0.0,0,0,0,0,1,1,0,0,0,False,False,False,False
Paytm,2019-11-04,2019-11-10,4,1.25,0.5,100.0,75.0,75.0,-0.316,1.5,71.0,4,3,3,0.0,25.0,25.0,0.0,0.0,75.0,0.0,25.0,0.0,0,1,1,0,0,3,0,1,0,False,False,False,False
Paytm,2019-11-11,2019-11-17,4,1.75,1.5,75.0,75.0,100.0,-0.379,1.0,69.0,3,3,4,0.0,0.0,0.0,0.0,0.0,100.0,0.0,0.0,0.0,0,0,0,0,0,4,0,0,0,False,False,False,False
Paytm,2019-11-18,2019-11-24,2,3.5,2.121,50.0,50.0,100.0,-0.367,1.0,68.5,1,1,2,0.0,50.0,0.0,0.0,0.0,0.0,0.0,50.0,0.0,0,1,0,0,0,0,0,1,0,False,False,False,False
Paytm,2019-11-25,2019-12-01,4,1.25,0.5,100.0,25.0,50.0,-0.027,0.5,87.0,4,1,2,0.0,0.0,0.0,0.0,0.0,50.0,0.0,0.0,0.0,0,0,0,0,0,2,0,0,0,False,False,False,False
Paytm,2019-12-02,2019-12-08,4,1.25,0.5,100.0,50.0,100.0,-0.057,1.25,67.0,4,2,4,25.0,0.0,0.0,0.0,0.0,50.0,50.0,0.0,0.0,1,0,0,0,0,2,2,0,0,False,False,False,False
Paytm,2019-12-09,2019-12-15,4,2.0,2.0,75.0,75.0,100.0,-0.227,1.75,80.0,3,3,4,0.0,50.0,0.0,0.0,50.0,75.0,0.0,0.0,0.0,0,2,0,0,2,3,0,0,0,False,False,False,False
Paytm,2019-12-16,2019-12-22,9,1.0,0.0,100.0,44.444,88.889,0.007,1.222,68.0,9,4,8,0.0,11.111,11.111,0.0,33.333,55.556,11.111,0.0,0.0,0,1,1,0,3,5,1,0,0,False,False,False,False
Paytm,2019-12-23,2019-12-29,4,1.0,0.0,100.0,100.0,100.0,-0.525,1.5,71.5,4,4,4,0.0,25.0,0.0,25.0,0.0,75.0,0.0,25.0,0.0,0,1,0,1,0,3,0,1,0,False,False,False,False
Paytm,2019-12-30,2020-01-05,5,2.0,1.414,60.0,40.0,80.0,0.149,1.4,79.0,3,2,4,0.0,20.0,0.0,0.0,20.0,60.0,40.0,0.0,0.0,0,1,0,0,1,3,2,0,0,False,False,False,False
Paytm,2020-01-06,2020-01-12,0,,,,,,,,,0,0,0,,,,,,,,,,0,0,0,0,0,0,0,0,0,False,False,False,False
Paytm,2020-01-13,2020-01-19,2,2.5,2.121,50.0,100.0,50.0,-0.503,1.0,73.0,1,2,1,0.0,50.0,0.0,0.0,0.0,0.0,0.0,0.0,50.0,0,1,0,0,0,0,0,0,1,False,False,False,False
Paytm,2020-01-20,2020-01-26,9,2.111,1.453,66.667,44.444,66.667,0.258,1.0,78.0,6,4,6,11.111,22.222,0.0,0.0,11.111,44.444,0.0,11.111,0.0,1,2,0,0,1,4,0,1,0,False,False,False,False
Paytm,2020-01-27,2020-02-02,10,1.8,1.398,70.0,70.0,60.0,-0.307,0.9,71.0,7,7,6,10.0,20.0,0.0,0.0,10.0,50.0,0.0,0.0,0.0,1,2,0,0,1,5,0,0,0,False,False,False,False
Paytm,2020-02-03,2020-02-09,6,3.0,1.673,50.0,50.0,33.333,0.128,0.333,71.5,3,3,2,0.0,0.0,0.0,0.0,0.0,16.667,0.0,0.0,16.667,0,0,0,0,0,1,0,0,1,False,False,False,False
Paytm,2020-02-10,2020-02-16,7,1.714,1.496,85.714,71.429,85.714,-0.294,1.429,86.0,6,5,6,14.286,14.286,0.0,0.0,14.286,71.429,14.286,14.286,0.0,1,1,0,0,1,5,1,1,0,False,False,False,False
Paytm,2020-02-17,2020-02-23,4,1.75,1.5,75.0,50.0,75.0,-0.048,1.5,73.5,3,2,3,0.0,0.0,0.0,0.0,0.0,75.0,50.0,0.0,25.0,0,0,0,0,0,3,2,0,1,False,False,False,False
Paytm,2020-02-24,2020-03-01,1,1.0,,100.0,100.0,100.0,-0.833,1.0,74.0,1,1,1,0.0,0.0,0.0,0.0,0.0,0.0,0.0,100.0,0.0,0,0,0,0,0,0,0,1,0,False,False,False,False
Paytm,2020-03-02,2020-03-08,4,1.0,0.0,100.0,75.0,50.0,-0.429,0.5,68.5,4,3,2,0.0,0.0,0.0,0.0,0.0,25.0,25.0,0.0,0.0,0,0,0,0,0,1,1,0,0,False,False,False,False
Paytm,2020-03-09,2020-03-15,6,1.667,1.633,83.333,16.667,83.333,0.441,1.5,77.5,5,1,5,16.667,16.667,0.0,0.0,16.667,66.667,16.667,16.667,0.0,1,1,0,0,1,4,1,1,0,False,False,False,False
Paytm,2020-03-16,2020-03-22,3,1.667,1.155,66.667,33.333,100.0,0.024,2.333,90.0,2,1,3,66.667,33.333,0.0,0.0,66.667,33.333,0.0,0.0,33.333,2,1,0,0,2,1,0,0,1,False,False,False,False
Paytm,2020-03-23,2020-03-29,0,,,,,,,,,0,0,0,,,,,,,,,,0,0,0,0,0,0,0,0,0,False,False,False,False
Paytm,2020-03-30,2020-04-05,2,2.5,2.121,50.0,0.0,50.0,0.332,0.5,77.0,1,0,1,0.0,0.0,0.0,0.0,0.0,0.0,0.0,0.0,50.0,0,0,0,0,0,0,0,0,1,False,False,False,False
Paytm,2020-04-06,2020-04-12,3,1.0,0.0,100.0,66.667,66.667,-0.297,1.333,68.0,3,2,2,0.0,33.333,0.0,0.0,33.333,33.333,33.333,0.0,0.0,0,1,0,0,1,1,1,0,0,False,False,False,False
Paytm,2020-04-13,2020-04-19,4,1.5,1.0,75.0,75.0,75.0,-0.032,0.75,76.0,3,3,3,0.0,0.0,0.0,0.0,0.0,0.0,50.0,0.0,25.0,0,0,0,0,0,0,2,0,1,False,False,False,False
Paytm,2020-04-20,2020-04-26,1,1.0,,100.0,100.0,0.0,-0.916,0.0,97.0,1,1,0,0.0,0.0,0.0,0.0,0.0,0.0,0.0,0.0,0.0,0,0,0,0,0,0,0,0,0,False,False,False,False
Paytm,2020-04-27,2020-05-03,2,1.0,0.0,100.0,100.0,50.0,-0.511,0.5,72.5,2,2,1,0.0,0.0,0.0,0.0,0.0,0.0,50.0,0.0,0.0,0,0,0,0,0,0,1,0,0,False,False,False,False
Paytm,2020-05-04,2020-05-10,1,1.0,,100.0,100.0,100.0,-0.174,1.0,68.0,1,1,1,0.0,0.0,0.0,0.0,0.0,0.0,100.0,0.0,0.0,0,0,0,0,0,0,1,0,0,False,False,False,False
Paytm,2020-05-11,2020-05-17,2,1.0,0.0,100.0,50.0,50.0,0.261,1.0,99.5,2,1,1,0.0,50.0,0.0,0.0,50.0,0.0,0.0,0.0,0.0,0,1,0,0,1,0,0,0,0,False,False,False,False
Paytm,2020-05-18,2020-05-24,3,1.0,0.0,100.0,33.333,66.667,0.332,1.333,85.0,3,1,2,0.0,0.0,0.0,0.0,33.333,66.667,33.333,0.0,0.0,0,0,0,0,1,2,1,0,0,False,False,False,False
Paytm,2020-05-25,2020-05-31,3,1.333,0.577,100.0,100.0,100.0,-0.652,1.667,83.0,3,3,3,0.0,33.333,0.0,0.0,33.333,100.0,0.0,0.0,0.0,0,1,0,0,1,3,0,0,0,False,False,False,False
Paytm,2020-06-01,2020-06-07,1,1.0,,100.0,100.0,100.0,-0.536,1.0,92.0,1,1,1,0.0,0.0,0.0,0.0,0.0,0.0,0.0,0.0,100.0,0,0,0,0,0,0,0,0,1,False,False,False,False
Paytm,2020-06-08,2020-06-14,3,1.333,0.577,100.0,66.667,66.667,-0.288,1.333,76.0,3,2,2,0.0,33.333,0.0,33.333,0.0,33.333,33.333,0.0,0.0,0,1,0,1,0,1,1,0,0,False,False,False,False
Paytm,2020-06-15,2020-06-21,6,1.5,1.225,83.333,66.667,83.333,-0.129,1.333,66.0,5,4,5,16.667,16.667,0.0,0.0,0.0,66.667,0.0,16.667,16.667,1,1,0,0,0,4,0,1,1,False,False,False,False
Paytm,2020-06-22,2020-06-28,5,1.2,0.447,100.0,80.0,40.0,-0.636,0.6,86.0,5,4,2,0.0,0.0,0.0,0.0,0.0,40.0,0.0,20.0,0.0,0,0,0,0,0,2,0,1,0,False,False,False,False
Paytm,2020-06-29,2020-07-05,3,1.0,0.0,100.0,66.667,66.667,-0.291,1.333,76.0,3,2,2,0.0,0.0,0.0,33.333,0.0,66.667,0.0,33.333,0.0,0,0,0,1,0,2,0,1,0,False,False,False,False
Paytm,2020-07-06,2020-07-12,5,1.0,0.0,100.0,100.0,60.0,-0.522,0.6,63.0,5,5,3,0.0,0.0,0.0,0.0,0.0,40.0,0.0,0.0,20.0,0,0,0,0,0,2,0,0,1,False,False,False,False
Paytm,2020-07-13,2020-07-19,1,1.0,,100.0,100.0,100.0,-0.853,2.0,61.0,1,1,1,0.0,0.0,0.0,0.0,0.0,100.0,0.0,100.0,0.0,0,0,0,0,0,1,0,1,0,False,False,False,False
Paytm,2020-07-20,2020-07-26,4,3.0,1.826,50.0,25.0,50.0,0.285,0.5,67.5,2,1,2,25.0,0.0,0.0,0.0,0.0,0.0,25.0,0.0,0.0,1,0,0,0,0,0,1,0,0,False,False,False,False
Paytm,2020-07-27,2020-08-02,4,1.25,0.5,100.0,75.0,25.0,-0.33,0.5,75.0,4,3,1,0.0,0.0,0.0,0.0,0.0,25.0,25.0,0.0,0.0,0,0,0,0,0,1,1,0,0,False,False,False,False
Paytm,2020-08-03,2020-08-09,3,1.0,0.0,100.0,100.0,100.0,-0.749,2.0,92.0,3,3,3,0.0,0.0,0.0,0.0,0.0,100.0,66.667,0.0,33.333,0,0,0,0,0,3,2,0,1,False,False,False,False
Paytm,2020-08-10,2020-08-16,0,,,,,,,,,0,0,0,,,,,,,,,,0,0,0,0,0,0,0,0,0,False,False,False,False
Paytm,2020-08-17,2020-08-23,2,1.0,0.0,100.0,50.0,50.0,-0.178,0.5,83.0,2,1,1,0.0,0.0,0.0,0.0,0.0,50.0,0.0,0.0,0.0,0,0,0,0,0,1,0,0,0,False,False,False,False
Paytm,2020-08-24,2020-08-30,5,1.4,0.894,80.0,60.0,40.0,-0.222,0.4,72.0,4,3,2,0.0,0.0,0.0,0.0,0.0,40.0,0.0,0.0,0.0,0,0,0,0,0,2,0,0,0,False,False,False,False
Paytm,2020-08-31,2020-09-06,1,1.0,,100.0,0.0,100.0,0.709,1.0,84.0,1,0,1,0.0,0.0,0.0,0.0,0.0,100.0,0.0,0.0,0.0,0,0,0,0,0,1,0,0,0,False,False,False,False
Paytm,2020-09-07,2020-09-13,3,2.333,0.577,66.667,66.667,66.667,-0.484,1.0,72.0,2,2,2,0.0,33.333,0.0,0.0,0.0,66.667,0.0,0.0,0.0,0,1,0,0,0,2,0,0,0,False,False,False,False
Paytm,2020-09-14,2020-09-20,4,1.25,0.5,100.0,75.0,50.0,-0.317,0.75,76.5,4,3,2,0.0,25.0,0.0,0.0,0.0,25.0,0.0,0.0,25.0,0,1,0,0,0,1,0,0,1,False,False,False,False
Paytm,2020-09-21,2020-09-27,7,1.0,0.0,100.0,85.714,100.0,-0.449,1.143,68.0,7,6,7,0.0,0.0,0.0,0.0,28.571,85.714,0.0,0.0,0.0,0,0,0,0,2,6,0,0,0,False,False,False,False
Paytm,2020-09-28,2020-10-04,3,1.0,0.0,100.0,100.0,100.0,-0.611,2.0,87.0,3,3,3,0.0,33.333,0.0,0.0,33.333,33.333,66.667,33.333,0.0,0,1,0,0,1,1,2,1,0,False,False,False,False
Paytm,2020-10-05,2020-10-11,1,2.0,,100.0,100.0,100.0,-0.67,2.0,67.0,1,1,1,0.0,0.0,0.0,0.0,0.0,100.0,0.0,0.0,100.0,0,0,0,0,0,1,0,0,1,False,False,False,False
Paytm,2020-10-12,2020-10-18,4,1.0,0.0,100.0,50.0,75.0,0.026,0.75,79.0,4,2,3,0.0,50.0,0.0,0.0,0.0,25.0,0.0,0.0,0.0,0,2,0,0,0,1,0,0,0,False,False,False,False
Paytm,2020-10-19,2020-10-25,4,1.5,1.0,75.0,25.0,50.0,0.192,0.5,80.0,3,1,2,0.0,25.0,0.0,0.0,0.0,25.0,0.0,0.0,0.0,0,1,0,0,0,1,0,0,0,False,False,False,False
Paytm,2020-10-26,2020-11-01,2,1.0,0.0,100.0,100.0,50.0,-0.457,0.5,74.0,2,2,1,0.0,0.0,0.0,0.0,0.0,50.0,0.0,0.0,0.0,0,0,0,0,0,1,0,0,0,False,False,False,False
Paytm,2020-11-02,2020-11-08,6,1.833,1.169,83.333,66.667,66.667,-0.34,0.833,66.5,5,4,4,0.0,16.667,0.0,0.0,0.0,50.0,16.667,0.0,0.0,0,1,0,0,0,3,1,0,0,False,False,False,False
Paytm,2020-11-09,2020-11-15,2,1.5,0.707,100.0,0.0,100.0,0.676,2.0,67.5,2,0,2,0.0,0.0,0.0,50.0,50.0,50.0,50.0,0.0,0.0,0,0,0,1,1,1,1,0,0,False,False,False,False
Paytm,2020-11-16,2020-11-22,4,1.5,1.0,75.0,25.0,75.0,0.055,2.0,81.0,3,1,3,0.0,25.0,0.0,25.0,50.0,50.0,0.0,50.0,0.0,0,1,0,1,2,2,0,2,0,False,False,False,False
Paytm,2020-11-23,2020-11-29,3,2.667,1.528,33.333,0.0,100.0,0.493,2.0,83.0,1,0,3,33.333,0.0,0.0,0.0,0.0,33.333,66.667,0.0,66.667,1,0,0,0,0,1,2,0,2,False,False,False,False
Paytm,2020-11-30,2020-12-06,1,1.0,,100.0,100.0,100.0,-0.25,2.0,71.0,1,1,1,0.0,100.0,0.0,0.0,0.0,100.0,0.0,0.0,0.0,0,1,0,0,0,1,0,0,0,False,False,False,False
Paytm,2020-12-07,2020-12-13,2,1.0,0.0,100.0,50.0,50.0,-0.134,1.0,77.0,2,1,1,0.0,0.0,0.0,0.0,0.0,50.0,50.0,0.0,0.0,0,0,0,0,0,1,1,0,0,False,False,False,False
Paytm,2020-12-14,2020-12-20,3,1.0,0.0,100.0,100.0,100.0,-0.645,2.333,83.0,3,3,3,0.0,33.333,0.0,0.0,33.333,100.0,33.333,33.333,0.0,0,1,0,0,1,3,1,1,0,False,False,False,False
Paytm,2020-12-21,2020-12-27,3,2.0,1.0,66.667,66.667,33.333,-0.332,0.333,71.0,2,2,1,0.0,0.0,0.0,0.0,0.0,33.333,0.0,0.0,0.0,0,0,0,0,0,1,0,0,0,False,False,False,False
Paytm,2020-12-28,2021-01-03,5,1.6,1.342,80.0,60.0,80.0,-0.099,1.4,75.0,4,3,4,0.0,40.0,0.0,0.0,20.0,60.0,0.0,20.0,0.0,0,2,0,0,1,3,0,1,0,False,False,False,False
Paytm,2021-01-04,2021-01-10,12,1.75,1.288,75.0,66.667,58.333,-0.213,0.833,81.0,9,8,7,0.0,16.667,0.0,0.0,25.0,33.333,8.333,0.0,0.0,0,2,0,0,3,4,1,0,0,False,False,False,False
Paytm,2021-01-11,2021-01-17,1,5.0,,0.0,0.0,0.0,0.603,0.0,66.0,0,0,0,0.0,0.0,0.0,0.0,0.0,0.0,0.0,0.0,0.0,0,0,0,0,0,0,0,0,0,False,False,False,False
Paytm,2021-01-18,2021-01-24,1,1.0,,100.0,0.0,0.0,0.666,0.0,80.0,1,0,0,0.0,0.0,0.0,0.0,0.0,0.0,0.0,0.0,0.0,0,0,0,0,0,0,0,0,0,False,False,False,False
Paytm,2021-01-25,2021-01-31,2,2.5,2.121,50.0,50.0,50.0,-0.127,1.0,73.0,1,1,1,0.0,50.0,0.0,0.0,0.0,50.0,0.0,0.0,0.0,0,1,0,0,0,1,0,0,0,False,False,False,False
Paytm,2021-02-01,2021-02-07,4,1.5,1.0,75.0,75.0,75.0,-0.319,1.25,84.0,3,3,3,25.0,25.0,0.0,0.0,0.0,50.0,25.0,0.0,0.0,1,1,0,0,0,2,1,0,0,False,False,False,False
Paytm,2021-02-08,2021-02-14,2,1.0,0.0,100.0,50.0,100.0,-0.176,2.0,70.0,2,1,2,0.0,0.0,0.0,50.0,50.0,50.0,50.0,0.0,0.0,0,0,0,1,1,1,1,0,0,False,False,False,False
Paytm,2021-02-15,2021-02-21,1,1.0,,100.0,0.0,100.0,0.052,3.0,62.0,1,0,1,0.0,100.0,0.0,0.0,100.0,100.0,0.0,0.0,0.0,0,1,0,0,1,1,0,0,0,False,False,False,False
Paytm,2021-02-22,2021-02-28,0,,,,,,,,,0,0,0,,,,,,,,,,0,0,0,0,0,0,0,0,0,False,False,False,False
Paytm,2021-03-01,2021-03-07,3,2.333,2.309,66.667,0.0,66.667,0.852,1.0,85.0,2,0,2,0.0,0.0,0.0,33.333,33.333,33.333,0.0,0.0,0.0,0,0,0,1,1,1,0,0,0,False,False,False,False
Paytm,2021-03-08,2021-03-14,6,1.5,0.837,83.333,50.0,50.0,-0.077,1.0,89.0,5,3,3,0.0,33.333,0.0,0.0,0.0,50.0,0.0,16.667,0.0,0,2,0,0,0,3,0,1,0,False,False,False,False
Paytm,2021-03-15,2021-03-21,2,4.0,1.414,0.0,50.0,100.0,-0.007,2.0,88.0,0,1,2,0.0,50.0,0.0,0.0,50.0,50.0,50.0,0.0,0.0,0,1,0,0,1,1,1,0,0,False,False,False,False
Paytm,2021-03-22,2021-03-28,5,1.0,0.0,100.0,60.0,100.0,-0.297,1.4,64.0,5,3,5,0.0,0.0,0.0,0.0,40.0,80.0,20.0,0.0,0.0,0,0,0,0,2,4,1,0,0,False,False,False,False
Paytm,2021-03-29,2021-04-04,3,2.333,2.309,66.667,0.0,100.0,0.816,1.0,91.0,2,0,3,0.0,0.0,0.0,0.0,33.333,33.333,33.333,0.0,0.0,0,0,0,0,1,1,1,0,0,False,False,False,False
Paytm,2021-04-05,2021-04-11,1,1.0,,100.0,0.0,100.0,0.153,2.0,61.0,1,0,1,0.0,0.0,0.0,0.0,100.0,100.0,0.0,0.0,0.0,0,0,0,0,1,1,0,0,0,False,False,False,False
Paytm,2021-04-12,2021-04-18,1,1.0,,100.0,0.0,100.0,0.945,2.0,87.0,1,0,1,0.0,100.0,0.0,0.0,100.0,0.0,0.0,0.0,0.0,0,1,0,0,1,0,0,0,0,False,False,False,False
Paytm,2021-04-19,2021-04-25,4,1.75,1.5,75.0,50.0,50.0,0.116,1.25,68.0,3,2,2,0.0,50.0,0.0,25.0,25.0,0.0,0.0,25.0,0.0,0,2,0,1,1,0,0,1,0,False,False,False,False
Paytm,2021-04-26,2021-05-02,6,1.0,0.0,100.0,83.333,50.0,-0.46,0.5,91.0,6,5,3,0.0,0.0,0.0,0.0,0.0,33.333,0.0,16.667,0.0,0,0,0,0,0,2,0,1,0,False,False,False,False
Paytm,2021-05-03,2021-05-09,6,1.0,0.0,100.0,50.0,50.0,-0.143,0.667,61.0,6,3,3,16.667,0.0,0.0,0.0,0.0,50.0,0.0,0.0,0.0,1,0,0,0,0,3,0,0,0,False,False,False,False
Paytm,2021-05-10,2021-05-16,3,1.0,0.0,100.0,100.0,100.0,-0.547,1.667,85.0,3,3,3,33.333,33.333,0.0,0.0,66.667,33.333,0.0,0.0,0.0,1,1,0,0,2,1,0,0,0,False,False,False,False
Paytm,2021-05-17,2021-05-23,1,1.0,,100.0,0.0,0.0,0.594,0.0,79.0,1,0,0,0.0,0.0,0.0,0.0,0.0,0.0,0.0,0.0,0.0,0,0,0,0,0,0,0,0,0,False,False,False,False
Paytm,2021-05-24,2021-05-30,0,,,,,,,,,0,0,0,,,,,,,,,,0,0,0,0,0,0,0,0,0,False,False,False,False
Paytm,2021-05-31,2021-06-06,0,,,,,,,,,0,0,0,,,,,,,,,,0,0,0,0,0,0,0,0,0,False,False,False,False
Paytm,2021-06-07,2021-06-13,2,1.0,0.0,100.0,50.0,50.0,-0.072,1.5,73.5,2,1,1,0.0,0.0,0.0,50.0,50.0,50.0,0.0,0.0,0.0,0,0,0,1,1,1,0,0,0,False,False,False,False
Paytm,2021-06-14,2021-06-20,2,2.0,0.0,100.0,50.0,0.0,-0.198,0.0,81.0,2,1,0,0.0,0.0,0.0,0.0,0.0,0.0,0.0,0.0,0.0,0,0,0,0,0,0,0,0,0,False,False,False,False
Paytm,2021-06-21,2021-06-27,4,1.0,0.0,100.0,75.0,50.0,-0.367,0.5,66.5,4,3,2,0.0,25.0,0.0,0.0,0.0,0.0,25.0,0.0,0.0,0,1,0,0,0,0,1,0,0,False,False,False,False
Paytm,2021-06-28,2021-07-04,2,1.5,0.707,100.0,50.0,50.0,-0.304,0.5,81.5,2,1,1,50.0,0.0,0.0,0.0,0.0,0.0,0.0,0.0,0.0,1,0,0,0,0,0,0,0,0,False,False,False,False
Paytm,2021-07-05,2021-07-11,2,1.0,0.0,100.0,50.0,100.0,0.044,1.5,78.5,2,1,2,0.0,100.0,0.0,0.0,50.0,0.0,0.0,0.0,0.0,0,2,0,0,1,0,0,0,0,False,False,False,False
Paytm,2021-07-12,2021-07-18,3,2.0,1.732,66.667,33.333,100.0,0.177,1.667,88.0,2,1,3,0.0,33.333,0.0,0.0,0.0,100.0,33.333,0.0,0.0,0,1,0,0,0,3,1,0,0,False,False,False,False
Paytm,2021-07-19,2021-07-25,1,2.0,,100.0,100.0,100.0,-0.585,1.0,85.0,1,1,1,0.0,0.0,0.0,0.0,100.0,0.0,0.0,0.0,0.0,0,0,0,0,1,0,0,0,0,False,False,False,False
Paytm,2021-07-26,2021-08-01,1,1.0,,100.0,100.0,100.0,-0.427,1.0,81.0,1,1,1,0.0,0.0,0.0,0.0,0.0,100.0,0.0,0.0,0.0,0,0,0,0,0,1,0,0,0,False,False,False,False
Paytm,2021-08-02,2021-08-08,0,,,,,,,,,0,0,0,,,,,,,,,,0,0,0,0,0,0,0,0,0,False,False,False,False
Paytm,2021-08-09,2021-08-15,0,,,,,,,,,0,0,0,,,,,,,,,,0,0,0,0,0,0,0,0,0,False,False,False,False
Paytm,2021-08-16,2021-08-22,3,3.333,2.082,33.333,66.667,33.333,-0.488,0.333,60.0,1,2,1,0.0,33.333,0.0,0.0,0.0,0.0,0.0,0.0,0.0,0,1,0,0,0,0,0,0,0,False,False,False,False
Paytm,2021-08-23,2021-08-29,1,5.0,,0.0,0.0,100.0,0.862,1.0,58.0,0,0,1,0.0,100.0,0.0,0.0,0.0,0.0,0.0,0.0,0.0,0,1,0,0,0,0,0,0,0,False,False,False,False
Paytm,2021-08-30,2021-09-05,0,,,,,,,,,0,0,0,,,,,,,,,,0,0,0,0,0,0,0,0,0,False,False,False,False
Paytm,2021-09-06,2021-09-12,2,1.0,0.0,100.0,100.0,100.0,-0.445,2.0,72.5,2,2,2,50.0,50.0,0.0,0.0,0.0,50.0,0.0,0.0,50.0,1,1,0,0,0,1,0,0,1,False,False,False,False
Paytm,2021-09-13,2021-09-19,3,1.0,0.0,100.0,66.667,66.667,-0.209,1.0,71.0,3,2,2,0.0,0.0,0.0,0.0,66.667,33.333,0.0,0.0,0.0,0,0,0,0,2,1,0,0,0,False,False,False,False
Paytm,2021-09-20,2021-09-26,2,1.0,0.0,100.0,100.0,50.0,-0.294,1.0,79.0,2,2,1,0.0,0.0,50.0,0.0,0.0,50.0,0.0,0.0,0.0,0,0,1,0,0,1,0,0,0,False,False,False,False
Paytm,2021-09-27,2021-10-03,4,1.25,0.5,100.0,100.0,100.0,-0.541,1.5,89.5,4,4,4,50.0,0.0,0.0,0.0,0.0,50.0,25.0,25.0,0.0,2,0,0,0,0,2,1,1,0,False,False,False,False
Paytm,2021-10-04,2021-10-10,3,1.0,0.0,100.0,66.667,100.0,-0.264,1.333,69.0,3,2,3,0.0,0.0,0.0,0.0,33.333,66.667,0.0,33.333,0.0,0,0,0,0,1,2,0,1,0,False,False,False,False
Paytm,2021-10-11,2021-10-17,0,,,,,,,,,0,0,0,,,,,,,,,,0,0,0,0,0,0,0,0,0,False,False,False,False
Paytm,2021-10-18,2021-10-24,0,,,,,,,,,0,0,0,,,,,,,,,,0,0,0,0,0,0,0,0,0,False,False,False,False
Paytm,2021-10-25,2021-10-31,2,1.0,0.0,100.0,100.0,100.0,-0.61,1.5,74.5,2,2,2,0.0,50.0,0.0,0.0,0.0,100.0,0.0,0.0,0.0,0,1,0,0,0,2,0,0,0,False,False,False,False
Paytm,2021-11-01,2021-11-07,4,2.0,2.0,75.0,50.0,100.0,0.029,1.75,67.5,3,2,4,50.0,0.0,0.0,0.0,0.0,50.0,50.0,25.0,0.0,2,0,0,0,0,2,2,1,0,False,False,False,False
Paytm,2021-11-08,2021-11-14,0,,,,,,,,,0,0,0,,,,,,,,,,0,0,0,0,0,0,0,0,0,False,False,False,False
Paytm,2021-11-15,2021-11-21,2,1.5,0.707,100.0,100.0,100.0,-0.506,1.0,72.5,2,2,2,0.0,0.0,0.0,0.0,0.0,50.0,0.0,50.0,0.0,0,0,0,0,0,1,0,1,0,False,False,False,False
Paytm,2021-11-22,2021-11-28,2,3.0,2.828,50.0,50.0,50.0,0.323,1.0,75.0,1,1,1,0.0,50.0,0.0,0.0,0.0,50.0,0.0,0.0,0.0,0,1,0,0,0,1,0,0,0,False,False,False,False
Paytm,2021-11-29,2021-12-05,1,1.0,,100.0,100.0,100.0,-0.787,1.0,65.0,1,1,1,0.0,0.0,0.0,0.0,0.0,0.0,0.0,100.0,0.0,0,0,0,0,0,0,0,1,0,False,False,False,False
Paytm,2021-12-06,2021-12-12,2,1.0,0.0,100.0,50.0,50.0,-0.379,1.0,77.5,2,1,1,0.0,0.0,0.0,0.0,0.0,50.0,50.0,0.0,0.0,0,0,0,0,0,1,1,0,0,False,False,False,False
Paytm,2021-12-13,2021-12-19,1,1.0,,100.0,100.0,100.0,-0.903,2.0,88.0,1,1,1,0.0,0.0,0.0,0.0,100.0,100.0,0.0,0.0,0.0,0,0,0,0,1,1,0,0,0,False,False,False,False
Paytm,2021-12-20,2021-12-26,0,,,,,,,,,0,0,0,,,,,,,,,,0,0,0,0,0,0,0,0,0,False,False,False,False
Paytm,2021-12-27,2022-01-02,0,,,,,,,,,0,0,0,,,,,,,,,,0,0,0,0,0,0,0,0,0,False,False,False,False
Paytm,2022-01-03,2022-01-09,2,2.0,1.414,50.0,50.0,100.0,-0.038,1.5,84.0,1,1,2,0.0,0.0,0.0,0.0,0.0,100.0,0.0,50.0,0.0,0,0,0,0,0,2,0,1,0,False,False,False,False
Paytm,2022-01-10,2022-01-16,1,1.0,,100.0,100.0,100.0,-0.241,2.0,90.0,1,1,1,0.0,0.0,0.0,0.0,0.0,100.0,0.0,100.0,0.0,0,0,0,0,0,1,0,1,0,False,False,False,False
Paytm,2022-01-17,2022-01-23,0,,,,,,,,,0,0,0,,,,,,,,,,0,0,0,0,0,0,0,0,0,False,False,False,False
Paytm,2022-01-24,2022-01-30,2,2.5,2.121,50.0,50.0,50.0,0.242,0.5,70.5,1,1,1,0.0,0.0,0.0,0.0,0.0,50.0,0.0,0.0,0.0,0,0,0,0,0,1,0,0,0,False,False,False,False
Paytm,2022-01-31,2022-02-06,2,1.0,0.0,100.0,100.0,100.0,-0.791,1.5,74.0,2,2,2,0.0,0.0,0.0,0.0,50.0,100.0,0.0,0.0,0.0,0,0,0,0,1,2,0,0,0,False,False,False,False
Paytm,2022-02-07,2022-02-13,2,1.0,0.0,100.0,50.0,100.0,0.119,1.5,88.0,2,1,2,0.0,0.0,0.0,0.0,0.0,100.0,0.0,50.0,0.0,0,0,0,0,0,2,0,1,0,False,False,False,False
Paytm,2022-02-14,2022-02-20,2,2.0,1.414,50.0,100.0,50.0,-0.491,0.5,78.0,1,2,1,0.0,0.0,0.0,0.0,0.0,50.0,0.0,0.0,0.0,0,0,0,0,0,1,0,0,0,False,False,False,False
Paytm,2022-02-21,2022-02-27,3,1.0,0.0,100.0,33.333,100.0,0.205,1.0,84.0,3,1,3,0.0,0.0,0.0,0.0,0.0,100.0,0.0,0.0,0.0,0,0,0,0,0,3,0,0,0,False,False,False,False
Paytm,2022-02-28,2022-03-06,0,,,,,,,,,0,0,0,,,,,,,,,,0,0,0,0,0,0,0,0,0,False,False,False,False
Paytm,2022-03-07,2022-03-13,2,1.0,0.0,100.0,100.0,100.0,-0.668,1.0,61.5,2,2,2,0.0,0.0,0.0,0.0,0.0,100.0,0.0,0.0,0.0,0,0,0,0,0,2,0,0,0,False,False,False,False
Paytm,2022-03-14,2022-03-20,0,,,,,,,,,0,0,0,,,,,,,,,,0,0,0,0,0,0,0,0,0,False,False,False,False
Paytm,2022-03-21,2022-03-27,0,,,,,,,,,0,0,0,,,,,,,,,,0,0,0,0,0,0,0,0,0,False,False,False,False
Paytm,2022-03-28,2022-04-03,3,1.333,0.577,100.0,66.667,33.333,-0.383,1.0,74.0,3,2,1,0.0,33.333,0.0,0.0,0.0,33.333,0.0,33.333,0.0,0,1,0,0,0,1,0,1,0,False,False,False,False
Paytm,2022-04-04,2022-04-10,3,1.0,0.0,100.0,100.0,100.0,-0.806,2.0,81.0,3,3,3,0.0,33.333,0.0,0.0,0.0,100.0,33.333,33.333,0.0,0,1,0,0,0,3,1,1,0,False,False,False,False
Paytm,2022-04-11,2022-04-17,2,1.0,0.0,100.0,100.0,50.0,-0.929,0.5,77.0,2,2,1,0.0,0.0,0.0,0.0,0.0,50.0,0.0,0.0,0.0,0,0,0,0,0,1,0,0,0,False,False,False,False
Paytm,2022-04-18,2022-04-24,0,,,,,,,,,0,0,0,,,,,,,,,,0,0,0,0,0,0,0,0,0,False,False,False,False
Paytm,2022-04-25,2022-05-01,1,1.0,,100.0,100.0,100.0,-0.335,3.0,69.0,1,1,1,0.0,0.0,0.0,0.0,0.0,100.0,100.0,100.0,0.0,0,0,0,0,0,1,1,1,0,False,False,False,False
Paytm,2022-05-02,2022-05-08,1,1.0,,100.0,100.0,100.0,-0.89,1.0,81.0,1,1,1,0.0,100.0,0.0,0.0,0.0,0.0,0.0,0.0,0.0,0,1,0,0,0,0,0,0,0,False,False,False,False
Paytm,2022-05-09,2022-05-15,3,2.333,2.309,66.667,66.667,100.0,-0.348,1.667,73.0,2,2,3,0.0,0.0,0.0,0.0,33.333,66.667,33.333,33.333,0.0,0,0,0,0,1,2,1,1,0,False,False,False,False
Paytm,2022-05-16,2022-05-22,0,,,,,,,,,0,0,0,,,,,,,,,,0,0,0,0,0,0,0,0,0,False,False,False,False
Paytm,2022-05-23,2022-05-29,0,,,,,,,,,0,0,0,,,,,,,,,,0,0,0,0,0,0,0,0,0,False,False,False,False
Paytm,2022-05-30,2022-06-05,2,1.0,0.0,100.0,100.0,100.0,-0.78,2.0,86.0,2,2,2,0.0,50.0,0.0,0.0,0.0,100.0,50.0,0.0,0.0,0,1,0,0,0,2,1,0,0,False,False,False,False
Paytm,2022-06-06,2022-06-12,2,2.0,1.414,50.0,100.0,50.0,-0.492,1.0,77.0,1,2,1,0.0,0.0,0.0,0.0,50.0,50.0,0.0,0.0,0.0,0,0,0,0,1,1,0,0,0,False,False,False,False
Paytm,2022-06-13,2022-06-19,2,2.5,2.121,50.0,50.0,50.0,-0.003,0.5,79.5,1,1,1,0.0,0.0,0.0,0.0,0.0,0.0,50.0,0.0,0.0,0,0,0,0,0,0,1,0,0,False,False,False,False
Paytm,2022-06-20,2022-06-26,4,1.25,0.5,100.0,100.0,75.0,-0.548,1.0,86.5,4,4,3,25.0,25.0,0.0,0.0,25.0,25.0,0.0,0.0,0.0,1,1,0,0,1,1,0,0,0,False,False,False,False
Paytm,2022-06-27,2022-07-03,3,1.0,0.0,100.0,33.333,100.0,0.24,1.667,86.0,3,1,3,0.0,33.333,0.0,0.0,0.0,66.667,0.0,66.667,0.0,0,1,0,0,0,2,0,2,0,False,False,False,False
Paytm,2022-07-04,2022-07-10,2,1.0,0.0,100.0,50.0,50.0,-0.043,0.5,59.0,2,1,1,50.0,0.0,0.0,0.0,0.0,0.0,0.0,0.0,0.0,1,0,0,0,0,0,0,0,0,False,False,False,False
Paytm,2022-07-11,2022-07-17,2,1.0,0.0,100.0,50.0,50.0,0.177,1.5,84.5,2,1,1,0.0,50.0,0.0,0.0,0.0,50.0,0.0,0.0,50.0,0,1,0,0,0,1,0,0,1,False,False,False,False
Paytm,2022-07-18,2022-07-24,2,1.0,0.0,100.0,50.0,100.0,0.017,1.5,88.0,2,1,2,0.0,0.0,0.0,0.0,0.0,100.0,50.0,0.0,0.0,0,0,0,0,0,2,1,0,0,False,False,False,False
Paytm,2022-07-25,2022-07-31,2,1.0,0.0,100.0,0.0,100.0,0.831,2.0,86.5,2,0,2,0.0,50.0,0.0,0.0,50.0,100.0,0.0,0.0,0.0,0,1,0,0,1,2,0,0,0,False,False,False,False
Paytm,2022-08-01,2022-08-07,0,,,,,,,,,0,0,0,,,,,,,,,,0,0,0,0,0,0,0,0,0,False,False,False,False
Paytm,2022-08-08,2022-08-14,2,2.0,1.414,50.0,50.0,50.0,0.37,0.5,81.5,1,1,1,0.0,0.0,0.0,0.0,0.0,50.0,0.0,0.0,0.0,0,0,0,0,0,1,0,0,0,False,False,False,False
Paytm,2022-08-15,2022-08-21,2,3.0,2.828,50.0,50.0,50.0,0.124,0.5,65.5,1,1,1,0.0,0.0,0.0,0.0,0.0,50.0,0.0,0.0,0.0,0,0,0,0,0,1,0,0,0,False,False,False,False
Paytm,2022-08-22,2022-08-28,0,,,,,,,,,0,0,0,,,,,,,,,,0,0,0,0,0,0,0,0,0,False,False,False,False
Paytm,2022-08-29,2022-09-04,2,1.0,0.0,100.0,100.0,100.0,-0.83,2.0,75.5,2,2,2,100.0,0.0,0.0,0.0,0.0,50.0,0.0,0.0,50.0,2,0,0,0,0,1,0,0,1,False,False,False,False
Paytm,2022-09-05,2022-09-11,4,1.0,0.0,100.0,75.0,100.0,-0.441,1.75,70.0,4,3,4,25.0,25.0,25.0,0.0,0.0,100.0,0.0,0.0,0.0,1,1,1,0,0,4,0,0,0,False,False,False,False
Paytm,2022-09-12,2022-09-18,0,,,,,,,,,0,0,0,,,,,,,,,,0,0,0,0,0,0,0,0,0,False,False,False,False
Paytm,2022-09-19,2022-09-25,8,1.875,1.642,75.0,62.5,50.0,-0.132,0.5,80.0,6,5,4,0.0,0.0,0.0,0.0,12.5,37.5,0.0,0.0,0.0,0,0,0,0,1,3,0,0,0,False,False,False,False
Paytm,2022-09-26,2022-10-02,3,3.667,2.309,33.333,33.333,66.667,0.135,1.0,75.0,1,1,2,33.333,0.0,0.0,0.0,0.0,33.333,33.333,0.0,0.0,1,0,0,0,0,1,1,0,0,False,False,False,False
Paytm,2022-10-03,2022-10-09,1,1.0,,100.0,100.0,100.0,-0.226,1.0,74.0,1,1,1,0.0,0.0,0.0,0.0,0.0,100.0,0.0,0.0,0.0,0,0,0,0,0,1,0,0,0,False,False,False,False
Paytm,2022-10-10,2022-10-16,2,3.0,2.828,50.0,50.0,50.0,0.101,1.0,68.0,1,1,1,0.0,0.0,0.0,0.0,0.0,0.0,50.0,50.0,0.0,0,0,0,0,0,0,1,1,0,False,False,False,False
Paytm,2022-10-17,2022-10-23,2,1.0,0.0,100.0,50.0,100.0,0.183,1.5,83.5,2,1,2,0.0,0.0,0.0,0.0,0.0,50.0,50.0,50.0,0.0,0,0,0,0,0,1,1,1,0,False,False,False,False
Paytm,2022-10-24,2022-10-30,2,2.0,1.414,50.0,50.0,100.0,-0.095,1.5,80.0,1,1,2,0.0,50.0,0.0,0.0,0.0,50.0,0.0,50.0,0.0,0,1,0,0,0,1,0,1,0,False,False,False,False
Paytm,2022-10-31,2022-11-06,4,2.0,2.0,75.0,75.0,100.0,-0.404,2.0,77.0,3,3,4,0.0,0.0,0.0,0.0,0.0,75.0,50.0,75.0,0.0,0,0,0,0,0,3,2,3,0,False,False,False,False
Paytm,2022-11-07,2022-11-13,1,1.0,,100.0,0.0,0.0,0.79,0.0,91.0,1,0,0,0.0,0.0,0.0,0.0,0.0,0.0,0.0,0.0,0.0,0,0,0,0,0,0,0,0,0,False,False,False,False
Paytm,2022-11-14,2022-11-20,2,1.0,0.0,100.0,0.0,100.0,0.188,2.0,73.0,2,0,2,50.0,50.0,0.0,0.0,0.0,100.0,0.0,0.0,0.0,1,1,0,0,0,2,0,0,0,False,False,False,False
Paytm,2022-11-21,2022-11-27,1,1.0,,100.0,100.0,100.0,-0.936,2.0,90.0,1,1,1,0.0,0.0,0.0,0.0,0.0,100.0,0.0,0.0,100.0,0,0,0,0,0,1,0,0,1,False,False,False,False
Paytm,2022-11-28,2022-12-04,6,1.167,0.408,100.0,83.333,83.333,-0.352,1.0,74.0,6,5,5,0.0,0.0,0.0,0.0,16.667,50.0,0.0,33.333,0.0,0,0,0,0,1,3,0,2,0,False,False,False,False
Paytm,2022-12-05,2022-12-11,1,1.0,,100.0,100.0,100.0,-0.596,1.0,89.0,1,1,1,0.0,0.0,0.0,0.0,0.0,100.0,0.0,0.0,0.0,0,0,0,0,0,1,0,0,0,False,False,False,False
Paytm,2022-12-12,2022-12-18,2,3.0,2.828,50.0,0.0,50.0,0.636,0.5,78.5,1,0,1,0.0,0.0,0.0,0.0,0.0,0.0,0.0,50.0,0.0,0,0,0,0,0,0,0,1,0,False,False,False,False
Paytm,2022-12-19,2022-12-25,2,1.0,0.0,100.0,50.0,100.0,0.196,1.0,67.5,2,1,2,0.0,50.0,0.0,0.0,0.0,50.0,0.0,0.0,0.0,0,1,0,0,0,1,0,0,0,False,False,False,False
Paytm,2022-12-26,2023-01-01,1,1.0,,100.0,0.0,100.0,0.554,2.0,83.0,1,0,1,100.0,0.0,0.0,0.0,0.0,100.0,0.0,0.0,0.0,1,0,0,0,0,1,0,0,0,False,False,False,False
Paytm,2023-01-02,2023-01-08,3,2.0,1.732,66.667,66.667,100.0,-0.396,1.333,75.0,2,2,3,33.333,0.0,0.0,0.0,0.0,100.0,0.0,0.0,0.0,1,0,0,0,0,3,0,0,0,False,False,False,False
Paytm,2023-01-09,2023-01-15,1,1.0,,100.0,0.0,100.0,0.119,2.0,82.0,1,0,1,100.0,0.0,0.0,0.0,0.0,100.0,0.0,0.0,0.0,1,0,0,0,0,1,0,0,0,False,False,False,False
Paytm,2023-01-16,2023-01-22,0,,,,,,,,,0,0,0,,,,,,,,,,0,0,0,0,0,0,0,0,0,False,False,False,False
Paytm,2023-01-23,2023-01-29,0,,,,,,,,,0,0,0,,,,,,,,,,0,0,0,0,0,0,0,0,0,False,False,False,False
Paytm,2023-01-30,2023-02-05,3,1.0,0.0,100.0,66.667,66.667,-0.51,0.667,85.0,3,2,2,0.0,33.333,0.0,0.0,0.0,0.0,0.0,33.333,0.0,0,1,0,0,0,0,0,1,0,False,False,False,False
Paytm,2023-02-06,2023-02-12,2,1.0,0.0,100.0,50.0,100.0,-0.026,1.0,77.0,2,1,2,0.0,0.0,0.0,0.0,0.0,100.0,0.0,0.0,0.0,0,0,0,0,0,2,0,0,0,False,False,False,False
Paytm,2023-02-13,2023-02-19,0,,,,,,,,,0,0,0,,,,,,,,,,0,0,0,0,0,0,0,0,0,False,False,False,False
Paytm,2023-02-20,2023-02-26,2,3.0,2.828,50.0,50.0,50.0,-0.241,1.0,79.5,1,1,1,0.0,0.0,0.0,0.0,0.0,50.0,50.0,0.0,0.0,0,0,0,0,0,1,1,0,0,False,False,False,False
Paytm,2023-02-27,2023-03-05,2,2.5,2.121,50.0,50.0,50.0,0.0,1.0,79.5,1,1,1,0.0,0.0,0.0,0.0,0.0,50.0,0.0,50.0,0.0,0,0,0,0,0,1,0,1,0,False,False,False,False
Paytm,2023-03-06,2023-03-12,2,1.0,0.0,100.0,100.0,50.0,-0.819,0.5,71.5,2,2,1,0.0,0.0,0.0,0.0,0.0,50.0,0.0,0.0,0.0,0,0,0,0,0,1,0,0,0,False,False,False,False
Paytm,2023-03-13,2023-03-19,2,1.0,0.0,100.0,50.0,50.0,0.02,0.5,86.0,2,1,1,0.0,50.0,0.0,0.0,0.0,0.0,0.0,0.0,0.0,0,1,0,0,0,0,0,0,0,False,False,False,False
Paytm,2023-03-20,2023-03-26,3,2.333,2.309,66.667,33.333,100.0,0.188,1.0,68.0,2,1,3,33.333,0.0,0.0,0.0,0.0,66.667,0.0,0.0,0.0,1,0,0,0,0,2,0,0,0,False,False,False,False
Paytm,2023-03-27,2023-04-02,2,1.0,0.0,100.0,50.0,50.0,0.229,0.5,80.5,2,1,1,0.0,0.0,0.0,0.0,0.0,50.0,0.0,0.0,0.0,0,0,0,0,0,1,0,0,0,False,False,False,False
Paytm,2023-04-03,2023-04-09,1,5.0,,0.0,0.0,0.0,0.879,0.0,72.0,0,0,0,0.0,0.0,0.0,0.0,0.0,0.0,0.0,0.0,0.0,0,0,0,0,0,0,0,0,0,False,False,False,False
Paytm,2023-04-10,2023-04-16,3,1.0,0.0,100.0,66.667,100.0,-0.183,1.667,94.0,3,2,3,0.0,0.0,0.0,0.0,0.0,100.0,33.333,33.333,0.0,0,0,0,0,0,3,1,1,0,False,False,False,False
Paytm,2023-04-17,2023-04-23,2,1.0,0.0,100.0,50.0,100.0,-0.247,1.5,80.5,2,1,2,0.0,100.0,0.0,0.0,0.0,50.0,0.0,0.0,0.0,0,2,0,0,0,1,0,0,0,False,False,False,False
Paytm,2023-04-24,2023-04-30,0,,,,,,,,,0,0,0,,,,,,,,,,0,0,0,0,0,0,0,0,0,False,False,False,False
Paytm,2023-05-01,2023-05-07,3,2.667,2.082,66.667,33.333,33.333,0.457,0.667,75.0,2,1,1,0.0,0.0,0.0,0.0,0.0,33.333,0.0,33.333,0.0,0,0,0,0,0,1,0,1,0,False,False,False,False
Paytm,2023-05-08,2023-05-14,4,1.0,0.0,100.0,75.0,75.0,-0.182,1.0,74.5,4,3,3,0.0,25.0,0.0,0.0,0.0,50.0,25.0,0.0,0.0,0,1,0,0,0,2,1,0,0,False,False,False,False
Paytm,2023-05-15,2023-05-21,0,,,,,,,,,0,0,0,,,,,,,,,,0,0,0,0,0,0,0,0,0,False,False,False,False
Paytm,2023-05-22,2023-05-28,2,1.5,0.707,100.0,0.0,100.0,0.561,1.5,87.0,2,0,2,0.0,0.0,0.0,0.0,0.0,100.0,50.0,0.0,0.0,0,0,0,0,0,2,1,0,0,False,False,False,False
Paytm,2023-05-29,2023-06-04,3,1.667,1.155,66.667,66.667,100.0,-0.248,1.0,78.0,2,2,3,0.0,0.0,0.0,0.0,0.0,33.333,33.333,33.333,0.0,0,0,0,0,0,1,1,1,0,False,False,False,False
Paytm,2023-06-05,2023-06-11,4,1.0,0.0,100.0,75.0,50.0,-0.28,1.0,69.5,4,3,2,0.0,25.0,25.0,0.0,25.0,25.0,0.0,0.0,0.0,0,1,1,0,1,1,0,0,0,False,False,False,False
Paytm,2023-06-12,2023-06-18,3,1.0,0.0,100.0,100.0,100.0,-0.591,1.0,87.0,3,3,3,0.0,0.0,0.0,0.0,0.0,66.667,33.333,0.0,0.0,0,0,0,0,0,2,1,0,0,False,False,False,False
Paytm,2023-06-19,2023-06-25,2,2.5,2.121,50.0,50.0,100.0,-0.069,1.5,83.0,1,1,2,50.0,0.0,50.0,0.0,0.0,0.0,50.0,0.0,0.0,1,0,1,0,0,0,1,0,0,False,False,False,False
Paytm,2023-06-26,2023-07-02,0,,,,,,,,,0,0,0,,,,,,,,,,0,0,0,0,0,0,0,0,0,False,False,False,False
Paytm,2023-07-03,2023-07-09,1,1.0,,100.0,100.0,100.0,-0.289,1.0,79.0,1,1,1,0.0,0.0,0.0,0.0,0.0,100.0,0.0,0.0,0.0,0,0,0,0,0,1,0,0,0,False,False,False,False
Paytm,2023-07-10,2023-07-16,2,1.0,0.0,100.0,0.0,100.0,0.553,1.0,81.5,2,0,2,0.0,50.0,0.0,0.0,0.0,50.0,0.0,0.0,0.0,0,1,0,0,0,1,0,0,0,False,False,False,False
Paytm,2023-07-17,2023-07-23,2,2.0,1.414,50.0,0.0,50.0,0.612,0.5,92.0,1,0,1,0.0,0.0,0.0,0.0,0.0,50.0,0.0,0.0,0.0,0,0,0,0,0,1,0,0,0,False,False,False,False
Paytm,2023-07-24,2023-07-30,2,3.0,2.828,50.0,0.0,50.0,0.679,0.5,56.5,1,0,1,0.0,0.0,0.0,0.0,0.0,50.0,0.0,0.0,0.0,0,0,0,0,0,1,0,0,0,False,False,False,False
Paytm,2023-07-31,2023-08-06,1,1.0,,100.0,100.0,0.0,-0.417,0.0,87.0,1,1,0,0.0,0.0,0.0,0.0,0.0,0.0,0.0,0.0,0.0,0,0,0,0,0,0,0,0,0,False,False,False,False
Paytm,2023-08-07,2023-08-13,1,2.0,,100.0,0.0,0.0,0.248,0.0,80.0,1,0,0,0.0,0.0,0.0,0.0,0.0,0.0,0.0,0.0,0.0,0,0,0,0,0,0,0,0,0,False,False,False,False
Paytm,2023-08-14,2023-08-20,2,1.0,0.0,100.0,0.0,100.0,0.817,1.0,91.0,2,0,2,0.0,0.0,0.0,0.0,0.0,100.0,0.0,0.0,0.0,0,0,0,0,0,2,0,0,0,False,False,False,False
Paytm,2023-08-21,2023-08-27,3,1.0,0.0,100.0,33.333,66.667,-0.158,1.0,98.0,3,1,2,0.0,0.0,0.0,0.0,0.0,66.667,33.333,0.0,0.0,0,0,0,0,0,2,1,0,0,False,False,False,False
Paytm,2023-08-28,2023-09-03,1,1.0,,100.0,100.0,100.0,-0.64,1.0,71.0,1,1,1,0.0,0.0,0.0,0.0,0.0,0.0,0.0,100.0,0.0,0,0,0,0,0,0,0,1,0,False,False,False,False
Paytm,2023-09-04,2023-09-10,0,,,,,,,,,0,0,0,,,,,,,,,,0,0,0,0,0,0,0,0,0,False,False,False,False
Paytm,2023-09-11,2023-09-17,1,1.0,,100.0,100.0,100.0,-0.599,1.0,77.0,1,1,1,0.0,0.0,0.0,0.0,0.0,100.0,0.0,0.0,0.0,0,0,0,0,0,1,0,0,0,False,False,False,False
Paytm,2023-09-18,2023-09-24,0,,,,,,,,,0,0,0,,,,,,,,,,0,0,0,0,0,0,0,0,0,False,False,False,False
Paytm,2023-09-25,2023-10-01,0,,,,,,,,,0,0,0,,,,,,,,,,0,0,0,0,0,0,0,0,0,False,False,False,False
Paytm,2023-10-02,2023-10-08,5,1.0,0.0,100.0,60.0,100.0,-0.33,1.8,80.0,5,3,5,20.0,20.0,40.0,0.0,0.0,80.0,0.0,20.0,0.0,1,1,2,0,0,4,0,1,0,False,False,False,False
Paytm,2023-10-09,2023-10-15,0,,,,,,,,,0,0,0,,,,,,,,,,0,0,0,0,0,0,0,0,0,False,False,False,False
Paytm,2023-10-16,2023-10-22,1,1.0,,100.0,100.0,100.0,-0.504,1.0,89.0,1,1,1,0.0,0.0,0.0,0.0,0.0,100.0,0.0,0.0,0.0,0,0,0,0,0,1,0,0,0,False,False,False,False
Paytm,2023-10-23,2023-10-29,0,,,,,,,,,0,0,0,,,,,,,,,,0,0,0,0,0,0,0,0,0,False,False,False,False
Paytm,2023-10-30,2023-11-05,4,2.25,1.893,75.0,25.0,100.0,0.487,1.0,63.0,3,1,4,0.0,0.0,0.0,0.0,25.0,50.0,0.0,0.0,25.0,0,0,0,0,1,2,0,0,1,False,False,False,False
Paytm,2023-11-06,2023-11-12,1,1.0,,100.0,100.0,100.0,-0.832,1.0,69.0,1,1,1,0.0,0.0,0.0,0.0,0.0,0.0,0.0,0.0,100.0,0,0,0,0,0,0,0,0,1,False,False,False,False
Paytm,2023-11-13,2023-11-19,1,1.0,,100.0,0.0,100.0,0.944,1.0,84.0,1,0,1,0.0,100.0,0.0,0.0,0.0,0.0,0.0,0.0,0.0,0,1,0,0,0,0,0,0,0,False,False,False,False
Paytm,2023-11-20,2023-11-26,3,2.0,1.0,66.667,66.667,66.667,-0.037,1.0,86.0,2,2,2,0.0,33.333,0.0,0.0,0.0,66.667,0.0,0.0,0.0,0,1,0,0,0,2,0,0,0,False,False,False,False
Paytm,2023-11-27,2023-12-03,0,,,,,,,,,0,0,0,,,,,,,,,,0,0,0,0,0,0,0,0,0,False,False,False,False
Paytm,2023-12-04,2023-12-10,5,1.0,0.0,100.0,60.0,80.0,-0.043,1.0,80.0,5,3,4,0.0,20.0,0.0,0.0,0.0,80.0,0.0,0.0,0.0,0,1,0,0,0,4,0,0,0,False,False,False,False
Paytm,2023-12-11,2023-12-17,2,1.0,0.0,100.0,100.0,100.0,-0.553,2.0,65.5,2,2,2,0.0,0.0,0.0,0.0,100.0,50.0,0.0,50.0,0.0,0,0,0,0,2,1,0,1,0,False,False,False,False
Paytm,2023-12-18,2023-12-24,0,,,,,,,,,0,0,0,,,,,,,,,,0,0,0,0,0,0,0,0,0,False,False,False,False
Paytm,2023-12-25,2023-12-31,0,,,,,,,,,0,0,0,,,,,,,,,,0,0,0,0,0,0,0,0,0,False,False,False,False
Paytm,2024-01-01,2024-01-07,3,1.0,0.0,100.0,100.0,100.0,-0.563,2.333,83.0,3,3,3,0.0,33.333,33.333,0.0,0.0,66.667,0.0,66.667,33.333,0,1,1,0,0,2,0,2,1,False,False,False,False
Paytm,2024-01-08,2024-01-14,6,1.0,0.0,100.0,83.333,50.0,-0.385,0.833,68.0,6,5,3,0.0,33.333,0.0,0.0,0.0,16.667,0.0,33.333,0.0,0,2,0,0,0,1,0,2,0,False,False,False,False
Paytm,2024-01-15,2024-01-21,2,1.0,0.0,100.0,50.0,100.0,0.306,1.0,66.5,2,1,2,0.0,0.0,0.0,0.0,0.0,100.0,0.0,0.0,0.0,0,0,0,0,0,2,0,0,0,False,False,False,False
Paytm,2024-01-22,2024-01-28,3,2.0,1.732,66.667,33.333,66.667,-0.046,0.667,78.0,2,1,2,0.0,0.0,0.0,0.0,0.0,66.667,0.0,0.0,0.0,0,0,0,0,0,2,0,0,0,False,False,False,False
Paytm,2024-01-29,2024-02-04,0,,,,,,,,,0,0,0,,,,,,,,,,0,0,0,0,0,0,0,0,0,False,False,False,False
Paytm,2024-02-05,2024-02-11,2,1.0,0.0,100.0,50.0,100.0,-0.14,1.5,67.0,2,1,2,0.0,0.0,0.0,0.0,50.0,100.0,0.0,0.0,0.0,0,0,0,0,1,2,0,0,0,False,False,False,False
Paytm,2024-02-12,2024-02-18,0,,,,,,,,,0,0,0,,,,,,,,,,0,0,0,0,0,0,0,0,0,False,False,False,False
Paytm,2024-02-19,2024-02-25,3,1.333,0.577,100.0,33.333,66.667,0.003,0.667,80.0,3,1,2,0.0,0.0,0.0,0.0,33.333,33.333,0.0,0.0,0.0,0,0,0,0,1,1,0,0,0,False,False,False,False
Paytm,2024-02-26,2024-03-03,2,1.0,0.0,100.0,0.0,100.0,0.854,1.0,87.5,2,0,2,0.0,0.0,0.0,0.0,0.0,100.0,0.0,0.0,0.0,0,0,0,0,0,2,0,0,0,False,False,False,False
Paytm,2024-03-04,2024-03-10,1,1.0,,100.0,0.0,100.0,0.69,1.0,85.0,1,0,1,0.0,0.0,0.0,0.0,0.0,100.0,0.0,0.0,0.0,0,0,0,0,0,1,0,0,0,False,False,False,False
Paytm,2024-03-11,2024-03-17,1,1.0,,100.0,100.0,100.0,-0.92,2.0,67.0,1,1,1,0.0,0.0,0.0,0.0,100.0,100.0,0.0,0.0,0.0,0,0,0,0,1,1,0,0,0,False,False,False,False
Paytm,2024-03-18,2024-03-24,3,1.0,0.0,100.0,66.667,66.667,-0.503,0.667,85.0,3,2,2,0.0,0.0,0.0,0.0,0.0,66.667,0.0,0.0,0.0,0,0,0,0,0,2,0,0,0,False,False,False,False
Paytm,2024-03-25,2024-03-31,0,,,,,,,,,0,0,0,,,,,,,,,,0,0,0,0,0,0,0,0,0,False,False,False,False
Paytm,2024-04-01,2024-04-07,0,,,,,,,,,0,0,0,,,,,,,,,,0,0,0,0,0,0,0,0,0,False,False,False,False
Paytm,2024-04-08,2024-04-14,0,,,,,,,,,0,0,0,,,,,,,,,,0,0,0,0,0,0,0,0,0,False,False,False,False
Paytm,2024-04-15,2024-04-21,2,1.0,0.0,100.0,100.0,100.0,-0.45,2.0,97.5,2,2,2,0.0,0.0,0.0,50.0,0.0,100.0,50.0,0.0,0.0,0,0,0,1,0,2,1,0,0,False,False,False,False
Paytm,2024-04-22,2024-04-28,0,,,,,,,,,0,0,0,,,,,,,,,,0,0,0,0,0,0,0,0,0,False,False,False,False
Paytm,2024-04-29,2024-05-05,1,3.0,,0.0,0.0,0.0,0.878,0.0,80.0,0,0,0,0.0,0.0,0.0,0.0,0.0,0.0,0.0,0.0,0.0,0,0,0,0,0,0,0,0,0,False,False,False,False
Paytm,2024-05-06,2024-05-12,0,,,,,,,,,0,0,0,,,,,,,,,,0,0,0,0,0,0,0,0,0,False,False,False,False
Paytm,2024-05-13,2024-05-19,0,,,,,,,,,0,0,0,,,,,,,,,,0,0,0,0,0,0,0,0,0,False,False,False,False
Paytm,2024-05-20,2024-05-26,0,,,,,,,,,0,0,0,,,,,,,,,,0,0,0,0,0,0,0,0,0,False,False,False,False
Paytm,2024-05-27,2024-06-02,1,1.0,,100.0,100.0,100.0,-0.748,2.0,87.0,1,1,1,100.0,0.0,0.0,0.0,0.0,100.0,0.0,0.0,0.0,1,0,0,0,0,1,0,0,0,False,False,False,False
Paytm,2024-06-03,2024-06-09,1,1.0,,100.0,100.0,100.0,-0.718,3.0,92.0,1,1,1,0.0,100.0,0.0,0.0,0.0,100.0,0.0,100.0,0.0,0,1,0,0,0,1,0,1,0,False,False,False,False
Paytm,2024-06-10,2024-06-16,0,,,,,,,,,0,0,0,,,,,,,,,,0,0,0,0,0,0,0,0,0,False,False,False,False
Paytm,2024-06-17,2024-06-23,2,1.0,0.0,100.0,50.0,50.0,-0.215,0.5,64.0,2,1,1,0.0,0.0,0.0,0.0,0.0,0.0,0.0,0.0,50.0,0,0,0,0,0,0,0,0,1,False,False,False,False
Paytm,2024-06-24,2024-06-30,1,1.0,,100.0,100.0,100.0,-0.976,1.0,88.0,1,1,1,0.0,0.0,0.0,0.0,0.0,100.0,0.0,0.0,0.0,0,0,0,0,0,1,0,0,0,False,False,False,False
Paytm,2024-07-01,2024-07-07,3,2.0,1.732,66.667,66.667,33.333,-0.28,0.333,70.0,2,2,1,0.0,0.0,0.0,0.0,0.0,33.333,0.0,0.0,0.0,0,0,0,0,0,1,0,0,0,False,False,False,False
Paytm,2024-07-08,2024-07-14,1,5.0,,0.0,0.0,100.0,0.865,1.0,83.0,0,0,1,0.0,0.0,0.0,0.0,0.0,0.0,0.0,0.0,100.0,0,0,0,0,0,0,0,0,1,False,False,False,False
Paytm,2024-07-15,2024-07-21,1,1.0,,100.0,0.0,100.0,0.836,1.0,83.0,1,0,1,0.0,0.0,0.0,0.0,0.0,100.0,0.0,0.0,0.0,0,0,0,0,0,1,0,0,0,False,False,False,False
Paytm,2024-07-22,2024-07-28,0,,,,,,,,,0,0,0,,,,,,,,,,0,0,0,0,0,0,0,0,0,False,False,False,False
Paytm,2024-07-29,2024-08-04,3,1.0,0.0,100.0,100.0,100.0,-0.666,2.0,74.0,3,3,3,0.0,33.333,0.0,33.333,33.333,66.667,0.0,33.333,0.0,0,1,0,1,1,2,0,1,0,False,False,False,False
Paytm,2024-08-05,2024-08-11,1,3.0,,0.0,100.0,0.0,-0.927,0.0,66.0,0,1,0,0.0,0.0,0.0,0.0,0.0,0.0,0.0,0.0,0.0,0,0,0,0,0,0,0,0,0,False,False,False,False
Paytm,2024-08-12,2024-08-18,1,1.0,,100.0,100.0,100.0,-0.261,2.0,67.0,1,1,1,0.0,100.0,0.0,0.0,0.0,100.0,0.0,0.0,0.0,0,1,0,0,0,1,0,0,0,False,False,False,False
Paytm,2024-08-19,2024-08-25,1,1.0,,100.0,100.0,100.0,-0.52,1.0,90.0,1,1,1,0.0,0.0,0.0,0.0,0.0,100.0,0.0,0.0,0.0,0,0,0,0,0,1,0,0,0,False,False,False,False
Paytm,2024-08-26,2024-09-01,0,,,,,,,,,0,0,0,,,,,,,,,,0,0,0,0,0,0,0,0,0,False,False,False,False
Paytm,2024-09-02,2024-09-08,2,4.5,0.707,0.0,50.0,100.0,0.015,1.0,78.0,0,1,2,50.0,0.0,0.0,0.0,0.0,0.0,0.0,0.0,50.0,1,0,0,0,0,0,0,0,1,False,False,False,False
Paytm,2024-09-09,2024-09-15,2,1.0,0.0,100.0,0.0,50.0,0.467,0.5,69.0,2,0,1,0.0,0.0,0.0,0.0,0.0,0.0,0.0,50.0,0.0,0,0,0,0,0,0,0,1,0,False,False,False,False
Paytm,2024-09-16,2024-09-22,2,1.0,0.0,100.0,50.0,100.0,0.036,1.0,83.0,2,1,2,0.0,0.0,0.0,0.0,50.0,50.0,0.0,0.0,0.0,0,0,0,0,1,1,0,0,0,False,False,False,False
Paytm,2024-09-23,2024-09-29,1,1.0,,100.0,100.0,100.0,-0.566,1.0,92.0,1,1,1,0.0,0.0,0.0,0.0,0.0,100.0,0.0,0.0,0.0,0,0,0,0,0,1,0,0,0,False,False,False,False
Paytm,2024-09-30,2024-10-06,1,1.0,,100.0,0.0,0.0,0.422,0.0,71.0,1,0,0,0.0,0.0,0.0,0.0,0.0,0.0,0.0,0.0,0.0,0,0,0,0,0,0,0,0,0,False,False,False,False
Paytm,2024-10-07,2024-10-13,1,1.0,,100.0,0.0,100.0,0.166,1.0,68.0,1,0,1,0.0,0.0,0.0,0.0,0.0,100.0,0.0,0.0,0.0,0,0,0,0,0,1,0,0,0,False,False,False,False
Paytm,2024-10-14,2024-10-20,1,4.0,,0.0,100.0,0.0,-0.266,0.0,88.0,0,1,0,0.0,0.0,0.0,0.0,0.0,0.0,0.0,0.0,0.0,0,0,0,0,0,0,0,0,0,False,False,False,False
Paytm,2024-10-21,2024-10-27,1,1.0,,100.0,100.0,100.0,-0.535,1.0,59.0,1,1,1,0.0,0.0,0.0,0.0,0.0,100.0,0.0,0.0,0.0,0,0,0,0,0,1,0,0,0,False,False,False,False
Paytm,2024-10-28,2024-11-03,0,,,,,,,,,0,0,0,,,,,,,,,,0,0,0,0,0,0,0,0,0,False,False,False,False
Paytm,2024-11-04,2024-11-10,1,1.0,,100.0,100.0,100.0,-0.355,1.0,98.0,1,1,1,0.0,0.0,0.0,0.0,0.0,100.0,0.0,0.0,0.0,0,0,0,0,0,1,0,0,0,False,False,False,False
Paytm,2024-11-11,2024-11-17,0,,,,,,,,,0,0,0,,,,,,,,,,0,0,0,0,0,0,0,0,0,False,False,False,False
Paytm,2024-11-18,2024-11-24,0,,,,,,,,,0,0,0,,,,,,,,,,0,0,0,0,0,0,0,0,0,False,False,False,False
Paytm,2024-11-25,2024-12-01,0,,,,,,,,,0,0,0,,,,,,,,,,0,0,0,0,0,0,0,0,0,False,False,False,False
Paytm,2024-12-02,2024-12-08,1,1.0,,100.0,100.0,0.0,-0.917,0.0,91.0,1,1,0,0.0,0.0,0.0,0.0,0.0,0.0,0.0,0.0,0.0,0,0,0,0,0,0,0,0,0,False,False,False,False
Paytm,2024-12-09,2024-12-15,0,,,,,,,,,0,0,0,,,,,,,,,,0,0,0,0,0,0,0,0,0,False,False,False,False
Paytm,2024-12-16,2024-12-22,1,1.0,,100.0,100.0,0.0,-0.455,0.0,50.0,1,1,0,0.0,0.0,0.0,0.0,0.0,0.0,0.0,0.0,0.0,0,0,0,0,0,0,0,0,0,False,False,False,False
Paytm,2024-12-23,2024-12-29,0,,,,,,,,,0,0,0,,,,,,,,,,0,0,0,0,0,0,0,0,0,False,False,False,False
Paytm,2024-12-30,2025-01-05,0,,,,,,,,,0,0,0,,,,,,,,,,0,0,0,0,0,0,0,0,0,False,False,False,False
Paytm,2025-01-06,2025-01-12,0,,,,,,,,,0,0,0,,,,,,,,,,0,0,0,0,0,0,0,0,0,False,False,False,False
Paytm,2025-01-13,2025-01-19,0,,,,,,,,,0,0,0,,,,,,,,,,0,0,0,0,0,0,0,0,0,False,False,False,False
Paytm,2025-01-20,2025-01-26,0,,,,,,,,,0,0,0,,,,,,,,,,0,0,0,0,0,0,0,0,0,False,False,False,False
Paytm,2025-01-27,2025-02-02,1,1.0,,100.0,100.0,100.0,-0.665,2.0,95.0,1,1,1,0.0,100.0,0.0,0.0,0.0,100.0,0.0,0.0,0.0,0,1,0,0,0,1,0,0,0,False,False,False,False
Paytm,2025-02-03,2025-02-09,0,,,,,,,,,0,0,0,,,,,,,,,,0,0,0,0,0,0,0,0,0,False,False,False,False
Paytm,2025-02-10,2025-02-16,0,,,,,,,,,0,0,0,,,,,,,,,,0,0,0,0,0,0,0,0,0,False,False,False,False
Paytm,2025-02-17,2025-02-23,0,,,,,,,,,0,0,0,,,,,,,,,,0,0,0,0,0,0,0,0,0,False,False,False,False
Paytm,2025-02-24,2025-03-02,0,,,,,,,,,0,0,0,,,,,,,,,,0,0,0,0,0,0,0,0,0,False,False,False,False
Paytm,2025-03-03,2025-03-09,0,,,,,,,,,0,0,0,,,,,,,,,,0,0,0,0,0,0,0,0,0,False,False,False,False
Paytm,2025-03-10,2025-03-16,0,,,,,,,,,0,0,0,,,,,,,,,,0,0,0,0,0,0,0,0,0,False,False,False,False
Paytm,2025-03-17,2025-03-23,1,1.0,,100.0,100.0,0.0,-0.603,0.0,72.0,1,1,0,0.0,0.0,0.0,0.0,0.0,0.0,0.0,0.0,0.0,0,0,0,0,0,0,0,0,0,False,False,False,False
Paytm,2025-03-24,2025-03-30,0,,,,,,,,,0,0,0,,,,,,,,,,0,0,0,0,0,0,0,0,0,False,False,False,False
Paytm,2025-03-31,2025-04-06,1,1.0,,100.0,100.0,100.0,-0.899,2.0,67.0,1,1,1,0.0,100.0,0.0,0.0,0.0,100.0,0.0,0.0,0.0,0,1,0,0,0,1,0,0,0,False,False,False,False
Paytm,2025-04-07,2025-04-13,0,,,,,,,,,0,0,0,,,,,,,,,,0,0,0,0,0,0,0,0,0,False,False,False,False
Paytm,2025-04-14,2025-04-20,0,,,,,,,,,0,0,0,,,,,,,,,,0,0,0,0,0,0,0,0,0,False,False,False,False
Paytm,2025-04-21,2025-04-27,0,,,,,,,,,0,0,0,,,,,,,,,,0,0,0,0,0,0,0,0,0,False,False,False,False
Paytm,2025-04-28,2025-05-04,0,,,,,,,,,0,0,0,,,,,,,,,,0,0,0,0,0,0,0,0,0,False,False,False,False
Paytm,2025-05-05,2025-05-11,0,,,,,,,,,0,0,0,,,,,,,,,,0,0,0,0,0,0,0,0,0,False,False,False,False
Paytm,2025-05-12,2025-05-18,0,,,,,,,,,0,0,0,,,,,,,,,,0,0,0,0,0,0,0,0,0,False,False,False,False
Paytm,2025-05-19,2025-05-25,1,2.0,,100.0,0.0,0.0,-0.002,0.0,87.0,1,0,0,0.0,0.0,0.0,0.0,0.0,0.0,0.0,0.0,0.0,0,0,0,0,0,0,0,0,0,False,False,False,False
Paytm,2025-05-26,2025-06-01,0,,,,,,,,,0,0,0,,,,,,,,,,0,0,0,0,0,0,0,0,0,False,False,False,False
Paytm,2025-06-02,2025-06-08,1,1.0,,100.0,100.0,100.0,-0.717,2.0,103.0,1,1,1,0.0,100.0,0.0,0.0,100.0,0.0,0.0,0.0,0.0,0,1,0,0,1,0,0,0,0,False,False,False,False
Paytm,2025-06-09,2025-06-15,0,,,,,,,,,0,0,0,,,,,,,,,,0,0,0,0,0,0,0,0,0,False,False,False,False
Paytm,2025-06-16,2025-06-22,1,1.0,,100.0,100.0,0.0,-0.757,0.0,74.0,1,1,0,0.0,0.0,0.0,0.0,0.0,0.0,0.0,0.0,0.0,0,0,0,0,0,0,0,0,0,False,False,False,False
Paytm,2025-06-23,2025-06-29,0,,,,,,,,,0,0,0,,,,,,,,,,0,0,0,0,0,0,0,0,0,False,False,False,False
Paytm,2025-06-30,2025-07-06,1,1.0,,100.0,0.0,100.0,0.557,1.0,56.0,1,0,1,0.0,0.0,0.0,0.0,0.0,0.0,100.0,0.0,0.0,0,0,0,0,0,0,1,0,0,False,False,False,False
Paytm,2025-07-07,2025-07-13,0,,,,,,,,,0,0,0,,,,,,,,,,0,0,0,0,0,0,0,0,0,False,False,False,False
Paytm,2025-07-14,2025-07-20,1,1.0,,100.0,0.0,0.0,0.238,0.0,79.0,1,0,0,0.0,0.0,0.0,0.0,0.0,0.0,0.0,0.0,0.0,0,0,0,0,0,0,0,0,0,False,False,False,False
Paytm,2025-07-21,2025-07-27,1,2.0,,100.0,100.0,100.0,-0.535,2.0,87.0,1,1,1,0.0,100.0,0.0,0.0,0.0,100.0,0.0,0.0,0.0,0,1,0,0,0,1,0,0,0,False,False,False,False
Paytm,2025-07-28,2025-08-03,1,4.0,,0.0,100.0,100.0,-0.696,3.0,84.0,0,1,1,100.0,0.0,0.0,0.0,0.0,0.0,100.0,0.0,100.0,1,0,0,0,0,0,1,0,1,False,False,False,False
Paytm,2025-08-04,2025-08-10,0,,,,,,,,,0,0,0,,,,,,,,,,0,0,0,0,0,0,0,0,0,False,False,False,False
Paytm,2025-08-11,2025-08-17,0,,,,,,,,,0,0,0,,,,,,,,,,0,0,0,0,0,0,0,0,0,False,False,False,False
Paytm,2025-08-18,2025-08-24,1,5.0,,0.0,0.0,0.0,0.946,0.0,85.0,0,0,0,0.0,0.0,0.0,0.0,0.0,0.0,0.0,0.0,0.0,0,0,0,0,0,0,0,0,0,False,False,False,False
Paytm,2025-08-25,2025-08-31,1,4.0,,0.0,0.0,0.0,0.966,0.0,89.0,0,0,0,0.0,0.0,0.0,0.0,0.0,0.0,0.0,0.0,0.0,0,0,0,0,0,0,0,0,0,False,False,False,False
Paytm,2025-09-01,2025-09-07,1,5.0,,0.0,0.0,0.0,0.881,0.0,102.0,0,0,0,0.0,0.0,0.0,0.0,0.0,0.0,0.0,0.0,0.0,0,0,0,0,0,0,0,0,0,False,False,False,False
Paytm,2025-09-08,2025-09-14,2,4.5,0.707,0.0,0.0,0.0,0.843,0.0,91.0,0,0,0,0.0,0.0,0.0,0.0,0.0,0.0,0.0,0.0,0.0,0,0,0,0,0,0,0,0,0,False,False,False,False
Paytm,2025-09-15,2025-09-21,3,5.0,0.0,0.0,33.333,33.333,0.562,0.667,93.0,0,1,1,33.333,0.0,0.0,0.0,0.0,0.0,0.0,0.0,33.333,1,0,0,0,0,0,0,0,1,False,False,False,False
Paytm,2025-09-22,2025-09-28,0,,,,,,,,,0,0,0,,,,,,,,,,0,0,0,0,0,0,0,0,0,False,False,False,False
Paytm,2025-09-29,2025-10-05,2,4.5,0.707,0.0,0.0,100.0,0.565,1.5,78.5,0,0,2,100.0,0.0,0.0,0.0,0.0,0.0,0.0,0.0,50.0,2,0,0,0,0,0,0,0,1,False,False,False,False
Paytm,2025-10-06,2025-10-12,1,4.0,,0.0,100.0,100.0,-0.246,1.0,80.0,0,1,1,100.0,0.0,0.0,0.0,0.0,0.0,0.0,0.0,0.0,1,0,0,0,0,0,0,0,0,False,False,False,False
Paytm,2025-10-13,2025-10-19,4,3.5,1.732,25.0,25.0,100.0,0.291,1.75,82.5,1,1,4,75.0,0.0,0.0,0.0,0.0,25.0,0.0,25.0,50.0,3,0,0,0,0,1,0,1,2,False,False,False,False
Paytm,2025-10-20,2025-10-26,2,3.0,2.828,50.0,50.0,50.0,0.149,1.0,82.0,1,1,1,50.0,0.0,50.0,0.0,0.0,0.0,0.0,0.0,0.0,1,0,1,0,0,0,0,0,0,False,False,False,False
Paytm,2025-10-27,2025-11-02,3,2.333,2.309,66.667,33.333,66.667,0.187,0.667,82.0,2,1,2,33.333,33.333,0.0,0.0,0.0,0.0,0.0,0.0,0.0,1,1,0,0,0,0,0,0,0,False,False,False,False
Paytm,2025-11-03,2025-11-09,0,,,,,,,,,0,0,0,,,,,,,,,,0,0,0,0,0,0,0,0,0,False,False,False,False
Paytm,2025-11-10,2025-11-16,0,,,,,,,,,0,0,0,,,,,,,,,,0,0,0,0,0,0,0,0,0,False,False,False,False
Paytm,2025-11-17,2025-11-23,1,1.0,,100.0,100.0,100.0,-0.744,1.0,62.0,1,1,1,0.0,0.0,0.0,0.0,0.0,100.0,0.0,0.0,0.0,0,0,0,0,0,1,0,0,0,False,False,False,False
Paytm,2025-11-24,2025-11-30,0,,,,,,,,,0,0,0,,,,,,,,,,0,0,0,0,0,0,0,0,0,False,False,False,False
Paytm,2025-12-01,2025-12-07,1,5.0,,0.0,100.0,100.0,-0.906,2.0,92.0,0,1,1,100.0,0.0,0.0,0.0,0.0,0.0,0.0,0.0,100.0,1,0,0,0,0,0,0,0,1,False,False,False,False
Paytm,2025-12-08,2025-12-14,0,,,,,,,,,0,0,0,,,,,,,,,,0,0,0,0,0,0,0,0,0,False,False,False,False
Paytm,2025-12-15,2025-12-21,0,,,,,,,,,0,0,0,,,,,,,,,,0,0,0,0,0,0,0,0,0,False,False,False,False
Paytm,2025-12-22,2025-12-28,0,,,,,,,,,0,0,0,,,,,,,,,,0,0,0,0,0,0,0,0,0,False,False,False,False
Paytm,2025-12-29,2026-01-04,0,,,,,,,,,0,0,0,,,,,,,,,,0,0,0,0,0,0,0,0,0,False,False,False,False
Paytm,2026-01-05,2026-01-11,0,,,,,,,,,0,0,0,,,,,,,,,,0,0,0,0,0,0,0,0,0,False,False,False,False
Paytm,2026-01-12,2026-01-18,0,,,,,,,,,0,0,0,,,,,,,,,,0,0,0,0,0,0,0,0,0,False,False,False,False
Paytm,2026-01-19,2026-01-25,0,,,,,,,,,0,0,0,,,,,,,,,,0,0,0,0,0,0,0,0,0,False,False,False,False
Paytm,2026-01-26,2026-02-01,0,,,,,,,,,0,0,0,,,,,,,,,,0,0,0,0,0,0,0,0,0,False,False,False,False
Paytm,2026-02-02,2026-02-08,0,,,,,,,,,0,0,0,,,,,,,,,,0,0,0,0,0,0,0,0,0,False,False,False,False
Paytm,2026-02-09,2026-02-15,0,,,,,,,,,0,0,0,,,,,,,,,,0,0,0,0,0,0,0,0,0,False,False,False,False
Paytm,2026-02-16,2026-02-22,2,3.0,2.828,50.0,50.0,50.0,0.171,1.0,90.0,1,1,1,50.0,0.0,0.0,0.0,0.0,0.0,0.0,0.0,50.0,1,0,0,0,0,0,0,0,1,False,False,False,False
Paytm,2026-02-23,2026-03-01,1,3.0,,0.0,0.0,100.0,0.241,1.0,62.0,0,0,1,100.0,0.0,0.0,0.0,0.0,0.0,0.0,0.0,0.0,1,0,0,0,0,0,0,0,0,False,False,False,False
Paytm,2026-03-02,2026-03-08,2,3.0,2.828,50.0,0.0,50.0,0.315,1.0,78.5,1,0,1,50.0,0.0,0.0,0.0,0.0,0.0,0.0,0.0,50.0,1,0,0,0,0,0,0,0,1,False,False,False,False
Paytm,2026-03-09,2026-03-15,1,5.0,,0.0,0.0,0.0,0.755,0.0,91.0,0,0,0,0.0,0.0,0.0,0.0,0.0,0.0,0.0,0.0,0.0,0,0,0,0,0,0,0,0,0,False,False,False,False
Paytm,2026-03-16,2026-03-22,1,1.0,,100.0,0.0,100.0,0.44,1.0,54.0,1,0,1,0.0,0.0,0.0,0.0,0.0,100.0,0.0,0.0,0.0,0,0,0,0,0,1,0,0,0,False,False,False,False
Paytm,2026-03-23,2026-03-29,15,2.133,1.552,60.0,73.333,66.667,-0.395,0.933,76.0,9,11,10,33.333,13.333,0.0,0.0,0.0,26.667,0.0,6.667,13.333,5,2,0,0,0,4,0,1,2,False,False,False,False
Paytm,2026-03-30,2026-04-05,30,2.0,1.554,73.333,63.333,66.667,-0.24,0.833,52.5,22,19,20,23.333,20.0,0.0,0.0,10.0,23.333,0.0,3.333,3.333,7,6,0,0,3,7,0,1,1,False,False,False,True
Paytm,2026-04-06,2026-04-12,46,1.783,1.474,78.261,54.348,56.522,-0.114,0.826,44.5,36,25,26,23.913,10.87,0.0,0.0,8.696,26.087,2.174,2.174,8.696,11,5,0,0,4,12,1,1,4,False,False,False,True
Paytm,2026-04-13,2026-04-19,53,1.755,1.479,79.245,47.17,56.604,0.014,0.792,47.0,42,25,30,20.755,9.434,1.887,1.887,3.774,35.849,0.0,3.774,1.887,11,5,1,1,2,19,0,2,1,False,False,False,True
Paytm,2026-04-20,2026-04-26,52,2.038,1.533,71.154,57.692,55.769,-0.041,0.75,37.0,37,30,29,17.308,7.692,1.923,0.0,1.923,21.154,1.923,13.462,9.615,9,4,1,0,1,11,1,7,5,True,False,False,True
Paytm,2026-04-27,2026-05-03,38,2.132,1.695,71.053,47.368,44.737,-0.06,0.605,36.5,27,18,17,10.526,10.526,0.0,2.632,5.263,21.053,0.0,10.526,0.0,4,4,0,1,2,8,0,4,0,True,False,False,True
Paytm,2026-05-04,2026-05-10,97,1.732,1.295,79.381,61.856,46.392,-0.169,0.619,36.0,77,60,45,22.68,5.155,1.031,0.0,5.155,15.464,1.031,4.124,7.216,22,5,1,0,5,15,1,4,7,True,False,False,True
Paytm,2026-05-11,2026-05-17,80,1.638,1.305,81.25,55.0,60.0,-0.132,0.775,39.0,65,44,48,16.25,6.25,0.0,0.0,3.75,28.75,7.5,10.0,5.0,13,5,0,0,3,23,6,8,4,True,False,False,True
Paytm,2026-05-18,2026-05-24,107,1.813,1.347,76.636,61.682,53.271,-0.112,0.71,40.0,82,66,57,16.822,5.607,0.0,0.0,2.804,22.43,8.411,5.607,9.346,18,6,0,0,3,24,9,6,10,True,False,False,True
Paytm,2026-05-25,2026-05-31,53,1.698,1.295,77.358,56.604,69.811,-0.058,0.868,39.0,41,30,37,28.302,5.66,1.887,0.0,1.887,28.302,13.208,5.66,1.887,15,3,1,0,1,15,7,3,1,True,False,False,True
Paytm,2026-06-01,2026-06-07,75,1.8,1.48,77.333,54.667,53.333,-0.117,0.693,40.0,58,41,40,20.0,5.333,1.333,0.0,5.333,24.0,1.333,10.667,1.333,15,4,1,0,4,18,1,8,1,True,False,False,True
Paytm,2026-06-08,2026-06-14,54,1.833,1.384,74.074,55.556,48.148,-0.101,0.685,45.0,40,30,26,20.37,7.407,1.852,1.852,5.556,16.667,3.704,5.556,5.556,11,4,1,1,3,9,2,3,3,True,False,False,True
Paytm,2026-06-15,2026-06-21,60,2.15,1.716,70.0,61.667,46.667,-0.14,0.7,44.0,42,37,28,23.333,1.667,1.667,1.667,1.667,23.333,8.333,5.0,3.333,14,1,1,1,1,14,5,3,2,True,False,False,True
Paytm,2026-06-22,2026-06-28,58,2.103,1.575,67.241,46.552,51.724,-0.023,0.759,52.5,39,27,30,13.793,15.517,1.724,0.0,5.172,24.138,1.724,6.897,6.897,8,9,1,0,3,14,1,4,4,True,False,False,True
Paytm,2026-06-29,2026-07-05,126,1.897,1.496,74.603,43.651,57.937,0.005,0.738,34.5,94,55,73,23.016,6.349,1.587,0.0,3.175,22.222,5.556,7.937,3.968,29,8,2,0,4,28,7,10,5,True,True,False,True
Paytm,2026-07-06,2026-07-12,94,2.638,1.783,57.447,44.681,43.617,0.029,0.585,25.5,54,42,41,18.085,9.574,0.0,0.0,3.191,15.957,3.191,3.191,5.319,17,9,0,0,3,15,3,3,5,True,True,False,True
Paytm,2026-07-13,2026-07-19,76,2.461,1.755,59.211,36.842,44.737,0.149,0.592,26.0,45,28,34,17.105,7.895,2.632,0.0,3.947,13.158,3.947,6.579,3.947,13,6,2,0,3,10,3,5,3,True,True,False,True
Paytm,2026-07-20,2026-07-26,72,2.403,1.781,65.278,44.444,44.444,0.03,0.556,25.5,47,32,32,25.0,6.944,0.0,0.0,1.389,12.5,0.0,9.722,0.0,18,5,0,0,1,9,0,7,0,True,True,False,True
Paytm,2026-07-27,2026-08-02,92,2.239,1.673,68.478,50.0,39.13,0.011,0.554,29.0,63,46,36,16.304,4.348,1.087,0.0,2.174,15.217,4.348,6.522,5.435,15,4,1,0,2,14,4,6,5,True,True,False,True
Paytm,2026-08-03,2026-08-09,81,2.519,1.769,59.259,37.037,39.506,0.065,0.531,25.0,48,30,32,14.815,3.704,1.235,0.0,3.704,18.519,2.469,4.938,3.704,12,3,1,0,3,15,2,4,3,True,True,False,True
Paytm,2026-08-10,2026-08-16,97,2.804,1.924,53.608,44.33,41.237,0.053,0.495,25.0,52,43,40,17.526,5.155,1.031,0.0,2.062,13.402,3.093,6.186,1.031,17,5,1,0,2,13,3,6,1,True,True,False,True
Paytm,2026-08-17,2026-08-23,114,2.658,1.876,57.018,30.702,42.982,0.196,0.553,24.0,65,35,49,21.053,3.509,3.509,0.877,1.754,13.158,2.632,6.14,2.632,24,4,4,1,2,15,3,7,3,True,True,False,True
Paytm,2026-08-24,2026-08-30,112,2.705,1.839,56.25,38.393,46.429,0.066,0.661,22.0,63,43,52,23.214,5.357,1.786,0.0,4.464,13.393,8.036,3.571,6.25,26,6,2,0,5,15,9,4,7,True,True,False,True
Paytm,2026-08-31,2026-09-06,177,2.565,1.793,57.627,34.463,42.373,0.146,0.554,23.0,102,61,75,18.644,5.65,1.13,0.0,2.26,12.994,2.26,7.345,5.085,33,10,2,0,4,23,4,13,9,True,True,False,True
Paytm,2026-09-07,2026-09-13,251,2.49,1.781,59.761,35.06,45.02,0.093,0.59,25.0,150,88,113,25.896,2.39,0.398,0.398,2.39,13.944,5.179,1.992,6.375,65,6,1,1,6,35,13,5,16,True,True,False,True
Paytm,2026-09-14,2026-09-20,53,2.113,1.625,69.811,52.83,54.717,-0.032,0.679,32.0,37,28,29,26.415,3.774,1.887,0.0,3.774,16.981,5.66,1.887,7.547,14,2,1,0,2,9,3,1,4,False,True,True,True
PhonePe,2018-09-10,2018-09-16,1,1.0,,100.0,0.0,100.0,0.076,2.0,96.0,1,0,1,0.0,0.0,0.0,0.0,0.0,100.0,0.0,100.0,0.0,0,0,0,0,0,1,0,1,0,False,False,False,False
PhonePe,2018-09-17,2018-09-23,3,1.333,0.577,100.0,66.667,100.0,-0.411,1.667,69.0,3,2,3,0.0,33.333,33.333,0.0,0.0,66.667,33.333,0.0,0.0,0,1,1,0,0,2,1,0,0,False,False,False,False
PhonePe,2018-09-24,2018-09-30,2,4.5,0.707,0.0,0.0,0.0,0.77,0.0,61.0,0,0,0,0.0,0.0,0.0,0.0,0.0,0.0,0.0,0.0,0.0,0,0,0,0,0,0,0,0,0,False,False,False,False
PhonePe,2018-10-01,2018-10-07,1,5.0,,0.0,0.0,100.0,0.749,1.0,69.0,0,0,1,0.0,100.0,0.0,0.0,0.0,0.0,0.0,0.0,0.0,0,1,0,0,0,0,0,0,0,False,False,False,False
PhonePe,2018-10-08,2018-10-14,5,2.4,1.673,60.0,60.0,80.0,-0.199,1.4,66.0,3,3,4,0.0,60.0,0.0,0.0,20.0,60.0,0.0,0.0,0.0,0,3,0,0,1,3,0,0,0,False,False,False,False
PhonePe,2018-10-15,2018-10-21,2,1.0,0.0,100.0,100.0,100.0,-0.545,1.0,85.0,2,2,2,0.0,50.0,0.0,0.0,0.0,0.0,50.0,0.0,0.0,0,1,0,0,0,0,1,0,0,False,False,False,False
PhonePe,2018-10-22,2018-10-28,1,2.0,,100.0,0.0,100.0,0.596,1.0,100.0,1,0,1,0.0,0.0,0.0,0.0,0.0,100.0,0.0,0.0,0.0,0,0,0,0,0,1,0,0,0,False,False,False,False
PhonePe,2018-10-29,2018-11-04,3,2.333,2.309,66.667,33.333,33.333,0.148,0.333,75.0,2,1,1,0.0,0.0,0.0,0.0,0.0,0.0,33.333,0.0,0.0,0,0,0,0,0,0,1,0,0,False,False,False,False
PhonePe,2018-11-05,2018-11-11,2,1.0,0.0,100.0,50.0,100.0,-0.092,1.5,88.5,2,1,2,0.0,100.0,0.0,0.0,0.0,50.0,0.0,0.0,0.0,0,2,0,0,0,1,0,0,0,False,False,False,False
PhonePe,2018-11-12,2018-11-18,4,2.0,1.414,75.0,100.0,25.0,-0.583,0.25,91.0,3,4,1,0.0,25.0,0.0,0.0,0.0,0.0,0.0,0.0,0.0,0,1,0,0,0,0,0,0,0,False,False,False,False
PhonePe,2018-11-19,2018-11-25,3,1.0,0.0,100.0,33.333,100.0,0.273,1.667,70.0,3,1,3,0.0,0.0,0.0,0.0,0.0,66.667,100.0,0.0,0.0,0,0,0,0,0,2,3,0,0,False,False,False,False
PhonePe,2018-11-26,2018-12-02,2,2.5,2.121,50.0,50.0,100.0,0.044,1.0,65.0,1,1,2,0.0,0.0,0.0,0.0,0.0,100.0,0.0,0.0,0.0,0,0,0,0,0,2,0,0,0,False,False,False,False
PhonePe,2018-12-03,2018-12-09,4,2.0,2.0,75.0,50.0,50.0,0.008,0.5,95.5,3,2,2,0.0,25.0,0.0,0.0,0.0,25.0,0.0,0.0,0.0,0,1,0,0,0,1,0,0,0,False,False,False,False
PhonePe,2018-12-10,2018-12-16,9,1.444,1.014,88.889,55.556,77.778,-0.149,1.0,71.0,8,5,7,11.111,22.222,0.0,0.0,0.0,55.556,0.0,0.0,11.111,1,2,0,0,0,5,0,0,1,False,False,False,False
PhonePe,2018-12-17,2018-12-23,7,1.286,0.756,85.714,71.429,71.429,-0.328,0.714,82.0,6,5,5,0.0,0.0,0.0,0.0,14.286,28.571,14.286,0.0,14.286,0,0,0,0,1,2,1,0,1,False,False,False,False
PhonePe,2018-12-24,2018-12-30,6,1.0,0.0,100.0,83.333,50.0,-0.376,0.5,69.5,6,5,3,0.0,16.667,0.0,0.0,0.0,33.333,0.0,0.0,0.0,0,1,0,0,0,2,0,0,0,False,False,False,False
PhonePe,2018-12-31,2019-01-06,6,2.167,1.169,66.667,50.0,33.333,0.115,0.333,79.0,4,3,2,0.0,16.667,0.0,0.0,0.0,16.667,0.0,0.0,0.0,0,1,0,0,0,1,0,0,0,False,False,False,False
PhonePe,2019-01-07,2019-01-13,8,1.0,0.0,100.0,75.0,75.0,-0.367,0.875,64.0,8,6,6,12.5,25.0,0.0,0.0,0.0,50.0,0.0,0.0,0.0,1,2,0,0,0,4,0,0,0,False,False,False,False
PhonePe,2019-01-14,2019-01-20,4,1.25,0.5,100.0,50.0,100.0,0.015,1.5,63.5,4,2,4,25.0,25.0,0.0,0.0,0.0,50.0,0.0,0.0,50.0,1,1,0,0,0,2,0,0,2,False,False,False,False
PhonePe,2019-01-21,2019-01-27,6,1.0,0.0,100.0,83.333,83.333,-0.576,1.333,88.0,6,5,5,0.0,33.333,0.0,0.0,16.667,50.0,16.667,16.667,0.0,0,2,0,0,1,3,1,1,0,False,False,False,False
PhonePe,2019-01-28,2019-02-03,4,1.75,0.957,75.0,50.0,75.0,-0.128,0.75,73.5,3,2,3,0.0,0.0,0.0,0.0,0.0,75.0,0.0,0.0,0.0,0,0,0,0,0,3,0,0,0,False,False,False,False
PhonePe,2019-02-04,2019-02-10,8,1.5,1.414,87.5,50.0,62.5,-0.152,1.0,66.5,7,4,5,12.5,37.5,0.0,0.0,0.0,50.0,0.0,0.0,0.0,1,3,0,0,0,4,0,0,0,False,False,False,False
PhonePe,2019-02-11,2019-02-17,3,1.0,0.0,100.0,33.333,66.667,-0.163,1.333,80.0,3,1,2,0.0,66.667,0.0,0.0,0.0,33.333,0.0,33.333,0.0,0,2,0,0,0,1,0,1,0,False,False,False,False
PhonePe,2019-02-18,2019-02-24,2,1.0,0.0,100.0,50.0,50.0,-0.161,1.5,79.5,2,1,1,0.0,50.0,0.0,0.0,0.0,50.0,0.0,50.0,0.0,0,1,0,0,0,1,0,1,0,False,False,False,False
PhonePe,2019-02-25,2019-03-03,2,2.0,1.414,50.0,50.0,100.0,0.007,2.5,72.0,1,1,2,0.0,100.0,0.0,0.0,100.0,50.0,0.0,0.0,0.0,0,2,0,0,2,1,0,0,0,False,False,False,False
PhonePe,2019-03-04,2019-03-10,2,1.5,0.707,100.0,100.0,100.0,-0.788,1.5,63.0,2,2,2,0.0,50.0,0.0,0.0,0.0,50.0,50.0,0.0,0.0,0,1,0,0,0,1,1,0,0,False,False,False,False
PhonePe,2019-03-11,2019-03-17,1,1.0,,100.0,100.0,100.0,-0.384,1.0,68.0,1,1,1,0.0,0.0,0.0,0.0,0.0,100.0,0.0,0.0,0.0,0,0,0,0,0,1,0,0,0,False,False,False,False
PhonePe,2019-03-18,2019-03-24,6,1.0,0.0,100.0,33.333,100.0,-0.009,1.5,83.0,6,2,6,0.0,66.667,0.0,0.0,0.0,66.667,0.0,16.667,0.0,0,4,0,0,0,4,0,1,0,False,False,False,False
PhonePe,2019-03-25,2019-03-31,7,1.143,0.378,100.0,71.429,71.429,-0.238,0.857,70.0,7,5,5,0.0,14.286,0.0,0.0,0.0,14.286,28.571,14.286,14.286,0,1,0,0,0,1,2,1,1,False,False,False,False
PhonePe,2019-04-01,2019-04-07,10,1.1,0.316,100.0,60.0,70.0,-0.092,1.0,77.0,10,6,7,10.0,10.0,0.0,0.0,10.0,50.0,20.0,0.0,0.0,1,1,0,0,1,5,2,0,0,False,False,False,False
PhonePe,2019-04-08,2019-04-14,4,1.5,1.0,75.0,75.0,100.0,-0.242,1.5,86.5,3,3,4,0.0,25.0,25.0,0.0,0.0,75.0,0.0,25.0,0.0,0,1,1,0,0,3,0,1,0,False,False,False,False
PhonePe,2019-04-15,2019-04-21,1,1.0,,100.0,0.0,100.0,0.952,1.0,73.0,1,0,1,0.0,0.0,0.0,0.0,0.0,0.0,0.0,100.0,0.0,0,0,0,0,0,0,0,1,0,False,False,False,False
PhonePe,2019-04-22,2019-04-28,1,5.0,,0.0,0.0,0.0,0.964,0.0,70.0,0,0,0,0.0,0.0,0.0,0.0,0.0,0.0,0.0,0.0,0.0,0,0,0,0,0,0,0,0,0,False,False,False,False
PhonePe,2019-04-29,2019-05-05,2,1.0,0.0,100.0,100.0,100.0,-0.788,1.0,86.0,2,2,2,0.0,0.0,0.0,0.0,0.0,50.0,50.0,0.0,0.0,0,0,0,0,0,1,1,0,0,False,False,False,False
PhonePe,2019-05-06,2019-05-12,3,1.0,0.0,100.0,33.333,100.0,0.179,1.667,86.0,3,1,3,0.0,100.0,0.0,0.0,0.0,0.0,33.333,33.333,0.0,0,3,0,0,0,0,1,1,0,False,False,False,False
PhonePe,2019-05-13,2019-05-19,3,1.0,0.0,100.0,66.667,66.667,-0.208,1.0,84.0,3,2,2,0.0,0.0,0.0,0.0,0.0,66.667,0.0,33.333,0.0,0,0,0,0,0,2,0,1,0,False,False,False,False
PhonePe,2019-05-20,2019-05-26,2,2.5,2.121,50.0,50.0,50.0,0.04,0.5,56.5,1,1,1,0.0,0.0,50.0,0.0,0.0,0.0,0.0,0.0,0.0,0,0,1,0,0,0,0,0,0,False,False,False,False
PhonePe,2019-05-27,2019-06-02,1,3.0,,0.0,0.0,0.0,0.858,0.0,70.0,0,0,0,0.0,0.0,0.0,0.0,0.0,0.0,0.0,0.0,0.0,0,0,0,0,0,0,0,0,0,False,False,False,False
PhonePe,2019-06-03,2019-06-09,2,1.0,0.0,100.0,100.0,50.0,-0.482,0.5,63.5,2,2,1,0.0,50.0,0.0,0.0,0.0,0.0,0.0,0.0,0.0,0,1,0,0,0,0,0,0,0,False,False,False,False
PhonePe,2019-06-10,2019-06-16,5,3.2,2.049,40.0,40.0,60.0,0.174,1.4,67.0,2,2,3,20.0,40.0,0.0,0.0,20.0,20.0,20.0,20.0,0.0,1,2,0,0,1,1,1,1,0,False,False,False,False
PhonePe,2019-06-17,2019-06-23,2,1.5,0.707,100.0,50.0,0.0,-0.056,0.0,67.5,2,1,0,0.0,0.0,0.0,0.0,0.0,0.0,0.0,0.0,0.0,0,0,0,0,0,0,0,0,0,False,False,False,False
PhonePe,2019-06-24,2019-06-30,5,1.0,0.0,100.0,40.0,80.0,0.204,0.8,70.0,5,2,4,0.0,0.0,20.0,0.0,0.0,60.0,0.0,0.0,0.0,0,0,1,0,0,3,0,0,0,False,False,False,False
PhonePe,2019-07-01,2019-07-07,4,1.5,1.0,75.0,50.0,75.0,-0.201,1.0,77.5,3,2,3,25.0,25.0,0.0,0.0,0.0,50.0,0.0,0.0,0.0,1,1,0,0,0,2,0,0,0,False,False,False,False
PhonePe,2019-07-08,2019-07-14,5,1.4,0.894,80.0,80.0,80.0,-0.228,0.8,82.0,4,4,4,0.0,40.0,0.0,0.0,20.0,20.0,0.0,0.0,0.0,0,2,0,0,1,1,0,0,0,False,False,False,False
PhonePe,2019-07-15,2019-07-21,4,1.25,0.5,100.0,50.0,100.0,-0.26,1.25,74.5,4,2,4,0.0,25.0,0.0,0.0,0.0,75.0,0.0,0.0,25.0,0,1,0,0,0,3,0,0,1,False,False,False,False
PhonePe,2019-07-22,2019-07-28,5,1.6,1.342,80.0,20.0,80.0,0.256,1.2,94.0,4,1,4,20.0,20.0,0.0,0.0,0.0,40.0,20.0,20.0,0.0,1,1,0,0,0,2,1,1,0,False,False,False,False
PhonePe,2019-07-29,2019-08-04,6,1.0,0.0,100.0,66.667,100.0,-0.168,1.167,75.5,6,4,6,0.0,33.333,0.0,0.0,0.0,83.333,0.0,0.0,0.0,0,2,0,0,0,5,0,0,0,False,False,False,False
PhonePe,2019-08-05,2019-08-11,7,1.571,1.134,85.714,57.143,85.714,-0.075,1.286,70.0,6,4,6,0.0,28.571,0.0,0.0,28.571,57.143,14.286,0.0,0.0,0,2,0,0,2,4,1,0,0,False,False,False,False
PhonePe,2019-08-12,2019-08-18,5,1.2,0.447,100.0,60.0,100.0,-0.381,1.4,88.0,5,3,5,0.0,40.0,0.0,0.0,0.0,100.0,0.0,0.0,0.0,0,2,0,0,0,5,0,0,0,False,False,False,False
PhonePe,2019-08-19,2019-08-25,3,2.0,1.732,66.667,66.667,100.0,-0.31,1.667,67.0,2,2,3,66.667,0.0,0.0,0.0,0.0,66.667,0.0,0.0,33.333,2,0,0,0,0,2,0,0,1,False,False,False,False
PhonePe,2019-08-26,2019-09-01,3,1.333,0.577,100.0,33.333,100.0,0.04,1.333,76.0,3,1,3,0.0,33.333,0.0,0.0,0.0,33.333,66.667,0.0,0.0,0,1,0,0,0,1,2,0,0,False,False,False,False
PhonePe,2019-09-02,2019-09-08,6,2.167,1.602,66.667,50.0,83.333,0.109,1.333,86.5,4,3,5,16.667,33.333,0.0,0.0,0.0,50.0,16.667,0.0,16.667,1,2,0,0,0,3,1,0,1,False,False,False,False
PhonePe,2019-09-09,2019-09-15,5,1.2,0.447,100.0,80.0,40.0,-0.461,0.4,79.0,5,4,2,0.0,0.0,0.0,0.0,20.0,20.0,0.0,0.0,0.0,0,0,0,0,1,1,0,0,0,False,False,False,False
PhonePe,2019-09-16,2019-09-22,11,1.182,0.603,90.909,90.909,72.727,-0.508,0.727,73.0,10,10,8,0.0,27.273,0.0,0.0,0.0,45.455,0.0,0.0,0.0,0,3,0,0,0,5,0,0,0,False,False,False,False
PhonePe,2019-09-23,2019-09-29,5,1.2,0.447,100.0,80.0,100.0,-0.415,1.8,73.0,5,4,5,60.0,40.0,0.0,0.0,20.0,60.0,0.0,0.0,0.0,3,2,0,0,1,3,0,0,0,False,False,False,False
PhonePe,2019-09-30,2019-10-06,4,1.25,0.5,100.0,75.0,75.0,-0.426,1.0,70.5,4,3,3,25.0,25.0,0.0,0.0,0.0,50.0,0.0,0.0,0.0,1,1,0,0,0,2,0,0,0,False,False,False,False
PhonePe,2019-10-07,2019-10-13,9,1.111,0.333,100.0,55.556,77.778,-0.242,1.556,88.0,9,5,7,11.111,55.556,0.0,0.0,11.111,55.556,11.111,11.111,0.0,1,5,0,0,1,5,1,1,0,False,False,False,False
PhonePe,2019-10-14,2019-10-20,1,1.0,,100.0,100.0,100.0,-0.926,1.0,55.0,1,1,1,0.0,0.0,0.0,0.0,0.0,100.0,0.0,0.0,0.0,0,0,0,0,0,1,0,0,0,False,False,False,False
PhonePe,2019-10-21,2019-10-27,4,1.0,0.0,100.0,25.0,100.0,0.221,1.5,84.0,4,1,4,25.0,50.0,0.0,0.0,25.0,50.0,0.0,0.0,0.0,1,2,0,0,1,2,0,0,0,False,False,False,False
PhonePe,2019-10-28,2019-11-03,1,1.0,,100.0,0.0,0.0,0.09,0.0,60.0,1,0,0,0.0,0.0,0.0,0.0,0.0,0.0,0.0,0.0,0.0,0,0,0,0,0,0,0,0,0,False,False,False,False
PhonePe,2019-11-04,2019-11-10,4,1.0,0.0,100.0,75.0,75.0,-0.277,1.25,72.0,4,3,3,25.0,50.0,0.0,0.0,0.0,50.0,0.0,0.0,0.0,1,2,0,0,0,2,0,0,0,False,False,False,False
PhonePe,2019-11-11,2019-11-17,4,1.5,1.0,75.0,100.0,50.0,-0.706,0.5,67.5,3,4,2,0.0,25.0,0.0,0.0,0.0,25.0,0.0,0.0,0.0,0,1,0,0,0,1,0,0,0,False,False,False,False
PhonePe,2019-11-18,2019-11-24,3,1.0,0.0,100.0,33.333,66.667,-0.056,0.667,78.0,3,1,2,33.333,0.0,0.0,0.0,0.0,0.0,0.0,33.333,0.0,1,0,0,0,0,0,0,1,0,False,False,False,False
PhonePe,2019-11-25,2019-12-01,9,1.111,0.333,100.0,55.556,55.556,-0.187,1.0,79.0,9,5,5,22.222,44.444,0.0,0.0,0.0,33.333,0.0,0.0,0.0,2,4,0,0,0,3,0,0,0,False,False,False,False
PhonePe,2019-12-02,2019-12-08,2,1.0,0.0,100.0,100.0,50.0,-0.818,1.0,78.0,2,2,1,0.0,50.0,0.0,0.0,0.0,50.0,0.0,0.0,0.0,0,1,0,0,0,1,0,0,0,False,False,False,False
PhonePe,2019-12-09,2019-12-15,2,1.0,0.0,100.0,50.0,100.0,-0.42,1.0,68.5,2,1,2,0.0,50.0,0.0,0.0,50.0,0.0,0.0,0.0,0.0,0,1,0,0,1,0,0,0,0,False,False,False,False
PhonePe,2019-12-16,2019-12-22,1,1.0,,100.0,0.0,0.0,0.098,0.0,72.0,1,0,0,0.0,0.0,0.0,0.0,0.0,0.0,0.0,0.0,0.0,0,0,0,0,0,0,0,0,0,False,False,False,False
PhonePe,2019-12-23,2019-12-29,2,1.0,0.0,100.0,0.0,100.0,0.357,1.0,81.5,2,0,2,0.0,100.0,0.0,0.0,0.0,0.0,0.0,0.0,0.0,0,2,0,0,0,0,0,0,0,False,False,False,False
PhonePe,2019-12-30,2020-01-05,2,3.0,2.828,50.0,0.0,0.0,0.426,0.0,69.5,1,0,0,0.0,0.0,0.0,0.0,0.0,0.0,0.0,0.0,0.0,0,0,0,0,0,0,0,0,0,False,False,False,False
PhonePe,2020-01-06,2020-01-12,5,1.4,0.894,80.0,60.0,60.0,-0.165,0.6,77.0,4,3,3,0.0,20.0,0.0,0.0,0.0,40.0,0.0,0.0,0.0,0,1,0,0,0,2,0,0,0,False,False,False,False
PhonePe,2020-01-13,2020-01-19,3,1.0,0.0,100.0,33.333,66.667,0.283,1.0,88.0,3,1,2,0.0,33.333,0.0,0.0,0.0,33.333,0.0,33.333,0.0,0,1,0,0,0,1,0,1,0,False,False,False,False
PhonePe,2020-01-20,2020-01-26,3,1.0,0.0,100.0,0.0,100.0,0.408,1.667,75.0,3,0,3,0.0,66.667,0.0,0.0,0.0,100.0,0.0,0.0,0.0,0,2,0,0,0,3,0,0,0,False,False,False,False
PhonePe,2020-01-27,2020-02-02,1,1.0,,100.0,0.0,100.0,0.177,1.0,91.0,1,0,1,0.0,0.0,0.0,0.0,0.0,100.0,0.0,0.0,0.0,0,0,0,0,0,1,0,0,0,False,False,False,False
PhonePe,2020-02-03,2020-02-09,8,1.0,0.0,100.0,62.5,100.0,-0.093,1.5,80.0,8,5,8,25.0,12.5,12.5,0.0,37.5,62.5,0.0,0.0,0.0,2,1,1,0,3,5,0,0,0,False,False,False,False
PhonePe,2020-02-10,2020-02-16,3,5.0,0.0,0.0,33.333,33.333,0.476,0.667,72.0,0,1,1,0.0,33.333,0.0,0.0,0.0,0.0,0.0,0.0,33.333,0,1,0,0,0,0,0,0,1,False,False,False,False
PhonePe,2020-02-17,2020-02-23,4,2.75,1.5,50.0,0.0,50.0,0.705,0.5,84.5,2,0,2,0.0,0.0,0.0,0.0,0.0,25.0,0.0,0.0,25.0,0,0,0,0,0,1,0,0,1,False,False,False,False
PhonePe,2020-02-24,2020-03-01,4,2.0,2.0,75.0,25.0,25.0,0.335,0.25,87.0,3,1,1,0.0,0.0,0.0,0.0,25.0,0.0,0.0,0.0,0.0,0,0,0,0,1,0,0,0,0,False,False,False,False
PhonePe,2020-03-02,2020-03-08,11,1.182,0.405,100.0,72.727,81.818,-0.364,1.364,75.0,11,8,9,0.0,36.364,0.0,0.0,27.273,54.545,0.0,9.091,9.091,0,4,0,0,3,6,0,1,1,False,False,False,False
PhonePe,2020-03-09,2020-03-15,4,2.25,1.893,75.0,75.0,75.0,-0.241,0.75,67.0,3,3,3,25.0,25.0,0.0,0.0,0.0,25.0,0.0,0.0,0.0,1,1,0,0,0,1,0,0,0,False,False,False,False
PhonePe,2020-03-16,2020-03-22,8,1.625,1.188,75.0,12.5,87.5,0.474,1.125,82.5,6,1,7,25.0,50.0,0.0,0.0,25.0,12.5,0.0,0.0,0.0,2,4,0,0,2,1,0,0,0,False,False,False,False
PhonePe,2020-03-23,2020-03-29,0,,,,,,,,,0,0,0,,,,,,,,,,0,0,0,0,0,0,0,0,0,False,False,False,False
PhonePe,2020-03-30,2020-04-05,2,1.0,0.0,100.0,50.0,100.0,0.036,1.0,68.5,2,1,2,0.0,100.0,0.0,0.0,0.0,0.0,0.0,0.0,0.0,0,2,0,0,0,0,0,0,0,False,False,False,False
PhonePe,2020-04-06,2020-04-12,4,2.5,1.915,50.0,0.0,75.0,0.696,1.0,84.5,2,0,3,0.0,0.0,0.0,0.0,25.0,50.0,0.0,25.0,0.0,0,0,0,0,1,2,0,1,0,False,False,False,False
PhonePe,2020-04-13,2020-04-19,1,1.0,,100.0,100.0,100.0,-0.834,2.0,61.0,1,1,1,0.0,100.0,0.0,0.0,0.0,100.0,0.0,0.0,0.0,0,1,0,0,0,1,0,0,0,False,False,False,False
PhonePe,2020-04-20,2020-04-26,0,,,,,,,,,0,0,0,,,,,,,,,,0,0,0,0,0,0,0,0,0,False,False,False,False
PhonePe,2020-04-27,2020-05-03,4,1.0,0.0,100.0,75.0,100.0,-0.519,1.25,59.0,4,3,4,0.0,0.0,0.0,0.0,25.0,100.0,0.0,0.0,0.0,0,0,0,0,1,4,0,0,0,False,False,False,False
PhonePe,2020-05-04,2020-05-10,3,2.0,1.732,66.667,33.333,100.0,0.189,1.0,84.0,2,1,3,0.0,0.0,0.0,0.0,0.0,66.667,33.333,0.0,0.0,0,0,0,0,0,2,1,0,0,False,False,False,False
PhonePe,2020-05-11,2020-05-17,4,1.25,0.5,100.0,100.0,100.0,-0.741,1.0,81.5,4,4,4,0.0,50.0,0.0,0.0,0.0,50.0,0.0,0.0,0.0,0,2,0,0,0,2,0,0,0,False,False,False,False
PhonePe,2020-05-18,2020-05-24,2,1.0,0.0,100.0,0.0,50.0,0.563,1.0,83.5,2,0,1,0.0,50.0,0.0,0.0,0.0,50.0,0.0,0.0,0.0,0,1,0,0,0,1,0,0,0,False,False,False,False
PhonePe,2020-05-25,2020-05-31,4,1.0,0.0,100.0,75.0,100.0,-0.444,1.25,85.0,4,3,4,25.0,50.0,0.0,0.0,0.0,50.0,0.0,0.0,0.0,1,2,0,0,0,2,0,0,0,False,False,False,False
PhonePe,2020-06-01,2020-06-07,4,1.0,0.0,100.0,50.0,100.0,0.037,1.0,78.5,4,2,4,0.0,50.0,0.0,0.0,25.0,0.0,0.0,25.0,0.0,0,2,0,0,1,0,0,1,0,False,False,False,False
PhonePe,2020-06-08,2020-06-14,4,1.75,1.5,75.0,50.0,0.0,0.099,0.0,77.5,3,2,0,0.0,0.0,0.0,0.0,0.0,0.0,0.0,0.0,0.0,0,0,0,0,0,0,0,0,0,False,False,False,False
PhonePe,2020-06-15,2020-06-21,0,,,,,,,,,0,0,0,,,,,,,,,,0,0,0,0,0,0,0,0,0,False,False,False,False
PhonePe,2020-06-22,2020-06-28,3,2.0,1.0,66.667,0.0,33.333,0.539,0.333,68.0,2,0,1,33.333,0.0,0.0,0.0,0.0,0.0,0.0,0.0,0.0,1,0,0,0,0,0,0,0,0,False,False,False,False
PhonePe,2020-06-29,2020-07-05,5,1.6,1.342,80.0,40.0,60.0,-0.225,0.8,78.0,4,2,3,0.0,40.0,0.0,0.0,0.0,20.0,0.0,20.0,0.0,0,2,0,0,0,1,0,1,0,False,False,False,False
PhonePe,2020-07-06,2020-07-12,0,,,,,,,,,0,0,0,,,,,,,,,,0,0,0,0,0,0,0,0,0,False,False,False,False
PhonePe,2020-07-13,2020-07-19,4,1.25,0.5,100.0,50.0,25.0,-0.052,0.25,62.0,4,2,1,0.0,0.0,0.0,0.0,25.0,0.0,0.0,0.0,0.0,0,0,0,0,1,0,0,0,0,False,False,False,False
PhonePe,2020-07-20,2020-07-26,4,1.0,0.0,100.0,50.0,75.0,0.158,0.75,75.5,4,2,3,0.0,0.0,25.0,0.0,0.0,25.0,0.0,25.0,0.0,0,0,1,0,0,1,0,1,0,False,False,False,False
PhonePe,2020-07-27,2020-08-02,8,1.25,0.463,100.0,37.5,75.0,0.026,0.875,87.0,8,3,6,12.5,25.0,0.0,0.0,0.0,37.5,0.0,12.5,0.0,1,2,0,0,0,3,0,1,0,False,False,False,False
PhonePe,2020-08-03,2020-08-09,5,1.8,1.304,80.0,80.0,80.0,-0.465,0.8,86.0,4,4,4,40.0,20.0,0.0,0.0,0.0,20.0,0.0,0.0,0.0,2,1,0,0,0,1,0,0,0,False,False,False,False
PhonePe,2020-08-10,2020-08-16,2,2.0,1.414,50.0,50.0,100.0,0.058,1.0,78.0,1,1,2,0.0,0.0,0.0,0.0,0.0,100.0,0.0,0.0,0.0,0,0,0,0,0,2,0,0,0,False,False,False,False
PhonePe,2020-08-17,2020-08-23,5,1.0,0.0,100.0,100.0,100.0,-0.653,1.6,85.0,5,5,5,60.0,40.0,0.0,0.0,0.0,20.0,0.0,20.0,20.0,3,2,0,0,0,1,0,1,1,False,False,False,False
PhonePe,2020-08-24,2020-08-30,6,2.0,1.673,66.667,33.333,100.0,0.074,1.167,79.0,4,2,6,33.333,16.667,0.0,0.0,0.0,50.0,0.0,16.667,0.0,2,1,0,0,0,3,0,1,0,False,False,False,False
PhonePe,2020-08-31,2020-09-06,2,1.0,0.0,100.0,50.0,0.0,0.315,0.0,71.0,2,1,0,0.0,0.0,0.0,0.0,0.0,0.0,0.0,0.0,0.0,0,0,0,0,0,0,0,0,0,False,False,False,False
PhonePe,2020-09-07,2020-09-13,8,1.0,0.0,100.0,50.0,87.5,-0.164,1.375,81.5,8,4,7,12.5,62.5,0.0,0.0,0.0,62.5,0.0,0.0,0.0,1,5,0,0,0,5,0,0,0,False,False,False,False
PhonePe,2020-09-14,2020-09-20,5,2.4,1.949,60.0,40.0,40.0,0.015,0.4,71.0,3,2,2,0.0,0.0,0.0,0.0,0.0,20.0,0.0,0.0,20.0,0,0,0,0,0,1,0,0,1,False,False,False,False
PhonePe,2020-09-21,2020-09-27,6,2.0,1.549,83.333,66.667,50.0,-0.253,0.5,72.0,5,4,3,16.667,0.0,0.0,0.0,0.0,16.667,16.667,0.0,0.0,1,0,0,0,0,1,1,0,0,False,False,False,False
PhonePe,2020-09-28,2020-10-04,7,1.0,0.0,100.0,71.429,57.143,-0.294,0.857,88.0,7,5,4,0.0,42.857,0.0,0.0,0.0,42.857,0.0,0.0,0.0,0,3,0,0,0,3,0,0,0,False,False,False,False
PhonePe,2020-10-05,2020-10-11,2,1.0,0.0,100.0,50.0,100.0,-0.362,1.0,67.5,2,1,2,0.0,50.0,0.0,0.0,0.0,50.0,0.0,0.0,0.0,0,1,0,0,0,1,0,0,0,False,False,False,False
PhonePe,2020-10-12,2020-10-18,3,2.0,1.0,66.667,33.333,33.333,0.238,0.667,68.0,2,1,1,0.0,0.0,0.0,0.0,33.333,33.333,0.0,0.0,0.0,0,0,0,0,1,1,0,0,0,False,False,False,False
PhonePe,2020-10-19,2020-10-25,4,2.25,1.893,75.0,0.0,75.0,0.509,1.0,80.0,3,0,3,25.0,25.0,25.0,0.0,0.0,25.0,0.0,0.0,0.0,1,1,1,0,0,1,0,0,0,False,False,False,False
PhonePe,2020-10-26,2020-11-01,3,1.667,1.155,66.667,66.667,66.667,-0.263,1.0,80.0,2,2,2,33.333,0.0,0.0,0.0,0.0,66.667,0.0,0.0,0.0,1,0,0,0,0,2,0,0,0,False,False,False,False
PhonePe,2020-11-02,2020-11-08,3,2.0,1.732,66.667,100.0,33.333,-0.468,0.667,64.0,2,3,1,33.333,0.0,0.0,0.0,0.0,0.0,0.0,33.333,0.0,1,0,0,0,0,0,0,1,0,False,False,False,False
PhonePe,2020-11-09,2020-11-15,3,1.333,0.577,100.0,66.667,0.0,-0.45,0.0,64.0,3,2,0,0.0,0.0,0.0,0.0,0.0,0.0,0.0,0.0,0.0,0,0,0,0,0,0,0,0,0,False,False,False,False
PhonePe,2020-11-16,2020-11-22,4,1.0,0.0,100.0,50.0,50.0,-0.111,0.75,89.5,4,2,2,0.0,25.0,0.0,0.0,25.0,25.0,0.0,0.0,0.0,0,1,0,0,1,1,0,0,0,False,False,False,False
PhonePe,2020-11-23,2020-11-29,2,1.0,0.0,100.0,100.0,100.0,-0.624,1.0,76.0,2,2,2,0.0,50.0,0.0,0.0,0.0,0.0,0.0,50.0,0.0,0,1,0,0,0,0,0,1,0,False,False,False,False
PhonePe,2020-11-30,2020-12-06,5,1.0,0.0,100.0,80.0,60.0,-0.249,0.8,90.0,5,4,3,0.0,60.0,0.0,0.0,0.0,20.0,0.0,0.0,0.0,0,3,0,0,0,1,0,0,0,False,False,False,False
PhonePe,2020-12-07,2020-12-13,4,1.5,1.0,75.0,50.0,50.0,0.015,0.5,82.5,3,2,2,25.0,0.0,0.0,0.0,0.0,25.0,0.0,0.0,0.0,1,0,0,0,0,1,0,0,0,False,False,False,False
PhonePe,2020-12-14,2020-12-20,2,2.0,1.414,50.0,50.0,100.0,0.013,1.5,96.0,1,1,2,0.0,0.0,0.0,0.0,0.0,100.0,0.0,50.0,0.0,0,0,0,0,0,2,0,1,0,False,False,False,False
PhonePe,2020-12-21,2020-12-27,4,1.25,0.5,100.0,75.0,50.0,-0.245,0.75,91.0,4,3,2,0.0,25.0,0.0,0.0,0.0,25.0,25.0,0.0,0.0,0,1,0,0,0,1,1,0,0,False,False,False,False
PhonePe,2020-12-28,2021-01-03,0,,,,,,,,,0,0,0,,,,,,,,,,0,0,0,0,0,0,0,0,0,False,False,False,False
PhonePe,2021-01-04,2021-01-10,0,,,,,,,,,0,0,0,,,,,,,,,,0,0,0,0,0,0,0,0,0,False,False,False,False
PhonePe,2021-01-11,2021-01-17,5,2.0,1.414,60.0,80.0,60.0,-0.309,0.8,70.0,3,4,3,0.0,20.0,0.0,0.0,40.0,20.0,0.0,0.0,0.0,0,1,0,0,2,1,0,0,0,False,False,False,False
PhonePe,2021-01-18,2021-01-24,3,1.0,0.0,100.0,66.667,100.0,-0.322,1.0,68.0,3,2,3,0.0,66.667,0.0,0.0,0.0,33.333,0.0,0.0,0.0,0,2,0,0,0,1,0,0,0,False,False,False,False
PhonePe,2021-01-25,2021-01-31,6,1.167,0.408,100.0,50.0,66.667,-0.031,1.0,68.0,6,3,4,0.0,50.0,0.0,0.0,0.0,50.0,0.0,0.0,0.0,0,3,0,0,0,3,0,0,0,False,False,False,False
PhonePe,2021-02-01,2021-02-07,5,1.6,0.894,80.0,60.0,40.0,-0.258,0.6,86.0,4,3,2,0.0,20.0,0.0,0.0,0.0,40.0,0.0,0.0,0.0,0,1,0,0,0,2,0,0,0,False,False,False,False
PhonePe,2021-02-08,2021-02-14,1,4.0,,0.0,0.0,100.0,0.51,1.0,70.0,0,0,1,0.0,0.0,0.0,0.0,0.0,0.0,100.0,0.0,0.0,0,0,0,0,0,0,1,0,0,False,False,False,False
PhonePe,2021-02-15,2021-02-21,3,1.0,0.0,100.0,0.0,33.333,0.476,0.667,83.0,3,0,1,0.0,0.0,0.0,0.0,0.0,33.333,33.333,0.0,0.0,0,0,0,0,0,1,1,0,0,False,False,False,False
PhonePe,2021-02-22,2021-02-28,2,1.0,0.0,100.0,50.0,100.0,-0.231,1.0,86.5,2,1,2,0.0,0.0,0.0,0.0,0.0,50.0,0.0,50.0,0.0,0,0,0,0,0,1,0,1,0,False,False,False,False
PhonePe,2021-03-01,2021-03-07,2,4.0,1.414,0.0,0.0,50.0,0.98,0.5,73.0,0,0,1,0.0,50.0,0.0,0.0,0.0,0.0,0.0,0.0,0.0,0,1,0,0,0,0,0,0,0,False,False,False,False
PhonePe,2021-03-08,2021-03-14,0,,,,,,,,,0,0,0,,,,,,,,,,0,0,0,0,0,0,0,0,0,False,False,False,False
PhonePe,2021-03-15,2021-03-21,3,1.0,0.0,100.0,33.333,66.667,0.084,0.667,80.0,3,1,2,0.0,33.333,0.0,0.0,0.0,33.333,0.0,0.0,0.0,0,1,0,0,0,1,0,0,0,False,False,False,False
PhonePe,2021-03-22,2021-03-28,1,4.0,,0.0,100.0,0.0,-0.188,0.0,74.0,0,1,0,0.0,0.0,0.0,0.0,0.0,0.0,0.0,0.0,0.0,0,0,0,0,0,0,0,0,0,False,False,False,False
PhonePe,2021-03-29,2021-04-04,1,3.0,,0.0,100.0,100.0,-0.658,1.0,74.0,0,1,1,100.0,0.0,0.0,0.0,0.0,0.0,0.0,0.0,0.0,1,0,0,0,0,0,0,0,0,False,False,False,False
PhonePe,2021-04-05,2021-04-11,0,,,,,,,,,0,0,0,,,,,,,,,,0,0,0,0,0,0,0,0,0,False,False,False,False
PhonePe,2021-04-12,2021-04-18,3,2.333,2.309,66.667,66.667,33.333,-0.167,0.333,83.0,2,2,1,0.0,0.0,0.0,0.0,33.333,0.0,0.0,0.0,0.0,0,0,0,0,1,0,0,0,0,False,False,False,False
PhonePe,2021-04-19,2021-04-25,2,3.0,2.828,50.0,50.0,50.0,0.228,0.5,93.0,1,1,1,0.0,0.0,0.0,0.0,0.0,50.0,0.0,0.0,0.0,0,0,0,0,0,1,0,0,0,False,False,False,False
PhonePe,2021-04-26,2021-05-02,8,1.75,1.165,75.0,62.5,37.5,-0.158,0.375,78.0,6,5,3,0.0,0.0,0.0,0.0,0.0,12.5,12.5,12.5,0.0,0,0,0,0,0,1,1,1,0,False,False,False,False
PhonePe,2021-05-03,2021-05-09,1,1.0,,100.0,100.0,100.0,-0.195,1.0,88.0,1,1,1,0.0,0.0,0.0,0.0,0.0,100.0,0.0,0.0,0.0,0,0,0,0,0,1,0,0,0,False,False,False,False
PhonePe,2021-05-10,2021-05-16,4,2.0,1.155,50.0,100.0,50.0,-0.665,0.5,72.5,2,4,2,0.0,0.0,0.0,0.0,0.0,50.0,0.0,0.0,0.0,0,0,0,0,0,2,0,0,0,False,False,False,False
PhonePe,2021-05-17,2021-05-23,3,1.0,0.0,100.0,100.0,100.0,-0.649,1.333,89.0,3,3,3,0.0,0.0,0.0,0.0,0.0,33.333,66.667,33.333,0.0,0,0,0,0,0,1,2,1,0,False,False,False,False
PhonePe,2021-05-24,2021-05-30,3,1.0,0.0,100.0,100.0,66.667,-0.801,1.0,84.0,3,3,2,0.0,33.333,0.0,0.0,0.0,33.333,0.0,33.333,0.0,0,1,0,0,0,1,0,1,0,False,False,False,False
PhonePe,2021-05-31,2021-06-06,0,,,,,,,,,0,0,0,,,,,,,,,,0,0,0,0,0,0,0,0,0,False,False,False,False
PhonePe,2021-06-07,2021-06-13,4,2.0,2.0,75.0,75.0,50.0,-0.344,1.0,89.5,3,3,2,0.0,0.0,0.0,0.0,0.0,50.0,25.0,25.0,0.0,0,0,0,0,0,2,1,1,0,False,False,False,False
PhonePe,2021-06-14,2021-06-20,1,1.0,,100.0,100.0,0.0,-0.672,0.0,64.0,1,1,0,0.0,0.0,0.0,0.0,0.0,0.0,0.0,0.0,0.0,0,0,0,0,0,0,0,0,0,False,False,False,False
PhonePe,2021-06-21,2021-06-27,3,1.0,0.0,100.0,33.333,0.0,0.173,0.0,85.0,3,1,0,0.0,0.0,0.0,0.0,0.0,0.0,0.0,0.0,0.0,0,0,0,0,0,0,0,0,0,False,False,False,False
PhonePe,2021-06-28,2021-07-04,3,1.333,0.577,100.0,0.0,33.333,0.483,0.667,77.0,3,0,1,33.333,0.0,0.0,0.0,0.0,33.333,0.0,0.0,0.0,1,0,0,0,0,1,0,0,0,False,False,False,False
PhonePe,2021-07-05,2021-07-11,5,1.8,1.304,80.0,40.0,80.0,0.009,1.2,65.0,4,2,4,0.0,0.0,0.0,0.0,0.0,80.0,20.0,20.0,0.0,0,0,0,0,0,4,1,1,0,False,False,False,False
PhonePe,2021-07-12,2021-07-18,3,2.333,1.528,66.667,66.667,33.333,-0.164,0.667,92.0,2,2,1,33.333,0.0,0.0,0.0,33.333,0.0,0.0,0.0,0.0,1,0,0,0,1,0,0,0,0,False,False,False,False
PhonePe,2021-07-19,2021-07-25,4,2.0,1.155,50.0,25.0,50.0,0.255,1.0,74.0,2,1,2,0.0,50.0,0.0,0.0,0.0,50.0,0.0,0.0,0.0,0,2,0,0,0,2,0,0,0,False,False,False,False
PhonePe,2021-07-26,2021-08-01,3,1.0,0.0,100.0,33.333,100.0,0.196,1.667,61.0,3,1,3,0.0,0.0,0.0,0.0,33.333,100.0,33.333,0.0,0.0,0,0,0,0,1,3,1,0,0,False,False,False,False
PhonePe,2021-08-02,2021-08-08,1,1.0,,100.0,100.0,0.0,-0.879,0.0,83.0,1,1,0,0.0,0.0,0.0,0.0,0.0,0.0,0.0,0.0,0.0,0,0,0,0,0,0,0,0,0,False,False,False,False
PhonePe,2021-08-09,2021-08-15,5,1.4,0.894,80.0,80.0,80.0,-0.401,1.2,88.0,4,4,4,20.0,40.0,0.0,0.0,20.0,40.0,0.0,0.0,0.0,1,2,0,0,1,2,0,0,0,False,False,False,False
PhonePe,2021-08-16,2021-08-22,2,2.0,1.414,50.0,0.0,100.0,0.53,1.5,71.5,1,0,2,0.0,0.0,0.0,0.0,50.0,50.0,50.0,0.0,0.0,0,0,0,0,1,1,1,0,0,False,False,False,False
PhonePe,2021-08-23,2021-08-29,0,,,,,,,,,0,0,0,,,,,,,,,,0,0,0,0,0,0,0,0,0,False,False,False,False
PhonePe,2021-08-30,2021-09-05,0,,,,,,,,,0,0,0,,,,,,,,,,0,0,0,0,0,0,0,0,0,False,False,False,False
PhonePe,2021-09-06,2021-09-12,3,1.0,0.0,100.0,66.667,100.0,-0.324,1.0,75.0,3,2,3,33.333,33.333,0.0,0.0,0.0,33.333,0.0,0.0,0.0,1,1,0,0,0,1,0,0,0,False,False,False,False
PhonePe,2021-09-13,2021-09-19,5,2.0,1.0,60.0,60.0,40.0,-0.039,0.4,82.0,3,3,2,0.0,20.0,0.0,0.0,0.0,0.0,20.0,0.0,0.0,0,1,0,0,0,0,1,0,0,False,False,False,False
PhonePe,2021-09-20,2021-09-26,2,2.0,1.414,50.0,50.0,0.0,-0.296,0.0,83.5,1,1,0,0.0,0.0,0.0,0.0,0.0,0.0,0.0,0.0,0.0,0,0,0,0,0,0,0,0,0,False,False,False,False
PhonePe,2021-09-27,2021-10-03,1,1.0,,100.0,100.0,100.0,-0.275,2.0,79.0,1,1,1,0.0,0.0,0.0,0.0,0.0,0.0,100.0,100.0,0.0,0,0,0,0,0,0,1,1,0,False,False,False,False
PhonePe,2021-10-04,2021-10-10,3,3.0,1.732,33.333,0.0,33.333,0.861,0.333,86.0,1,0,1,0.0,0.0,0.0,0.0,0.0,33.333,0.0,0.0,0.0,0,0,0,0,0,1,0,0,0,False,False,False,False
PhonePe,2021-10-11,2021-10-17,0,,,,,,,,,0,0,0,,,,,,,,,,0,0,0,0,0,0,0,0,0,False,False,False,False
PhonePe,2021-10-18,2021-10-24,3,1.0,0.0,100.0,100.0,66.667,-0.854,1.0,85.0,3,3,2,33.333,33.333,0.0,0.0,0.0,0.0,0.0,0.0,33.333,1,1,0,0,0,0,0,0,1,False,False,False,False
PhonePe,2021-10-25,2021-10-31,0,,,,,,,,,0,0,0,,,,,,,,,,0,0,0,0,0,0,0,0,0,False,False,False,False
PhonePe,2021-11-01,2021-11-07,3,1.0,0.0,100.0,100.0,100.0,-0.797,1.333,74.0,3,3,3,0.0,0.0,0.0,0.0,33.333,66.667,0.0,33.333,0.0,0,0,0,0,1,2,0,1,0,False,False,False,False
PhonePe,2021-11-08,2021-11-14,2,2.5,2.121,50.0,100.0,50.0,-0.883,1.0,60.5,1,2,1,0.0,0.0,0.0,0.0,0.0,50.0,0.0,50.0,0.0,0,0,0,0,0,1,0,1,0,False,False,False,False
PhonePe,2021-11-15,2021-11-21,0,,,,,,,,,0,0,0,,,,,,,,,,0,0,0,0,0,0,0,0,0,False,False,False,False
PhonePe,2021-11-22,2021-11-28,1,2.0,,100.0,0.0,0.0,0.168,0.0,61.0,1,0,0,0.0,0.0,0.0,0.0,0.0,0.0,0.0,0.0,0.0,0,0,0,0,0,0,0,0,0,False,False,False,False
PhonePe,2021-11-29,2021-12-05,1,1.0,,100.0,100.0,100.0,-0.684,1.0,67.0,1,1,1,0.0,100.0,0.0,0.0,0.0,0.0,0.0,0.0,0.0,0,1,0,0,0,0,0,0,0,False,False,False,False
PhonePe,2021-12-06,2021-12-12,0,,,,,,,,,0,0,0,,,,,,,,,,0,0,0,0,0,0,0,0,0,False,False,False,False
PhonePe,2021-12-13,2021-12-19,1,1.0,,100.0,100.0,0.0,-0.747,0.0,93.0,1,1,0,0.0,0.0,0.0,0.0,0.0,0.0,0.0,0.0,0.0,0,0,0,0,0,0,0,0,0,False,False,False,False
PhonePe,2021-12-20,2021-12-26,1,1.0,,100.0,0.0,100.0,0.115,1.0,54.0,1,0,1,0.0,100.0,0.0,0.0,0.0,0.0,0.0,0.0,0.0,0,1,0,0,0,0,0,0,0,False,False,False,False
PhonePe,2021-12-27,2022-01-02,2,1.0,0.0,100.0,100.0,100.0,-0.82,1.5,79.5,2,2,2,0.0,50.0,0.0,0.0,0.0,100.0,0.0,0.0,0.0,0,1,0,0,0,2,0,0,0,False,False,False,False
PhonePe,2022-01-03,2022-01-09,4,1.25,0.5,100.0,75.0,75.0,-0.536,1.0,80.5,4,3,3,25.0,50.0,0.0,0.0,0.0,25.0,0.0,0.0,0.0,1,2,0,0,0,1,0,0,0,False,False,False,False
PhonePe,2022-01-10,2022-01-16,2,1.0,0.0,100.0,100.0,50.0,-0.676,0.5,92.0,2,2,1,0.0,0.0,0.0,0.0,0.0,50.0,0.0,0.0,0.0,0,0,0,0,0,1,0,0,0,False,False,False,False
PhonePe,2022-01-17,2022-01-23,0,,,,,,,,,0,0,0,,,,,,,,,,0,0,0,0,0,0,0,0,0,False,False,False,False
PhonePe,2022-01-24,2022-01-30,1,1.0,,100.0,100.0,0.0,-0.684,0.0,85.0,1,1,0,0.0,0.0,0.0,0.0,0.0,0.0,0.0,0.0,0.0,0,0,0,0,0,0,0,0,0,False,False,False,False
PhonePe,2022-01-31,2022-02-06,4,1.0,0.0,100.0,75.0,100.0,-0.233,2.25,82.5,4,3,4,0.0,75.0,50.0,0.0,25.0,75.0,0.0,0.0,0.0,0,3,2,0,1,3,0,0,0,False,False,False,False
PhonePe,2022-02-07,2022-02-13,3,1.0,0.0,100.0,66.667,100.0,-0.219,1.333,87.0,3,2,3,0.0,33.333,0.0,0.0,0.0,66.667,33.333,0.0,0.0,0,1,0,0,0,2,1,0,0,False,False,False,False
PhonePe,2022-02-14,2022-02-20,2,2.5,2.121,50.0,50.0,100.0,-0.287,1.5,59.5,1,1,2,50.0,50.0,0.0,0.0,0.0,50.0,0.0,0.0,0.0,1,1,0,0,0,1,0,0,0,False,False,False,False
PhonePe,2022-02-21,2022-02-27,1,1.0,,100.0,100.0,100.0,-0.579,1.0,82.0,1,1,1,0.0,0.0,0.0,0.0,0.0,0.0,0.0,100.0,0.0,0,0,0,0,0,0,0,1,0,False,False,False,False
PhonePe,2022-02-28,2022-03-06,0,,,,,,,,,0,0,0,,,,,,,,,,0,0,0,0,0,0,0,0,0,False,False,False,False
PhonePe,2022-03-07,2022-03-13,4,1.5,0.577,100.0,100.0,100.0,-0.511,1.5,72.0,4,4,4,0.0,75.0,0.0,0.0,25.0,25.0,0.0,25.0,0.0,0,3,0,0,1,1,0,1,0,False,False,False,False
PhonePe,2022-03-14,2022-03-20,1,1.0,,100.0,100.0,100.0,-0.925,1.0,61.0,1,1,1,0.0,100.0,0.0,0.0,0.0,0.0,0.0,0.0,0.0,0,1,0,0,0,0,0,0,0,False,False,False,False
PhonePe,2022-03-21,2022-03-27,0,,,,,,,,,0,0,0,,,,,,,,,,0,0,0,0,0,0,0,0,0,False,False,False,False
PhonePe,2022-03-28,2022-04-03,1,1.0,,100.0,100.0,0.0,-0.128,0.0,68.0,1,1,0,0.0,0.0,0.0,0.0,0.0,0.0,0.0,0.0,0.0,0,0,0,0,0,0,0,0,0,False,False,False,False
PhonePe,2022-04-04,2022-04-10,3,1.0,0.0,100.0,33.333,66.667,0.234,1.0,71.0,3,1,2,0.0,0.0,0.0,0.0,0.0,66.667,33.333,0.0,0.0,0,0,0,0,0,2,1,0,0,False,False,False,False
PhonePe,2022-04-11,2022-04-17,1,1.0,,100.0,100.0,0.0,-0.613,0.0,100.0,1,1,0,0.0,0.0,0.0,0.0,0.0,0.0,0.0,0.0,0.0,0,0,0,0,0,0,0,0,0,False,False,False,False
PhonePe,2022-04-18,2022-04-24,3,2.0,1.732,66.667,66.667,66.667,-0.074,1.0,64.0,2,2,2,33.333,0.0,0.0,0.0,0.0,33.333,33.333,0.0,0.0,1,0,0,0,0,1,1,0,0,False,False,False,False
PhonePe,2022-04-25,2022-05-01,4,1.0,0.0,100.0,50.0,75.0,-0.091,1.0,75.5,4,2,3,0.0,50.0,0.0,0.0,0.0,25.0,25.0,0.0,0.0,0,2,0,0,0,1,1,0,0,False,False,False,False
PhonePe,2022-05-02,2022-05-08,5,1.6,0.894,80.0,20.0,60.0,0.389,1.2,75.0,4,1,3,40.0,20.0,20.0,0.0,20.0,20.0,0.0,0.0,0.0,2,1,1,0,1,1,0,0,0,False,False,False,False
PhonePe,2022-05-09,2022-05-15,4,1.0,0.0,100.0,75.0,25.0,-0.607,0.5,90.5,4,3,1,0.0,0.0,25.0,0.0,25.0,0.0,0.0,0.0,0.0,0,0,1,0,1,0,0,0,0,False,False,False,False
PhonePe,2022-05-16,2022-05-22,1,2.0,,100.0,100.0,100.0,-0.149,1.0,90.0,1,1,1,0.0,0.0,0.0,0.0,0.0,100.0,0.0,0.0,0.0,0,0,0,0,0,1,0,0,0,False,False,False,False
PhonePe,2022-05-23,2022-05-29,1,1.0,,100.0,0.0,0.0,0.013,0.0,76.0,1,0,0,0.0,0.0,0.0,0.0,0.0,0.0,0.0,0.0,0.0,0,0,0,0,0,0,0,0,0,False,False,False,False
PhonePe,2022-05-30,2022-06-05,1,1.0,,100.0,100.0,0.0,-0.83,0.0,70.0,1,1,0,0.0,0.0,0.0,0.0,0.0,0.0,0.0,0.0,0.0,0,0,0,0,0,0,0,0,0,False,False,False,False
PhonePe,2022-06-06,2022-06-12,2,1.0,0.0,100.0,100.0,50.0,-0.518,0.5,70.0,2,2,1,50.0,0.0,0.0,0.0,0.0,0.0,0.0,0.0,0.0,1,0,0,0,0,0,0,0,0,False,False,False,False
PhonePe,2022-06-13,2022-06-19,4,2.75,2.062,50.0,25.0,100.0,0.439,1.25,80.5,2,1,4,25.0,75.0,0.0,0.0,0.0,25.0,0.0,0.0,0.0,1,3,0,0,0,1,0,0,0,False,False,False,False
PhonePe,2022-06-20,2022-06-26,1,1.0,,100.0,0.0,0.0,0.765,0.0,73.0,1,0,0,0.0,0.0,0.0,0.0,0.0,0.0,0.0,0.0,0.0,0,0,0,0,0,0,0,0,0,False,False,False,False
PhonePe,2022-06-27,2022-07-03,3,2.0,1.0,66.667,33.333,66.667,-0.011,1.0,61.0,2,1,2,0.0,33.333,0.0,0.0,0.0,33.333,0.0,0.0,33.333,0,1,0,0,0,1,0,0,1,False,False,False,False
PhonePe,2022-07-04,2022-07-10,4,1.25,0.5,100.0,0.0,50.0,0.614,0.5,73.5,4,0,2,0.0,0.0,0.0,0.0,0.0,50.0,0.0,0.0,0.0,0,0,0,0,0,2,0,0,0,False,False,False,False
PhonePe,2022-07-11,2022-07-17,0,,,,,,,,,0,0,0,,,,,,,,,,0,0,0,0,0,0,0,0,0,False,False,False,False
PhonePe,2022-07-18,2022-07-24,2,1.0,0.0,100.0,100.0,100.0,-0.881,1.5,74.0,2,2,2,0.0,0.0,0.0,0.0,0.0,100.0,0.0,50.0,0.0,0,0,0,0,0,2,0,1,0,False,False,False,False
PhonePe,2022-07-25,2022-07-31,5,1.6,1.342,80.0,20.0,80.0,0.005,1.2,70.0,4,1,4,20.0,40.0,20.0,0.0,0.0,20.0,20.0,0.0,0.0,1,2,1,0,0,1,1,0,0,False,False,False,False
PhonePe,2022-08-01,2022-08-07,7,1.571,0.787,85.714,85.714,57.143,-0.514,0.714,85.0,6,6,4,14.286,14.286,0.0,0.0,0.0,42.857,0.0,0.0,0.0,1,1,0,0,0,3,0,0,0,False,False,False,False
PhonePe,2022-08-08,2022-08-14,6,1.333,0.816,83.333,100.0,66.667,-0.621,1.167,89.0,5,6,4,33.333,16.667,0.0,0.0,0.0,66.667,0.0,0.0,0.0,2,1,0,0,0,4,0,0,0,False,False,False,False
PhonePe,2022-08-15,2022-08-21,2,1.0,0.0,100.0,50.0,100.0,-0.185,1.0,66.5,2,1,2,0.0,0.0,0.0,0.0,0.0,100.0,0.0,0.0,0.0,0,0,0,0,0,2,0,0,0,False,False,False,False
PhonePe,2022-08-22,2022-08-28,1,1.0,,100.0,100.0,0.0,-0.882,0.0,83.0,1,1,0,0.0,0.0,0.0,0.0,0.0,0.0,0.0,0.0,0.0,0,0,0,0,0,0,0,0,0,False,False,False,False
PhonePe,2022-08-29,2022-09-04,2,1.0,0.0,100.0,100.0,50.0,-0.556,0.5,65.0,2,2,1,0.0,0.0,0.0,0.0,50.0,0.0,0.0,0.0,0.0,0,0,0,0,1,0,0,0,0,False,False,False,False
PhonePe,2022-09-05,2022-09-11,3,1.0,0.0,100.0,100.0,66.667,-0.917,0.667,62.0,3,3,2,0.0,0.0,0.0,0.0,0.0,33.333,0.0,0.0,33.333,0,0,0,0,0,1,0,0,1,False,False,False,False
PhonePe,2022-09-12,2022-09-18,1,1.0,,100.0,0.0,0.0,0.166,0.0,90.0,1,0,0,0.0,0.0,0.0,0.0,0.0,0.0,0.0,0.0,0.0,0,0,0,0,0,0,0,0,0,False,False,False,False
PhonePe,2022-09-19,2022-09-25,2,1.0,0.0,100.0,100.0,50.0,-0.566,0.5,77.5,2,2,1,0.0,0.0,0.0,0.0,0.0,50.0,0.0,0.0,0.0,0,0,0,0,0,1,0,0,0,False,False,False,False
PhonePe,2022-09-26,2022-10-02,3,1.667,1.155,66.667,33.333,33.333,-0.077,0.333,68.0,2,1,1,0.0,0.0,0.0,0.0,0.0,33.333,0.0,0.0,0.0,0,0,0,0,0,1,0,0,0,False,False,False,False
PhonePe,2022-10-03,2022-10-09,3,1.333,0.577,100.0,66.667,66.667,-0.172,0.667,69.0,3,2,2,0.0,0.0,0.0,0.0,0.0,33.333,33.333,0.0,0.0,0,0,0,0,0,1,1,0,0,False,False,False,False
PhonePe,2022-10-10,2022-10-16,4,1.75,1.5,75.0,100.0,75.0,-0.416,0.75,63.0,3,4,3,0.0,25.0,0.0,0.0,0.0,0.0,0.0,0.0,50.0,0,1,0,0,0,0,0,0,2,False,False,False,False
PhonePe,2022-10-17,2022-10-23,2,1.0,0.0,100.0,100.0,50.0,-0.847,1.0,72.5,2,2,1,0.0,0.0,0.0,0.0,0.0,50.0,0.0,50.0,0.0,0,0,0,0,0,1,0,1,0,False,False,False,False
PhonePe,2022-10-24,2022-10-30,2,1.0,0.0,100.0,0.0,100.0,0.448,1.5,87.5,2,0,2,0.0,0.0,0.0,0.0,0.0,100.0,50.0,0.0,0.0,0,0,0,0,0,2,1,0,0,False,False,False,False
PhonePe,2022-10-31,2022-11-06,1,4.0,,0.0,0.0,0.0,0.91,0.0,63.0,0,0,0,0.0,0.0,0.0,0.0,0.0,0.0,0.0,0.0,0.0,0,0,0,0,0,0,0,0,0,False,False,False,False
PhonePe,2022-11-07,2022-11-13,0,,,,,,,,,0,0,0,,,,,,,,,,0,0,0,0,0,0,0,0,0,False,False,False,False
PhonePe,2022-11-14,2022-11-20,0,,,,,,,,,0,0,0,,,,,,,,,,0,0,0,0,0,0,0,0,0,False,False,False,False
PhonePe,2022-11-21,2022-11-27,2,1.5,0.707,100.0,100.0,0.0,-0.645,0.0,85.5,2,2,0,0.0,0.0,0.0,0.0,0.0,0.0,0.0,0.0,0.0,0,0,0,0,0,0,0,0,0,False,False,False,False
PhonePe,2022-11-28,2022-12-04,2,1.0,0.0,100.0,100.0,100.0,-0.81,1.0,71.5,2,2,2,0.0,50.0,0.0,0.0,0.0,0.0,0.0,0.0,50.0,0,1,0,0,0,0,0,0,1,False,False,False,False
PhonePe,2022-12-05,2022-12-11,3,1.667,0.577,100.0,33.333,33.333,0.288,0.333,84.0,3,1,1,0.0,33.333,0.0,0.0,0.0,0.0,0.0,0.0,0.0,0,1,0,0,0,0,0,0,0,False,False,False,False
PhonePe,2022-12-12,2022-12-18,0,,,,,,,,,0,0,0,,,,,,,,,,0,0,0,0,0,0,0,0,0,False,False,False,False
PhonePe,2022-12-19,2022-12-25,0,,,,,,,,,0,0,0,,,,,,,,,,0,0,0,0,0,0,0,0,0,False,False,False,False
PhonePe,2022-12-26,2023-01-01,3,1.333,0.577,100.0,100.0,33.333,-0.236,0.333,83.0,3,3,1,0.0,0.0,0.0,0.0,0.0,33.333,0.0,0.0,0.0,0,0,0,0,0,1,0,0,0,False,False,False,False
PhonePe,2023-01-02,2023-01-08,0,,,,,,,,,0,0,0,,,,,,,,,,0,0,0,0,0,0,0,0,0,False,False,False,False
PhonePe,2023-01-09,2023-01-15,2,1.5,0.707,100.0,0.0,50.0,0.898,1.0,86.0,2,0,1,0.0,0.0,0.0,0.0,50.0,50.0,0.0,0.0,0.0,0,0,0,0,1,1,0,0,0,False,False,False,False
PhonePe,2023-01-16,2023-01-22,1,1.0,,100.0,100.0,0.0,-0.899,0.0,69.0,1,1,0,0.0,0.0,0.0,0.0,0.0,0.0,0.0,0.0,0.0,0,0,0,0,0,0,0,0,0,False,False,False,False
PhonePe,2023-01-23,2023-01-29,0,,,,,,,,,0,0,0,,,,,,,,,,0,0,0,0,0,0,0,0,0,False,False,False,False
PhonePe,2023-01-30,2023-02-05,4,1.25,0.5,100.0,100.0,50.0,-0.509,0.5,72.0,4,4,2,0.0,0.0,0.0,0.0,0.0,50.0,0.0,0.0,0.0,0,0,0,0,0,2,0,0,0,False,False,False,False
PhonePe,2023-02-06,2023-02-12,2,1.0,0.0,100.0,50.0,50.0,-0.2,1.0,69.0,2,1,1,0.0,50.0,0.0,0.0,0.0,50.0,0.0,0.0,0.0,0,1,0,0,0,1,0,0,0,False,False,False,False
PhonePe,2023-02-13,2023-02-19,1,4.0,,0.0,0.0,100.0,0.806,1.0,82.0,0,0,1,100.0,0.0,0.0,0.0,0.0,0.0,0.0,0.0,0.0,1,0,0,0,0,0,0,0,0,False,False,False,False
PhonePe,2023-02-20,2023-02-26,5,1.0,0.0,100.0,100.0,40.0,-0.781,0.4,74.0,5,5,2,20.0,0.0,0.0,0.0,0.0,20.0,0.0,0.0,0.0,1,0,0,0,0,1,0,0,0,False,False,False,False
PhonePe,2023-02-27,2023-03-05,4,2.75,1.708,50.0,0.0,75.0,0.614,1.0,81.5,2,0,3,0.0,0.0,0.0,0.0,50.0,0.0,0.0,0.0,50.0,0,0,0,0,2,0,0,0,2,False,False,False,False
PhonePe,2023-03-06,2023-03-12,1,1.0,,100.0,100.0,100.0,-0.79,1.0,68.0,1,1,1,0.0,0.0,0.0,0.0,0.0,0.0,0.0,0.0,100.0,0,0,0,0,0,0,0,0,1,False,False,False,False
PhonePe,2023-03-13,2023-03-19,1,1.0,,100.0,100.0,100.0,-0.9,1.0,80.0,1,1,1,0.0,0.0,0.0,0.0,0.0,100.0,0.0,0.0,0.0,0,0,0,0,0,1,0,0,0,False,False,False,False
PhonePe,2023-03-20,2023-03-26,0,,,,,,,,,0,0,0,,,,,,,,,,0,0,0,0,0,0,0,0,0,False,False,False,False
PhonePe,2023-03-27,2023-04-02,2,1.5,0.707,100.0,50.0,50.0,0.101,0.5,65.5,2,1,1,50.0,0.0,0.0,0.0,0.0,0.0,0.0,0.0,0.0,1,0,0,0,0,0,0,0,0,False,False,False,False
PhonePe,2023-04-03,2023-04-09,3,2.0,1.732,66.667,66.667,66.667,-0.291,0.667,63.0,2,2,2,0.0,0.0,0.0,0.0,0.0,33.333,0.0,33.333,0.0,0,0,0,0,0,1,0,1,0,False,False,False,False
PhonePe,2023-04-10,2023-04-16,0,,,,,,,,,0,0,0,,,,,,,,,,0,0,0,0,0,0,0,0,0,False,False,False,False
PhonePe,2023-04-17,2023-04-23,1,1.0,,100.0,0.0,0.0,0.933,0.0,100.0,1,0,0,0.0,0.0,0.0,0.0,0.0,0.0,0.0,0.0,0.0,0,0,0,0,0,0,0,0,0,False,False,False,False
PhonePe,2023-04-24,2023-04-30,0,,,,,,,,,0,0,0,,,,,,,,,,0,0,0,0,0,0,0,0,0,False,False,False,False
PhonePe,2023-05-01,2023-05-07,1,2.0,,100.0,0.0,0.0,0.723,0.0,88.0,1,0,0,0.0,0.0,0.0,0.0,0.0,0.0,0.0,0.0,0.0,0,0,0,0,0,0,0,0,0,False,False,False,False
PhonePe,2023-05-08,2023-05-14,1,4.0,,0.0,0.0,0.0,0.42,0.0,63.0,0,0,0,0.0,0.0,0.0,0.0,0.0,0.0,0.0,0.0,0.0,0,0,0,0,0,0,0,0,0,False,False,False,False
PhonePe,2023-05-15,2023-05-21,1,1.0,,100.0,100.0,100.0,-0.898,2.0,72.0,1,1,1,0.0,0.0,0.0,0.0,100.0,100.0,0.0,0.0,0.0,0,0,0,0,1,1,0,0,0,False,False,False,False
PhonePe,2023-05-22,2023-05-28,1,1.0,,100.0,0.0,100.0,0.691,1.0,56.0,1,0,1,0.0,0.0,0.0,0.0,0.0,100.0,0.0,0.0,0.0,0,0,0,0,0,1,0,0,0,False,False,False,False
PhonePe,2023-05-29,2023-06-04,1,1.0,,100.0,100.0,100.0,-0.838,1.0,80.0,1,1,1,0.0,100.0,0.0,0.0,0.0,0.0,0.0,0.0,0.0,0,1,0,0,0,0,0,0,0,False,False,False,False
PhonePe,2023-06-05,2023-06-11,0,,,,,,,,,0,0,0,,,,,,,,,,0,0,0,0,0,0,0,0,0,False,False,False,False
PhonePe,2023-06-12,2023-06-18,1,1.0,,100.0,100.0,0.0,-0.914,0.0,70.0,1,1,0,0.0,0.0,0.0,0.0,0.0,0.0,0.0,0.0,0.0,0,0,0,0,0,0,0,0,0,False,False,False,False
PhonePe,2023-06-19,2023-06-25,0,,,,,,,,,0,0,0,,,,,,,,,,0,0,0,0,0,0,0,0,0,False,False,False,False
PhonePe,2023-06-26,2023-07-02,1,1.0,,100.0,0.0,0.0,0.147,0.0,82.0,1,0,0,0.0,0.0,0.0,0.0,0.0,0.0,0.0,0.0,0.0,0,0,0,0,0,0,0,0,0,False,False,False,False
PhonePe,2023-07-03,2023-07-09,1,1.0,,100.0,100.0,100.0,-0.883,1.0,68.0,1,1,1,0.0,100.0,0.0,0.0,0.0,0.0,0.0,0.0,0.0,0,1,0,0,0,0,0,0,0,False,False,False,False
PhonePe,2023-07-10,2023-07-16,1,5.0,,0.0,0.0,0.0,0.971,0.0,69.0,0,0,0,0.0,0.0,0.0,0.0,0.0,0.0,0.0,0.0,0.0,0,0,0,0,0,0,0,0,0,False,False,False,False
PhonePe,2023-07-17,2023-07-23,1,1.0,,100.0,100.0,100.0,-0.273,2.0,68.0,1,1,1,0.0,100.0,0.0,0.0,0.0,100.0,0.0,0.0,0.0,0,1,0,0,0,1,0,0,0,False,False,False,False
PhonePe,2023-07-24,2023-07-30,0,,,,,,,,,0,0,0,,,,,,,,,,0,0,0,0,0,0,0,0,0,False,False,False,False
PhonePe,2023-07-31,2023-08-06,1,1.0,,100.0,0.0,100.0,0.24,2.0,82.0,1,0,1,0.0,100.0,0.0,0.0,0.0,100.0,0.0,0.0,0.0,0,1,0,0,0,1,0,0,0,False,False,False,False
PhonePe,2023-08-07,2023-08-13,1,1.0,,100.0,0.0,0.0,0.743,0.0,82.0,1,0,0,0.0,0.0,0.0,0.0,0.0,0.0,0.0,0.0,0.0,0,0,0,0,0,0,0,0,0,False,False,False,False
PhonePe,2023-08-14,2023-08-20,1,2.0,,100.0,100.0,0.0,-0.077,0.0,93.0,1,1,0,0.0,0.0,0.0,0.0,0.0,0.0,0.0,0.0,0.0,0,0,0,0,0,0,0,0,0,False,False,False,False
PhonePe,2023-08-21,2023-08-27,2,1.5,0.707,100.0,50.0,0.0,0.22,0.0,72.5,2,1,0,0.0,0.0,0.0,0.0,0.0,0.0,0.0,0.0,0.0,0,0,0,0,0,0,0,0,0,False,False,False,False
PhonePe,2023-08-28,2023-09-03,0,,,,,,,,,0,0,0,,,,,,,,,,0,0,0,0,0,0,0,0,0,False,False,False,False
PhonePe,2023-09-04,2023-09-10,1,1.0,,100.0,100.0,0.0,-0.814,0.0,64.0,1,1,0,0.0,0.0,0.0,0.0,0.0,0.0,0.0,0.0,0.0,0,0,0,0,0,0,0,0,0,False,False,False,False
PhonePe,2023-09-11,2023-09-17,1,1.0,,100.0,0.0,100.0,0.0,1.0,67.0,1,0,1,0.0,0.0,0.0,0.0,0.0,100.0,0.0,0.0,0.0,0,0,0,0,0,1,0,0,0,False,False,False,False
PhonePe,2023-09-18,2023-09-24,1,1.0,,100.0,100.0,0.0,-0.906,0.0,55.0,1,1,0,0.0,0.0,0.0,0.0,0.0,0.0,0.0,0.0,0.0,0,0,0,0,0,0,0,0,0,False,False,False,False
PhonePe,2023-09-25,2023-10-01,1,4.0,,0.0,100.0,100.0,-0.603,1.0,68.0,0,1,1,0.0,0.0,0.0,0.0,0.0,0.0,0.0,0.0,100.0,0,0,0,0,0,0,0,0,1,False,False,False,False
PhonePe,2023-10-02,2023-10-08,1,1.0,,100.0,100.0,100.0,-0.466,2.0,90.0,1,1,1,0.0,0.0,0.0,0.0,0.0,100.0,100.0,0.0,0.0,0,0,0,0,0,1,1,0,0,False,False,False,False
PhonePe,2023-10-09,2023-10-15,1,1.0,,100.0,100.0,0.0,-0.611,0.0,56.0,1,1,0,0.0,0.0,0.0,0.0,0.0,0.0,0.0,0.0,0.0,0,0,0,0,0,0,0,0,0,False,False,False,False
PhonePe,2023-10-16,2023-10-22,0,,,,,,,,,0,0,0,,,,,,,,,,0,0,0,0,0,0,0,0,0,False,False,False,False
PhonePe,2023-10-23,2023-10-29,0,,,,,,,,,0,0,0,,,,,,,,,,0,0,0,0,0,0,0,0,0,False,False,False,False
PhonePe,2023-10-30,2023-11-05,1,2.0,,100.0,100.0,100.0,-0.078,1.0,71.0,1,1,1,0.0,0.0,0.0,0.0,0.0,0.0,0.0,0.0,100.0,0,0,0,0,0,0,0,0,1,False,False,False,False
PhonePe,2023-11-06,2023-11-12,0,,,,,,,,,0,0,0,,,,,,,,,,0,0,0,0,0,0,0,0,0,False,False,False,False
PhonePe,2023-11-13,2023-11-19,0,,,,,,,,,0,0,0,,,,,,,,,,0,0,0,0,0,0,0,0,0,False,False,False,False
PhonePe,2023-11-20,2023-11-26,2,1.0,0.0,100.0,100.0,100.0,-0.937,1.0,92.5,2,2,2,0.0,0.0,0.0,0.0,0.0,100.0,0.0,0.0,0.0,0,0,0,0,0,2,0,0,0,False,False,False,False
PhonePe,2023-11-27,2023-12-03,1,3.0,,0.0,0.0,0.0,0.572,0.0,85.0,0,0,0,0.0,0.0,0.0,0.0,0.0,0.0,0.0,0.0,0.0,0,0,0,0,0,0,0,0,0,False,False,False,False
PhonePe,2023-12-04,2023-12-10,1,1.0,,100.0,0.0,100.0,0.899,1.0,67.0,1,0,1,0.0,0.0,0.0,0.0,0.0,100.0,0.0,0.0,0.0,0,0,0,0,0,1,0,0,0,False,False,False,False
PhonePe,2023-12-11,2023-12-17,1,1.0,,100.0,0.0,100.0,0.899,1.0,69.0,1,0,1,0.0,0.0,0.0,0.0,0.0,100.0,0.0,0.0,0.0,0,0,0,0,0,1,0,0,0,False,False,False,False
PhonePe,2023-12-18,2023-12-24,0,,,,,,,,,0,0,0,,,,,,,,,,0,0,0,0,0,0,0,0,0,False,False,False,False
PhonePe,2023-12-25,2023-12-31,2,2.0,1.414,50.0,100.0,50.0,-0.711,0.5,72.0,1,2,1,0.0,0.0,0.0,0.0,0.0,50.0,0.0,0.0,0.0,0,0,0,0,0,1,0,0,0,False,False,False,False
PhonePe,2024-01-01,2024-01-07,0,,,,,,,,,0,0,0,,,,,,,,,,0,0,0,0,0,0,0,0,0,False,False,False,False
PhonePe,2024-01-08,2024-01-14,2,1.0,0.0,100.0,50.0,50.0,0.028,0.5,94.5,2,1,1,0.0,0.0,0.0,0.0,0.0,50.0,0.0,0.0,0.0,0,0,0,0,0,1,0,0,0,False,False,False,False
PhonePe,2024-01-15,2024-01-21,1,1.0,,100.0,0.0,100.0,0.289,3.0,86.0,1,0,1,100.0,100.0,0.0,0.0,0.0,100.0,0.0,0.0,0.0,1,1,0,0,0,1,0,0,0,False,False,False,False
PhonePe,2024-01-22,2024-01-28,0,,,,,,,,,0,0,0,,,,,,,,,,0,0,0,0,0,0,0,0,0,False,False,False,False
PhonePe,2024-01-29,2024-02-04,0,,,,,,,,,0,0,0,,,,,,,,,,0,0,0,0,0,0,0,0,0,False,False,False,False
PhonePe,2024-02-05,2024-02-11,2,3.5,0.707,0.0,0.0,50.0,0.443,0.5,76.0,0,0,1,0.0,0.0,0.0,0.0,0.0,0.0,0.0,0.0,50.0,0,0,0,0,0,0,0,0,1,False,False,False,False
PhonePe,2024-02-12,2024-02-18,4,1.0,0.0,100.0,75.0,100.0,-0.429,1.75,66.5,4,3,4,25.0,50.0,25.0,0.0,0.0,75.0,0.0,0.0,0.0,1,2,1,0,0,3,0,0,0,False,False,False,False
PhonePe,2024-02-19,2024-02-25,0,,,,,,,,,0,0,0,,,,,,,,,,0,0,0,0,0,0,0,0,0,False,False,False,False
PhonePe,2024-02-26,2024-03-03,1,1.0,,100.0,0.0,100.0,0.936,1.0,64.0,1,0,1,0.0,0.0,0.0,0.0,0.0,100.0,0.0,0.0,0.0,0,0,0,0,0,1,0,0,0,False,False,False,False
PhonePe,2024-03-04,2024-03-10,0,,,,,,,,,0,0,0,,,,,,,,,,0,0,0,0,0,0,0,0,0,False,False,False,False
PhonePe,2024-03-11,2024-03-17,1,1.0,,100.0,100.0,0.0,-0.178,0.0,69.0,1,1,0,0.0,0.0,0.0,0.0,0.0,0.0,0.0,0.0,0.0,0,0,0,0,0,0,0,0,0,False,False,False,False
PhonePe,2024-03-18,2024-03-24,0,,,,,,,,,0,0,0,,,,,,,,,,0,0,0,0,0,0,0,0,0,False,False,False,False
PhonePe,2024-03-25,2024-03-31,2,3.0,1.414,50.0,50.0,50.0,0.374,1.5,76.0,1,1,1,50.0,0.0,0.0,0.0,0.0,50.0,0.0,0.0,50.0,1,0,0,0,0,1,0,0,1,False,False,False,False
PhonePe,2024-04-01,2024-04-07,0,,,,,,,,,0,0,0,,,,,,,,,,0,0,0,0,0,0,0,0,0,False,False,False,False
PhonePe,2024-04-08,2024-04-14,0,,,,,,,,,0,0,0,,,,,,,,,,0,0,0,0,0,0,0,0,0,False,False,False,False
PhonePe,2024-04-15,2024-04-21,0,,,,,,,,,0,0,0,,,,,,,,,,0,0,0,0,0,0,0,0,0,False,False,False,False
PhonePe,2024-04-22,2024-04-28,1,1.0,,100.0,100.0,100.0,-0.521,3.0,59.0,1,1,1,0.0,100.0,0.0,0.0,100.0,100.0,0.0,0.0,0.0,0,1,0,0,1,1,0,0,0,False,False,False,False
PhonePe,2024-04-29,2024-05-05,1,1.0,,100.0,100.0,100.0,-0.751,1.0,83.0,1,1,1,0.0,0.0,0.0,0.0,0.0,100.0,0.0,0.0,0.0,0,0,0,0,0,1,0,0,0,False,False,False,False
PhonePe,2024-05-06,2024-05-12,1,1.0,,100.0,100.0,100.0,-0.728,1.0,98.0,1,1,1,0.0,0.0,0.0,0.0,0.0,100.0,0.0,0.0,0.0,0,0,0,0,0,1,0,0,0,False,False,False,False
PhonePe,2024-05-13,2024-05-19,0,,,,,,,,,0,0,0,,,,,,,,,,0,0,0,0,0,0,0,0,0,False,False,False,False
PhonePe,2024-05-20,2024-05-26,1,1.0,,100.0,100.0,100.0,-0.459,1.0,57.0,1,1,1,0.0,100.0,0.0,0.0,0.0,0.0,0.0,0.0,0.0,0,1,0,0,0,0,0,0,0,False,False,False,False
PhonePe,2024-05-27,2024-06-02,1,1.0,,100.0,100.0,0.0,-0.381,0.0,55.0,1,1,0,0.0,0.0,0.0,0.0,0.0,0.0,0.0,0.0,0.0,0,0,0,0,0,0,0,0,0,False,False,False,False
PhonePe,2024-06-03,2024-06-09,1,1.0,,100.0,0.0,100.0,0.29,1.0,83.0,1,0,1,0.0,0.0,0.0,0.0,0.0,100.0,0.0,0.0,0.0,0,0,0,0,0,1,0,0,0,False,False,False,False
PhonePe,2024-06-10,2024-06-16,4,2.75,2.062,50.0,50.0,75.0,0.176,0.75,85.0,2,2,3,25.0,0.0,0.0,0.0,25.0,25.0,0.0,0.0,0.0,1,0,0,0,1,1,0,0,0,False,False,False,False
PhonePe,2024-06-17,2024-06-23,0,,,,,,,,,0,0,0,,,,,,,,,,0,0,0,0,0,0,0,0,0,False,False,False,False
PhonePe,2024-06-24,2024-06-30,0,,,,,,,,,0,0,0,,,,,,,,,,0,0,0,0,0,0,0,0,0,False,False,False,False
PhonePe,2024-07-01,2024-07-07,3,2.333,2.309,66.667,0.0,33.333,0.695,0.333,64.0,2,0,1,33.333,0.0,0.0,0.0,0.0,0.0,0.0,0.0,0.0,1,0,0,0,0,0,0,0,0,False,False,False,False
PhonePe,2024-07-08,2024-07-14,0,,,,,,,,,0,0,0,,,,,,,,,,0,0,0,0,0,0,0,0,0,False,False,False,False
PhonePe,2024-07-15,2024-07-21,4,1.0,0.0,100.0,75.0,100.0,-0.514,1.75,62.0,4,3,4,75.0,50.0,0.0,0.0,0.0,50.0,0.0,0.0,0.0,3,2,0,0,0,2,0,0,0,False,False,False,False
PhonePe,2024-07-22,2024-07-28,2,1.0,0.0,100.0,100.0,50.0,-0.887,1.5,82.5,2,2,1,50.0,0.0,0.0,0.0,0.0,50.0,0.0,0.0,50.0,1,0,0,0,0,1,0,0,1,False,False,False,False
PhonePe,2024-07-29,2024-08-04,0,,,,,,,,,0,0,0,,,,,,,,,,0,0,0,0,0,0,0,0,0,False,False,False,False
PhonePe,2024-08-05,2024-08-11,0,,,,,,,,,0,0,0,,,,,,,,,,0,0,0,0,0,0,0,0,0,False,False,False,False
PhonePe,2024-08-12,2024-08-18,0,,,,,,,,,0,0,0,,,,,,,,,,0,0,0,0,0,0,0,0,0,False,False,False,False
PhonePe,2024-08-19,2024-08-25,0,,,,,,,,,0,0,0,,,,,,,,,,0,0,0,0,0,0,0,0,0,False,False,False,False
PhonePe,2024-08-26,2024-09-01,1,1.0,,100.0,100.0,100.0,-0.686,2.0,82.0,1,1,1,0.0,100.0,0.0,0.0,0.0,100.0,0.0,0.0,0.0,0,1,0,0,0,1,0,0,0,False,False,False,False
PhonePe,2024-09-02,2024-09-08,0,,,,,,,,,0,0,0,,,,,,,,,,0,0,0,0,0,0,0,0,0,False,False,False,False
PhonePe,2024-09-09,2024-09-15,0,,,,,,,,,0,0,0,,,,,,,,,,0,0,0,0,0,0,0,0,0,False,False,False,False
PhonePe,2024-09-16,2024-09-22,1,1.0,,100.0,100.0,100.0,-0.43,3.0,85.0,1,1,1,0.0,0.0,0.0,0.0,100.0,100.0,0.0,100.0,0.0,0,0,0,0,1,1,0,1,0,False,False,False,False
PhonePe,2024-09-23,2024-09-29,2,1.5,0.707,100.0,50.0,100.0,-0.107,1.0,80.0,2,1,2,0.0,0.0,0.0,0.0,0.0,50.0,50.0,0.0,0.0,0,0,0,0,0,1,1,0,0,False,False,False,False
PhonePe,2024-09-30,2024-10-06,3,1.667,0.577,100.0,0.0,33.333,0.184,0.333,64.0,3,0,1,0.0,0.0,0.0,0.0,0.0,0.0,0.0,33.333,0.0,0,0,0,0,0,0,0,1,0,False,False,False,False
PhonePe,2024-10-07,2024-10-13,1,1.0,,100.0,100.0,100.0,-0.477,1.0,79.0,1,1,1,0.0,100.0,0.0,0.0,0.0,0.0,0.0,0.0,0.0,0,1,0,0,0,0,0,0,0,False,False,False,False
PhonePe,2024-10-14,2024-10-20,0,,,,,,,,,0,0,0,,,,,,,,,,0,0,0,0,0,0,0,0,0,False,False,False,False
PhonePe,2024-10-21,2024-10-27,1,5.0,,0.0,0.0,100.0,0.74,1.0,52.0,0,0,1,0.0,0.0,100.0,0.0,0.0,0.0,0.0,0.0,0.0,0,0,1,0,0,0,0,0,0,False,False,False,False
PhonePe,2024-10-28,2024-11-03,2,1.0,0.0,100.0,50.0,50.0,-0.233,0.5,80.0,2,1,1,0.0,50.0,0.0,0.0,0.0,0.0,0.0,0.0,0.0,0,1,0,0,0,0,0,0,0,False,False,False,False
PhonePe,2024-11-04,2024-11-10,2,1.0,0.0,100.0,50.0,50.0,-0.047,0.5,88.5,2,1,1,0.0,0.0,0.0,0.0,0.0,50.0,0.0,0.0,0.0,0,0,0,0,0,1,0,0,0,False,False,False,False
PhonePe,2024-11-11,2024-11-17,1,4.0,,0.0,0.0,0.0,0.746,0.0,65.0,0,0,0,0.0,0.0,0.0,0.0,0.0,0.0,0.0,0.0,0.0,0,0,0,0,0,0,0,0,0,False,False,False,False
PhonePe,2024-11-18,2024-11-24,0,,,,,,,,,0,0,0,,,,,,,,,,0,0,0,0,0,0,0,0,0,False,False,False,False
PhonePe,2024-11-25,2024-12-01,1,5.0,,0.0,0.0,100.0,0.969,2.0,64.0,0,0,1,0.0,0.0,0.0,0.0,0.0,100.0,0.0,0.0,100.0,0,0,0,0,0,1,0,0,1,False,False,False,False
PhonePe,2024-12-02,2024-12-08,0,,,,,,,,,0,0,0,,,,,,,,,,0,0,0,0,0,0,0,0,0,False,False,False,False
PhonePe,2024-12-09,2024-12-15,1,1.0,,100.0,100.0,100.0,-0.203,1.0,59.0,1,1,1,0.0,0.0,0.0,0.0,0.0,100.0,0.0,0.0,0.0,0,0,0,0,0,1,0,0,0,False,False,False,False
PhonePe,2024-12-16,2024-12-22,0,,,,,,,,,0,0,0,,,,,,,,,,0,0,0,0,0,0,0,0,0,False,False,False,False
PhonePe,2024-12-23,2024-12-29,0,,,,,,,,,0,0,0,,,,,,,,,,0,0,0,0,0,0,0,0,0,False,False,False,False
PhonePe,2024-12-30,2025-01-05,0,,,,,,,,,0,0,0,,,,,,,,,,0,0,0,0,0,0,0,0,0,False,False,False,False
PhonePe,2025-01-06,2025-01-12,0,,,,,,,,,0,0,0,,,,,,,,,,0,0,0,0,0,0,0,0,0,False,False,False,False
PhonePe,2025-01-13,2025-01-19,1,1.0,,100.0,100.0,100.0,-0.566,2.0,71.0,1,1,1,100.0,0.0,100.0,0.0,0.0,0.0,0.0,0.0,0.0,1,0,1,0,0,0,0,0,0,False,False,False,False
PhonePe,2025-01-20,2025-01-26,1,1.0,,100.0,100.0,100.0,-0.839,2.0,82.0,1,1,1,0.0,100.0,0.0,0.0,0.0,100.0,0.0,0.0,0.0,0,1,0,0,0,1,0,0,0,False,False,False,False
PhonePe,2025-01-27,2025-02-02,0,,,,,,,,,0,0,0,,,,,,,,,,0,0,0,0,0,0,0,0,0,False,False,False,False
PhonePe,2025-02-03,2025-02-09,0,,,,,,,,,0,0,0,,,,,,,,,,0,0,0,0,0,0,0,0,0,False,False,False,False
PhonePe,2025-02-10,2025-02-16,0,,,,,,,,,0,0,0,,,,,,,,,,0,0,0,0,0,0,0,0,0,False,False,False,False
PhonePe,2025-02-17,2025-02-23,1,5.0,,0.0,0.0,0.0,0.96,0.0,72.0,0,0,0,0.0,0.0,0.0,0.0,0.0,0.0,0.0,0.0,0.0,0,0,0,0,0,0,0,0,0,False,False,False,False
PhonePe,2025-02-24,2025-03-02,0,,,,,,,,,0,0,0,,,,,,,,,,0,0,0,0,0,0,0,0,0,False,False,False,False
PhonePe,2025-03-03,2025-03-09,1,5.0,,0.0,0.0,0.0,0.918,0.0,95.0,0,0,0,0.0,0.0,0.0,0.0,0.0,0.0,0.0,0.0,0.0,0,0,0,0,0,0,0,0,0,False,False,False,False
PhonePe,2025-03-10,2025-03-16,3,2.333,2.309,66.667,33.333,33.333,0.268,0.333,62.0,2,1,1,0.0,0.0,0.0,0.0,0.0,0.0,0.0,0.0,33.333,0,0,0,0,0,0,0,0,1,False,False,False,False
PhonePe,2025-03-17,2025-03-23,2,2.5,2.121,50.0,100.0,0.0,-0.431,0.0,75.0,1,2,0,0.0,0.0,0.0,0.0,0.0,0.0,0.0,0.0,0.0,0,0,0,0,0,0,0,0,0,False,False,False,False
PhonePe,2025-03-24,2025-03-30,1,2.0,,100.0,0.0,100.0,0.874,1.0,87.0,1,0,1,0.0,0.0,0.0,0.0,0.0,0.0,100.0,0.0,0.0,0,0,0,0,0,0,1,0,0,False,False,False,False
PhonePe,2025-03-31,2025-04-06,1,1.0,,100.0,0.0,100.0,0.734,1.0,77.0,1,0,1,0.0,0.0,0.0,0.0,0.0,0.0,0.0,0.0,100.0,0,0,0,0,0,0,0,0,1,False,False,False,False
PhonePe,2025-04-07,2025-04-13,0,,,,,,,,,0,0,0,,,,,,,,,,0,0,0,0,0,0,0,0,0,False,False,False,False
PhonePe,2025-04-14,2025-04-20,0,,,,,,,,,0,0,0,,,,,,,,,,0,0,0,0,0,0,0,0,0,False,False,False,False
PhonePe,2025-04-21,2025-04-27,0,,,,,,,,,0,0,0,,,,,,,,,,0,0,0,0,0,0,0,0,0,False,False,False,False
PhonePe,2025-04-28,2025-05-04,1,1.0,,100.0,0.0,100.0,0.668,1.0,72.0,1,0,1,0.0,0.0,0.0,0.0,0.0,100.0,0.0,0.0,0.0,0,0,0,0,0,1,0,0,0,False,False,False,False
PhonePe,2025-05-05,2025-05-11,0,,,,,,,,,0,0,0,,,,,,,,,,0,0,0,0,0,0,0,0,0,False,False,False,False
PhonePe,2025-05-12,2025-05-18,0,,,,,,,,,0,0,0,,,,,,,,,,0,0,0,0,0,0,0,0,0,False,False,False,False
PhonePe,2025-05-19,2025-05-25,0,,,,,,,,,0,0,0,,,,,,,,,,0,0,0,0,0,0,0,0,0,False,False,False,False
PhonePe,2025-05-26,2025-06-01,0,,,,,,,,,0,0,0,,,,,,,,,,0,0,0,0,0,0,0,0,0,False,False,False,False
PhonePe,2025-06-02,2025-06-08,0,,,,,,,,,0,0,0,,,,,,,,,,0,0,0,0,0,0,0,0,0,False,False,False,False
PhonePe,2025-06-09,2025-06-15,1,2.0,,100.0,100.0,100.0,-0.896,2.0,77.0,1,1,1,100.0,0.0,0.0,0.0,0.0,100.0,0.0,0.0,0.0,1,0,0,0,0,1,0,0,0,False,False,False,False
PhonePe,2025-06-16,2025-06-22,0,,,,,,,,,0,0,0,,,,,,,,,,0,0,0,0,0,0,0,0,0,False,False,False,False
PhonePe,2025-06-23,2025-06-29,0,,,,,,,,,0,0,0,,,,,,,,,,0,0,0,0,0,0,0,0,0,False,False,False,False
PhonePe,2025-06-30,2025-07-06,0,,,,,,,,,0,0,0,,,,,,,,,,0,0,0,0,0,0,0,0,0,False,False,False,False
PhonePe,2025-07-07,2025-07-13,0,,,,,,,,,0,0,0,,,,,,,,,,0,0,0,0,0,0,0,0,0,False,False,False,False
PhonePe,2025-07-14,2025-07-20,1,1.0,,100.0,0.0,0.0,0.867,0.0,81.0,1,0,0,0.0,0.0,0.0,0.0,0.0,0.0,0.0,0.0,0.0,0,0,0,0,0,0,0,0,0,False,False,False,False
PhonePe,2025-07-21,2025-07-27,2,3.0,0.0,0.0,50.0,50.0,0.111,0.5,82.0,0,1,1,0.0,0.0,0.0,0.0,0.0,0.0,50.0,0.0,0.0,0,0,0,0,0,0,1,0,0,False,False,False,False
PhonePe,2025-07-28,2025-08-03,1,5.0,,0.0,0.0,100.0,0.978,3.0,79.0,0,0,1,100.0,0.0,0.0,0.0,0.0,100.0,0.0,0.0,100.0,1,0,0,0,0,1,0,0,1,False,False,False,False
PhonePe,2025-08-04,2025-08-10,0,,,,,,,,,0,0,0,,,,,,,,,,0,0,0,0,0,0,0,0,0,False,False,False,False
PhonePe,2025-08-11,2025-08-17,1,4.0,,0.0,0.0,0.0,0.262,0.0,73.0,0,0,0,0.0,0.0,0.0,0.0,0.0,0.0,0.0,0.0,0.0,0,0,0,0,0,0,0,0,0,False,False,False,False
PhonePe,2025-08-18,2025-08-24,0,,,,,,,,,0,0,0,,,,,,,,,,0,0,0,0,0,0,0,0,0,False,False,False,False
PhonePe,2025-08-25,2025-08-31,0,,,,,,,,,0,0,0,,,,,,,,,,0,0,0,0,0,0,0,0,0,False,False,False,False
PhonePe,2025-09-01,2025-09-07,2,1.5,0.707,100.0,50.0,100.0,-0.064,1.5,75.5,2,1,2,0.0,50.0,0.0,0.0,0.0,100.0,0.0,0.0,0.0,0,1,0,0,0,2,0,0,0,False,False,False,False
PhonePe,2025-09-08,2025-09-14,0,,,,,,,,,0,0,0,,,,,,,,,,0,0,0,0,0,0,0,0,0,False,False,False,False
PhonePe,2025-09-15,2025-09-21,0,,,,,,,,,0,0,0,,,,,,,,,,0,0,0,0,0,0,0,0,0,False,False,False,False
PhonePe,2025-09-22,2025-09-28,1,1.0,,100.0,100.0,100.0,-0.332,1.0,78.0,1,1,1,100.0,0.0,0.0,0.0,0.0,0.0,0.0,0.0,0.0,1,0,0,0,0,0,0,0,0,False,False,False,False
PhonePe,2025-09-29,2025-10-05,2,2.5,2.121,50.0,0.0,0.0,0.854,0.0,85.5,1,0,0,0.0,0.0,0.0,0.0,0.0,0.0,0.0,0.0,0.0,0,0,0,0,0,0,0,0,0,False,False,False,False
PhonePe,2025-10-06,2025-10-12,1,1.0,,100.0,0.0,0.0,0.911,0.0,76.0,1,0,0,0.0,0.0,0.0,0.0,0.0,0.0,0.0,0.0,0.0,0,0,0,0,0,0,0,0,0,False,False,False,False
PhonePe,2025-10-13,2025-10-19,0,,,,,,,,,0,0,0,,,,,,,,,,0,0,0,0,0,0,0,0,0,False,False,False,False
PhonePe,2025-10-20,2025-10-26,1,4.0,,0.0,0.0,0.0,0.475,0.0,75.0,0,0,0,0.0,0.0,0.0,0.0,0.0,0.0,0.0,0.0,0.0,0,0,0,0,0,0,0,0,0,False,False,False,False
PhonePe,2025-10-27,2025-11-02,1,5.0,,0.0,0.0,0.0,0.916,0.0,66.0,0,0,0,0.0,0.0,0.0,0.0,0.0,0.0,0.0,0.0,0.0,0,0,0,0,0,0,0,0,0,False,False,False,False
PhonePe,2025-11-03,2025-11-09,0,,,,,,,,,0,0,0,,,,,,,,,,0,0,0,0,0,0,0,0,0,False,False,False,False
PhonePe,2025-11-10,2025-11-16,0,,,,,,,,,0,0,0,,,,,,,,,,0,0,0,0,0,0,0,0,0,False,False,False,False
PhonePe,2025-11-17,2025-11-23,0,,,,,,,,,0,0,0,,,,,,,,,,0,0,0,0,0,0,0,0,0,False,False,False,False
PhonePe,2025-11-24,2025-11-30,0,,,,,,,,,0,0,0,,,,,,,,,,0,0,0,0,0,0,0,0,0,False,False,False,False
PhonePe,2025-12-01,2025-12-07,2,4.0,1.414,0.0,0.0,0.0,0.877,0.0,75.5,0,0,0,0.0,0.0,0.0,0.0,0.0,0.0,0.0,0.0,0.0,0,0,0,0,0,0,0,0,0,False,False,False,False
PhonePe,2025-12-08,2025-12-14,0,,,,,,,,,0,0,0,,,,,,,,,,0,0,0,0,0,0,0,0,0,False,False,False,False
PhonePe,2025-12-15,2025-12-21,0,,,,,,,,,0,0,0,,,,,,,,,,0,0,0,0,0,0,0,0,0,False,False,False,False
PhonePe,2025-12-22,2025-12-28,0,,,,,,,,,0,0,0,,,,,,,,,,0,0,0,0,0,0,0,0,0,False,False,False,False
PhonePe,2025-12-29,2026-01-04,0,,,,,,,,,0,0,0,,,,,,,,,,0,0,0,0,0,0,0,0,0,False,False,False,False
PhonePe,2026-01-05,2026-01-11,0,,,,,,,,,0,0,0,,,,,,,,,,0,0,0,0,0,0,0,0,0,False,False,False,False
PhonePe,2026-01-12,2026-01-18,0,,,,,,,,,0,0,0,,,,,,,,,,0,0,0,0,0,0,0,0,0,False,False,False,False
PhonePe,2026-01-19,2026-01-25,0,,,,,,,,,0,0,0,,,,,,,,,,0,0,0,0,0,0,0,0,0,False,False,False,False
PhonePe,2026-01-26,2026-02-01,0,,,,,,,,,0,0,0,,,,,,,,,,0,0,0,0,0,0,0,0,0,False,False,False,False
PhonePe,2026-02-02,2026-02-08,0,,,,,,,,,0,0,0,,,,,,,,,,0,0,0,0,0,0,0,0,0,False,False,False,False
PhonePe,2026-02-09,2026-02-15,0,,,,,,,,,0,0,0,,,,,,,,,,0,0,0,0,0,0,0,0,0,False,False,False,False
PhonePe,2026-02-16,2026-02-22,1,4.0,,0.0,0.0,0.0,0.977,0.0,84.0,0,0,0,0.0,0.0,0.0,0.0,0.0,0.0,0.0,0.0,0.0,0,0,0,0,0,0,0,0,0,False,False,False,False
PhonePe,2026-02-23,2026-03-01,0,,,,,,,,,0,0,0,,,,,,,,,,0,0,0,0,0,0,0,0,0,False,False,False,False
PhonePe,2026-03-02,2026-03-08,0,,,,,,,,,0,0,0,,,,,,,,,,0,0,0,0,0,0,0,0,0,False,False,False,False
PhonePe,2026-03-09,2026-03-15,0,,,,,,,,,0,0,0,,,,,,,,,,0,0,0,0,0,0,0,0,0,False,False,False,False
PhonePe,2026-03-16,2026-03-22,1,2.0,,100.0,100.0,100.0,-0.767,1.0,91.0,1,1,1,0.0,0.0,0.0,0.0,0.0,100.0,0.0,0.0,0.0,0,0,0,0,0,1,0,0,0,False,False,False,False
PhonePe,2026-03-23,2026-03-29,3,2.0,1.732,66.667,66.667,66.667,-0.108,1.0,69.0,2,2,2,33.333,0.0,33.333,0.0,33.333,0.0,0.0,0.0,0.0,1,0,1,0,1,0,0,0,0,False,False,False,False
PhonePe,2026-03-30,2026-04-05,19,2.579,1.774,57.895,26.316,47.368,0.305,0.526,60.0,11,5,9,5.263,0.0,0.0,0.0,0.0,26.316,10.526,0.0,10.526,1,0,0,0,0,5,2,0,2,False,False,False,False
PhonePe,2026-04-06,2026-04-12,22,2.727,1.723,45.455,40.909,54.545,0.148,0.591,42.0,10,9,12,13.636,18.182,4.545,0.0,0.0,9.091,0.0,9.091,4.545,3,4,1,0,0,2,0,2,1,False,False,False,False
PhonePe,2026-04-13,2026-04-19,22,2.0,1.633,72.727,31.818,50.0,0.071,0.773,39.5,16,7,11,4.545,9.091,0.0,0.0,9.091,27.273,9.091,13.636,4.545,1,2,0,0,2,6,2,3,1,False,False,False,False
PhonePe,2026-04-20,2026-04-26,48,2.312,1.69,62.5,50.0,41.667,-0.011,0.5,45.5,30,24,20,8.333,4.167,0.0,0.0,0.0,20.833,2.083,8.333,6.25,4,2,0,0,0,10,1,4,3,True,False,False,True
PhonePe,2026-04-27,2026-05-03,45,2.311,1.676,64.444,48.889,53.333,-0.015,0.644,38.0,29,22,24,6.667,13.333,2.222,0.0,2.222,22.222,2.222,11.111,4.444,3,6,1,0,1,10,1,5,2,True,False,False,True
PhonePe,2026-05-04,2026-05-10,54,1.981,1.584,72.222,55.556,51.852,-0.06,0.648,44.5,39,30,28,11.111,12.963,1.852,0.0,1.852,27.778,3.704,3.704,1.852,6,7,1,0,1,15,2,2,1,True,False,False,True
PhonePe,2026-05-11,2026-05-17,57,2.281,1.73,66.667,31.579,36.842,0.172,0.439,38.0,38,18,21,1.754,5.263,3.509,1.754,1.754,17.544,0.0,7.018,5.263,1,3,2,1,1,10,0,4,3,True,False,False,True
PhonePe,2026-05-18,2026-05-24,60,1.783,1.391,80.0,48.333,48.333,-0.059,0.7,41.5,48,29,29,11.667,10.0,1.667,0.0,1.667,25.0,3.333,10.0,6.667,7,6,1,0,1,15,2,6,4,True,False,False,True
PhonePe,2026-05-25,2026-05-31,38,2.684,1.71,52.632,26.316,39.474,0.202,0.421,39.0,20,10,15,10.526,2.632,0.0,0.0,0.0,10.526,5.263,5.263,7.895,4,1,0,0,0,4,2,2,3,True,False,False,True
PhonePe,2026-06-01,2026-06-07,62,2.516,1.706,54.839,46.774,46.774,0.058,0.581,44.0,34,29,29,8.065,8.065,0.0,0.0,3.226,17.742,1.613,12.903,6.452,5,5,0,0,2,11,1,8,4,True,False,False,True
PhonePe,2026-06-08,2026-06-14,74,2.243,1.686,66.216,43.243,51.351,0.022,0.676,36.5,49,32,38,9.459,5.405,0.0,0.0,5.405,22.973,8.108,10.811,5.405,7,4,0,0,4,17,6,8,4,True,False,False,True
PhonePe,2026-06-15,2026-06-21,71,1.915,1.461,73.239,57.746,42.254,-0.118,0.563,46.0,52,41,30,5.634,8.451,2.817,0.0,4.225,21.127,4.225,2.817,7.042,4,6,2,0,3,15,3,2,5,True,False,False,True
PhonePe,2026-06-22,2026-06-28,67,2.313,1.716,64.179,43.284,35.821,0.044,0.433,37.0,43,29,24,7.463,4.478,0.0,0.0,1.493,14.925,2.985,7.463,4.478,5,3,0,0,1,10,2,5,3,True,False,False,True
PhonePe,2026-06-29,2026-07-05,126,2.841,1.835,50.794,35.714,35.714,0.14,0.444,26.0,64,45,45,8.73,4.762,0.794,0.0,2.381,16.667,2.381,3.968,4.762,11,6,1,0,3,21,3,5,6,True,True,False,True
PhonePe,2026-07-06,2026-07-12,156,2.551,1.739,57.051,42.308,35.897,0.069,0.41,23.5,89,66,56,5.128,5.769,0.0,0.0,1.282,12.821,2.564,8.333,5.128,8,9,0,0,2,20,4,13,8,True,True,False,True
PhonePe,2026-07-13,2026-07-19,125,2.96,1.842,48.0,27.2,32.8,0.214,0.408,20.0,60,34,41,4.8,4.8,3.2,0.0,1.6,14.4,1.6,7.2,3.2,6,6,4,0,2,18,2,9,4,True,True,False,True
PhonePe,2026-07-20,2026-07-26,104,3.452,1.767,35.577,23.077,22.115,0.321,0.269,18.5,37,24,23,0.962,4.808,0.962,0.0,1.923,12.5,0.962,0.962,3.846,1,5,1,0,2,13,1,1,4,True,True,False,True
PhonePe,2026-07-27,2026-08-02,99,3.212,1.825,41.414,27.273,37.374,0.311,0.455,20.0,41,27,37,6.061,4.04,0.0,0.0,2.02,14.141,6.061,8.081,5.051,6,4,0,0,2,14,6,8,5,True,True,False,True
PhonePe,2026-08-03,2026-08-09,121,2.942,1.762,47.107,30.579,29.752,0.24,0.372,22.0,57,37,36,4.959,3.306,0.826,0.826,1.653,10.744,0.826,11.57,2.479,6,4,1,1,2,13,1,14,3,True,True,False,True
PhonePe,2026-08-10,2026-08-16,126,3.302,1.799,38.095,27.778,31.746,0.234,0.421,19.0,48,35,40,5.556,5.556,0.794,0.0,0.794,15.873,3.175,6.349,3.968,7,7,1,0,1,20,4,8,5,True,True,False,True
PhonePe,2026-08-17,2026-08-23,131,3.176,1.752,40.458,37.405,29.771,0.159,0.397,22.0,53,49,39,3.817,6.107,0.0,0.0,0.763,15.267,1.527,9.16,3.053,5,8,0,0,1,20,2,12,4,True,True,False,True
PhonePe,2026-08-24,2026-08-30,136,3.007,1.787,43.382,27.941,34.559,0.247,0.419,19.0,59,38,47,8.088,3.676,2.206,0.0,0.735,16.912,2.941,5.147,2.206,11,5,3,0,1,23,4,7,3,True,True,False,True
PhonePe,2026-08-31,2026-09-06,187,3.048,1.824,42.246,30.481,29.947,0.218,0.369,19.0,79,57,56,5.348,8.021,0.0,0.0,1.07,16.043,1.604,2.674,2.139,10,15,0,0,2,30,3,5,4,True,True,False,True
PhonePe,2026-09-07,2026-09-13,152,3.382,1.738,34.211,21.711,15.789,0.292,0.184,16.0,52,33,24,3.947,0.658,1.316,0.0,1.316,5.921,0.658,2.632,1.974,6,1,2,0,2,9,1,4,3,True,True,False,True
PhonePe,2026-09-14,2026-09-20,55,2.909,1.808,47.273,30.909,29.091,0.173,0.327,16.0,26,17,16,7.273,0.0,1.818,0.0,0.0,12.727,3.636,5.455,1.818,4,0,1,0,0,7,2,3,1,False,True,True,True
